kind,class,object_path,size_or_duration
material,Material,/Game/AbandonedPowerPlant/Materials/M_Decal_Master.M_Decal_Master,
material,Material,/Game/AbandonedPowerPlant/Materials/M_Generic.M_Generic,
material,Material,/Game/AbandonedPowerPlant/Materials/M_Glass.M_Glass,
material,Material,/Game/AbandonedPowerPlant/Materials/M_MasterSurface.M_MasterSurface,
material,Material,/Game/AbandonedPowerPlant/Materials/M_Master_Masked.M_Master_Masked,
material,Material,/Game/AbandonedPowerPlant/Materials/M_WeightedMaster.M_WeightedMaster,
material,Material,/Game/AbandonedPowerPlant/Materials/M_unsharpmask.M_unsharpmask,
material,Material,/Game/Characters/Mannequins/Materials/M_Mannequin.M_Mannequin,
material,Material,/Game/Construction_VOL1/Materials/Masters/MM_Background_01a.MM_Background_01a,
material,Material,/Game/Construction_VOL1/Materials/Masters/MM_Decal_01.MM_Decal_01,
material,Material,/Game/Construction_VOL1/Materials/Masters/MM_MasterMaterial_01.MM_MasterMaterial_01,
material,Material,/Game/Construction_VOL1/Materials/Masters/MM_PP_Sharpen.MM_PP_Sharpen,
material,Material,/Game/Construction_VOL1/Materials/Masters/MM_SkyBox.MM_SkyBox,
material,Material,/Game/DARC/Imported/Materials/M_4K_walllpaper_11.M_4K_walllpaper_11,
material,Material,/Game/DARC/Imported/Materials/M_Asphalt010_4K_JPG.M_Asphalt010_4K_JPG,
material,Material,/Game/DARC/Imported/Materials/M_Bark001_4K_JPG.M_Bark001_4K_JPG,
material,Material,/Game/DARC/Imported/Materials/M_Carpet012_4K_JPG.M_Carpet012_4K_JPG,
material,Material,/Game/DARC/Imported/Materials/M_Ekran_2.M_Ekran_2,
material,Material,/Game/DARC/Imported/Materials/M_Ground074_4K_JPG.M_Ground074_4K_JPG,
material,Material,/Game/DARC/Imported/Materials/M_Ground108_4K_JPG.M_Ground108_4K_JPG,
material,Material,/Game/DARC/Imported/Materials/M_ManholeCover05.M_ManholeCover05,
material,Material,/Game/DARC/Imported/Materials/M_ManholeCover05_4K.M_ManholeCover05_4K,
material,Material,/Game/DARC/Imported/Materials/M_Material_117_A.M_Material_117_A,
material,Material,/Game/DARC/Imported/Materials/M_Material_346_A.M_Material_346_A,
material,Material,/Game/DARC/Imported/Materials/M_Material_428_A.M_Material_428_A,
material,Material,/Game/DARC/Imported/Materials/M_OldIron01.M_OldIron01,
material,Material,/Game/DARC/Imported/Materials/M_OldIron01_4K.M_OldIron01_4K,
material,Material,/Game/DARC/Imported/Materials/M_Onyx015_4K_JPG.M_Onyx015_4K_JPG,
material,Material,/Game/DARC/Imported/Materials/M_Poliigon_GrassPatchyGround_4585.M_Poliigon_GrassPatchyGround_4585,
material,Material,/Game/DARC/Imported/Materials/M_T.M_T,
material,Material,/Game/DARC/Imported/Materials/M_asphalt_02.M_asphalt_02,
material,Material,/Game/DARC/Imported/Materials/M_brick_wall_006.M_brick_wall_006,
material,Material,/Game/DARC/Imported/Materials/M_concrete_layers.M_concrete_layers,
material,Material,/Game/DARC/Imported/Materials/M_concrete_wall_004.M_concrete_wall_004,
material,Material,/Game/DARC/Imported/Materials/M_concrete_wall_008.M_concrete_wall_008,
material,Material,/Game/DARC/Imported/Materials/M_corrugated_iron_02.M_corrugated_iron_02,
material,Material,/Game/DARC/Imported/Materials/M_denim_fabric_06.M_denim_fabric_06,
material,Material,/Game/DARC/Imported/Materials/M_diagonal_parquet.M_diagonal_parquet,
material,Material,/Game/DARC/Imported/Materials/M_fabric_leather_01.M_fabric_leather_01,
material,Material,/Game/DARC/Imported/Materials/M_floor_tiles_02.M_floor_tiles_02,
material,Material,/Game/DARC/Imported/Materials/M_forest_leaves_02.M_forest_leaves_02,
material,Material,/Game/DARC/Imported/Materials/M_forest_leaves_03.M_forest_leaves_03,
material,Material,/Game/DARC/Imported/Materials/M_komputer_komplekt_001.M_komputer_komplekt_001,
material,Material,/Game/DARC/Imported/Materials/M_metal_plate.M_metal_plate,
material,Material,/Game/DARC/Imported/Materials/M_old_linoleum_flooring_01.M_old_linoleum_flooring_01,
material,Material,/Game/DARC/Imported/Materials/M_oriented_strand_board.M_oriented_strand_board,
material,Material,/Game/DARC/Imported/Materials/M_painted_plaster_wall.M_painted_plaster_wall,
material,Material,/Game/DARC/Imported/Materials/M_peeling_painted_wall.M_peeling_painted_wall,
material,Material,/Game/DARC/Imported/Materials/M_ribbed_corduroy.M_ribbed_corduroy,
material,Material,/Game/DARC/Imported/Materials/M_rock_face_04.M_rock_face_04,
material,Material,/Game/DARC/Imported/Materials/M_rubber_tiles.M_rubber_tiles,
material,Material,/Game/DARC/Imported/Materials/M_rusty_chain.M_rusty_chain,
material,Material,/Game/DARC/Imported/Materials/M_rusty_metal_05.M_rusty_metal_05,
material,Material,/Game/DARC/Imported/Materials/M_sparse_grass.M_sparse_grass,
material,Material,/Game/DARC/Imported/Materials/M_weathered_peeling_timber.M_weathered_peeling_timber,
material,Material,/Game/DARC/Imported/Materials/M_white_rough_plaster.M_white_rough_plaster,
material,Material,/Game/Deko_MatrixDemo/Apartment/Materials/MM_Decal_A01.MM_Decal_A01,
material,Material,/Game/Deko_MatrixDemo/Shared/Material/Masters/MM_Glass_01a.MM_Glass_01a,
material,Material,/Game/Deko_MatrixDemo/Shared/Material/Masters/MM_Master_01.MM_Master_01,
material,Material,/Game/Deko_MatrixDemo/Shared/Material/MaterialLayer/M_MatLayer_Prop_Master_01.M_MatLayer_Prop_Master_01,
material,Material,/Game/FineDirtNoiseAlpha/Materials/M_FineDirtNoise_Alphamask_Mat.M_FineDirtNoise_Alphamask_Mat,
material,Material,/Game/FineDirtNoiseAlpha/Materials/M_FineDirtNoise_Preview_Mat.M_FineDirtNoise_Preview_Mat,
material,Material,/Game/FineDirtNoiseAlpha/Materials/M_FineDirtNoise_Transparent_Mat.M_FineDirtNoise_Transparent_Mat,
material,Material,/Game/FreeAnimationLibrary/Demo/Characters/Mannequins/Materials/M_Mannequin.M_Mannequin,
material,Material,/Game/FreeAnimationLibrary/Demo/LevelPrototyping/Materials/M_PrototypeGrid.M_PrototypeGrid,
material,Material,/Game/FreeAnimationLibrary/Demo/Sponsored/M_SponsorLogo.M_SponsorLogo,
material,Material,/Game/FreeAnimationLibrary/Demo/Sponsored/M_VisitSite.M_VisitSite,
material,Material,/Game/FreeFurniturePack/Materials/MM_Armchair.MM_Armchair,
material,Material,/Game/FreeFurniturePack/Materials/MM_Modern_Bed.MM_Modern_Bed,
material,Material,/Game/FreeFurniturePack/Materials/MM_Modern_Bed_pillows.MM_Modern_Bed_pillows,
material,Material,/Game/FreeFurniturePack/Materials/MM_Modern_Sofa.MM_Modern_Sofa,
material,Material,/Game/FreeFurniturePack/Materials/MM_Tables_and_Chairs.MM_Tables_and_Chairs,
material,Material,/Game/FreeFurniturePack/Materials/M_Art_2.M_Art_2,
material,Material,/Game/FreeFurniturePack/Materials/M_Bathtub.M_Bathtub,
material,Material,/Game/FreeFurniturePack/Materials/M_Bed_Lamp_1.M_Bed_Lamp_1,
material,Material,/Game/FreeFurniturePack/Materials/M_Bed_Lamp_2.M_Bed_Lamp_2,
material,Material,/Game/FreeFurniturePack/Materials/M_Bed_Lamp_3.M_Bed_Lamp_3,
material,Material,/Game/FreeFurniturePack/Materials/M_Bed_Lamp_Glowing_Part.M_Bed_Lamp_Glowing_Part,
material,Material,/Game/FreeFurniturePack/Materials/M_Bed_drawer_metall.M_Bed_drawer_metall,
material,Material,/Game/FreeFurniturePack/Materials/M_Bed_drawer_plastic.M_Bed_drawer_plastic,
material,Material,/Game/FreeFurniturePack/Materials/M_Chrome.M_Chrome,
material,Material,/Game/FreeFurniturePack/Materials/M_Classic_Commode.M_Classic_Commode,
material,Material,/Game/FreeFurniturePack/Materials/M_Classic_Cupboard.M_Classic_Cupboard,
material,Material,/Game/FreeFurniturePack/Materials/M_Classic_Leather_armchair.M_Classic_Leather_armchair,
material,Material,/Game/FreeFurniturePack/Materials/M_Classic_Leather_sofa.M_Classic_Leather_sofa,
material,Material,/Game/FreeFurniturePack/Materials/M_Classic_Leather_sofa_2.M_Classic_Leather_sofa_2,
material,Material,/Game/FreeFurniturePack/Materials/M_Classic_Picture.M_Classic_Picture,
material,Material,/Game/FreeFurniturePack/Materials/M_Classic_chair.M_Classic_chair,
material,Material,/Game/FreeFurniturePack/Materials/M_Classic_table.M_Classic_table,
material,Material,/Game/FreeFurniturePack/Materials/M_Coffee_Table.M_Coffee_Table,
material,Material,/Game/FreeFurniturePack/Materials/M_Commode.M_Commode,
material,Material,/Game/FreeFurniturePack/Materials/M_Cupboard_Metall.M_Cupboard_Metall,
material,Material,/Game/FreeFurniturePack/Materials/M_Elegant_chair.M_Elegant_chair,
material,Material,/Game/FreeFurniturePack/Materials/M_Metall.M_Metall,
material,Material,/Game/FreeFurniturePack/Materials/M_Military_Bed.M_Military_Bed,
material,Material,/Game/FreeFurniturePack/Materials/M_Military_Bed_Grid.M_Military_Bed_Grid,
material,Material,/Game/FreeFurniturePack/Materials/M_Military_Bed_Matress.M_Military_Bed_Matress,
material,Material,/Game/FreeFurniturePack/Materials/M_Military_Bed_Matress_with_Blanket.M_Military_Bed_Matress_with_Blanket,
material,Material,/Game/FreeFurniturePack/Materials/M_Modern_Bed_2.M_Modern_Bed_2,
material,Material,/Game/FreeFurniturePack/Materials/M_Modern_Cupboard.M_Modern_Cupboard,
material,Material,/Game/FreeFurniturePack/Materials/M_Modern_Table_bottom.M_Modern_Table_bottom,
material,Material,/Game/FreeFurniturePack/Materials/M_Modern_Table_top.M_Modern_Table_top,
material,Material,/Game/FreeFurniturePack/Materials/M_Office_Chair.M_Office_Chair,
material,Material,/Game/FreeFurniturePack/Materials/M_Old_Chair.M_Old_Chair,
material,Material,/Game/FreeFurniturePack/Materials/M_Old_Table.M_Old_Table,
material,Material,/Game/FreeFurniturePack/Materials/M_Picture.M_Picture,
material,Material,/Game/FreeFurniturePack/Materials/M_Picture_frame.M_Picture_frame,
material,Material,/Game/FreeFurniturePack/Materials/M_Round_table.M_Round_table,
material,Material,/Game/FreeFurniturePack/Materials/M_TV.M_TV,
material,Material,/Game/FreeFurniturePack/Materials/M_Toilet.M_Toilet,
material,Material,/Game/FreeFurniturePack/Materials/T_Table_Lamp.T_Table_Lamp,
material,Material,/Game/Handyman/Demoscenes/sample_material.sample_material,
material,Material,/Game/Handyman/Materials/M_Handyman_body.M_Handyman_body,
material,Material,/Game/Handyman/Materials/M_Handyman_cloth_ver_1.M_Handyman_cloth_ver_1,
material,Material,/Game/Handyman/Materials/M_Handyman_hair_blonde.M_Handyman_hair_blonde,
material,Material,/Game/HospitalCorridor/Materials/Decals/M_DecalCirsle_01.M_DecalCirsle_01,
material,Material,/Game/HospitalCorridor/Materials/Decals/M_DecalPuddle_02_A.M_DecalPuddle_02_A,
material,Material,/Game/HospitalCorridor/Materials/Decals/M_DecalPuddle_03.M_DecalPuddle_03,
material,Material,/Game/HospitalCorridor/Materials/Decals/M_DecalSquare_02.M_DecalSquare_02,
material,Material,/Game/HospitalCorridor/Materials/Decals/M_GlassWall_Frame_01.M_GlassWall_Frame_01,
material,Material,/Game/HospitalCorridor/Materials/Envionment/M_ConcreteFloor_01.M_ConcreteFloor_01,
material,Material,/Game/HospitalCorridor/Materials/Envionment/M_Linnolium_01.M_Linnolium_01,
material,Material,/Game/HospitalCorridor/Materials/Envionment/M_WallPainted_01.M_WallPainted_01,
material,Material,/Game/HospitalCorridor/Materials/Glass/M_Glass_03.M_Glass_03,
material,Material,/Game/HospitalCorridor/Materials/Glass/M_WindowGlass_01.M_WindowGlass_01,
material,Material,/Game/HospitalCorridor/Materials/Glass/M_WindowGlass_02.M_WindowGlass_02,
material,Material,/Game/HospitalCorridor/Materials/Masters/M_Decal.M_Decal,
material,Material,/Game/HospitalCorridor/Materials/Masters/M_Decal_Normal.M_Decal_Normal,
material,Material,/Game/HospitalCorridor/Materials/Masters/M_Grey.M_Grey,
material,Material,/Game/HospitalCorridor/Materials/Masters/M_MasterRGB.M_MasterRGB,
material,Material,/Game/HospitalCorridor/Materials/Masters/M_MasterRGB_Emissive.M_MasterRGB_Emissive,
material,Material,/Game/HospitalCorridor/Materials/Masters/M_MasterRGB_Masked.M_MasterRGB_Masked,
material,Material,/Game/HospitalCorridor/Materials/Masters/M_MasterRGB_TwoSide.M_MasterRGB_TwoSide,
material,Material,/Game/HospitalCorridor/Materials/Masters/M_MasterTwoside_SS.M_MasterTwoside_SS,
material,Material,/Game/HospitalCorridor/Materials/Masters/M_White.M_White,
material,Material,/Game/HospitalCorridor/Materials/Objects/M_Radiator_03.M_Radiator_03,
material,Material,/Game/IndustryPropsPack6/Materials/BaseMaterial/M_base.M_base,
material,Material,/Game/LN3D_Modular_CatWalk/LN3D_Modular_CatWalk_Free/Materials/LN3D_Modular_CatWalk_HDRP_Orange_Wear.LN3D_Modular_CatWalk_HDRP_Orange_Wear,
material,Material,/Game/LevelPrototyping/Interactable/JumpPad/Assets/Materials/M_GradientGlow.M_GradientGlow,
material,Material,/Game/LevelPrototyping/Interactable/JumpPad/Assets/Materials/M_SimpleGlow.M_SimpleGlow,
material,Material,/Game/LevelPrototyping/Materials/M_FlatCol.M_FlatCol,
material,Material,/Game/LevelPrototyping/Materials/M_PrototypeGrid.M_PrototypeGrid,
material,Material,/Game/Materials/M_OldConditioner1.M_OldConditioner1,
material,Material,/Game/Materials/M_OldConditioner2.M_OldConditioner2,
material,Material,/Game/Materials/M_OldConditioner3.M_OldConditioner3,
material,Material,/Game/Materials/M_OldConditionerAtlas1.M_OldConditionerAtlas1,
material,Material,/Game/Materials/M_OldConditionerAtlas2.M_OldConditionerAtlas2,
material,Material,/Game/MayuRadialMenu/04_Materials/M_BasicImageMaterial.M_BasicImageMaterial,
material,Material,/Game/MayuRadialMenu/04_Materials/M_RadialMenuArc.M_RadialMenuArc,
material,Material,/Game/Med_Office_Desk/Materials/M_Med_Office_Desk.M_Med_Office_Desk,
material,Material,/Game/NY_Subway/Materials/M_RSG_Subway_BaseMaterial_01.M_RSG_Subway_BaseMaterial_01,
material,Material,/Game/NY_Subway/Materials/M_RSG_Subway_BaseMaterial_Emissive_04.M_RSG_Subway_BaseMaterial_Emissive_04,
material,Material,/Game/NY_Subway/Materials/M_RSG_Subway_BaseMaterial_Emissive_05.M_RSG_Subway_BaseMaterial_Emissive_05,
material,Material,/Game/NY_Subway/Materials/M_RSG_Subway_BaseMaterial_Translucent_01.M_RSG_Subway_BaseMaterial_Translucent_01,
material,Material,/Game/NY_Subway/Materials/M_RSG_Subway_Glass_02.M_RSG_Subway_Glass_02,
material,Material,/Game/Realistic_Industrial_Stone_Tiled_Pavement_PBR/Materials/M_Stone_Tiled_Pavement.M_Stone_Tiled_Pavement,
material,Material,/Game/Robot_scout_R_21/mats/Face_01/Base_color/M_Robo_Tors_BaseColor_Mat.M_Robo_Tors_BaseColor_Mat,
material,Material,/Game/Robot_scout_R_21/mats/Face_01/Base_color/M_Robo_hh_BaseColor_Mat.M_Robo_hh_BaseColor_Mat,
material,Material,/Game/Robot_scout_R_21/mats/Face_01/Base_color/M_robo_legs_BaseColor_Mat.M_robo_legs_BaseColor_Mat,
material,Material,/Game/Robot_scout_R_21/mats/Face_01/Color_02/M_Robo_Tors_Color_02_Mat.M_Robo_Tors_Color_02_Mat,
material,Material,/Game/Robot_scout_R_21/mats/Face_01/Color_02/M_Robo_hh_Color_02_Mat.M_Robo_hh_Color_02_Mat,
material,Material,/Game/Robot_scout_R_21/mats/Face_01/Color_02/M_robo_legs_Color_02_Mat.M_Robo_legs_Color_02_Mat,
material,Material,/Game/Robot_scout_R_21/mats/Face_01/Color_03/M_Robo_Tors_Color_03_Mat.M_Robo_Tors_Color_03_Mat,
material,Material,/Game/Robot_scout_R_21/mats/Face_01/Color_03/M_Robo_hh_Color_03_Mat.M_Robo_hh_Color_03_Mat,
material,Material,/Game/Robot_scout_R_21/mats/Face_01/Color_03/M_robo_legs_Color_03_Mat.M_Robo_legs_Color_03_Mat,
material,Material,/Game/Robot_scout_R_21/mats/Face_01/Color_04/M_Robo_Tors_Color_04_Mat.M_Robo_Tors_Color_04_Mat,
material,Material,/Game/Robot_scout_R_21/mats/Face_01/Color_04/M_Robo_hh_Color_03_Mat.M_Robo_hh_Color_03_Mat,
material,Material,/Game/Robot_scout_R_21/mats/Face_01/Color_04/M_Robo_legs_Color_03_Mat.M_Robo_legs_Color_03_Mat,
material,Material,/Game/Robot_scout_R_21/mats/Face_02/Base_color/M_Robo_hh_f2_BaseColor_Mat.M_Robo_hh_f2_BaseColor_Mat,
material,Material,/Game/Robot_scout_R_21/mats/Face_02/Base_color/M_Robo_hh_f2_Color_02_Mat.M_Robo_hh_f2_Color_02_Mat,
material,Material,/Game/Robot_scout_R_21/mats/Face_02/Base_color/M_Robo_hh_f2_Color_03_Mat.M_Robo_hh_f2_Color_03_Mat,
material,Material,/Game/Robot_scout_R_21/mats/Face_02/Base_color/M_Robo_hh_f2_Color_04_Mat.M_Robo_hh_f2_Color_04_Mat,
material,Material,/Game/Robot_scout_R_21/mats/Floor/M_master_material_floor.M_master_material_floor,
material,Material,/Game/Robot_scout_R_21/mats/m_floor.m_floor,
material,Material,/Game/Rock_Collection_04/MasterMaterial/MM_Rocks.MM_Rocks,
material,Material,/Game/SD_Art/_SD_Materials/M_Default_Decal.M_Default_Decal,
material,Material,/Game/SD_Art/_SD_Materials/M_Default_Foliage.M_Default_Foliage,
material,Material,/Game/SD_Art/_SD_Materials/M_Default_Glass_Master.M_Default_Glass_Master,
material,Material,/Game/SD_Art/_SD_Materials/M_Default_Master.M_Default_Master,
material,Material,/Game/SD_Art/_SD_Materials/M_Default_Sky.M_Default_Sky,
material,Material,/Game/SD_Art/_SD_Materials/M_Default_VertexPaint.M_Default_VertexPaint,
material,Material,/Game/SD_Art/_SD_Materials/M_Invisible.M_Invisible,
material,Material,/Game/SD_Art/_SD_Materials/M_Post_Process.M_Post_Process,
material,Material,/Game/SM_Tiles_02/ScansMatter_Master/Materials/Master/M_ScansMatter_Glass.M_ScansMatter_Glass,
material,Material,/Game/SM_Tiles_02/ScansMatter_Master/Materials/Master/M_ScansMatter_Master_Cloth.M_ScansMatter_Master_Cloth,
material,Material,/Game/SM_Tiles_02/ScansMatter_Master/Materials/Master/M_ScansMatter_Master_TriPlanar.M_ScansMatter_Master_TriPlanar,
material,Material,/Game/SM_Tiles_02/Scene/M_Floor.M_Floor,
material,Material,/Game/Scene_Warehouse/Materials/MSPresets/M_MS_Decal_Material_VT/M_MS_Decal_Material_VT.M_MS_Decal_Material_VT,
material,Material,/Game/Scene_Warehouse/Materials/MSPresets/M_MS_Default_Material_VT/M_MS_Default_Material_VT.M_MS_Default_Material_VT,
material,Material,/Game/Scene_Warehouse/Materials/MSPresets/M_MS_Surface_Material_VT/M_MS_Surface_Material_VT.M_MS_Surface_Material_VT,
material,Material,/Game/Scene_Warehouse/Materials/MasterMaterials/M_Ind_War_Emissive.M_Ind_War_Emissive,
material,Material,/Game/Scene_Warehouse/Materials/MasterMaterials/M_Ind_War_Wire.M_Ind_War_Wire,
material,Material,/Game/Scene_Warehouse/VisualFramework/DemoRoom/Materials/M_DemoRoom.M_DemoRoom,
material,Material,/Game/Scene_Warehouse/VisualFramework/DemoRoom/Materials/M_Display.M_Display,
material,Material,/Game/Scene_Warehouse/VisualFramework/DemoRoom/Materials/M_Glow.M_Glow,
material,Material,/Game/Scene_Warehouse/VisualFramework/DemoRoom/Materials/M_Glow_Ceiling.M_Glow_Ceiling,
material,Material,/Game/Scene_Warehouse/VisualFramework/DemoRoom/Materials/M_Glow_Ceiling_Cold.M_Glow_Ceiling_Cold,
material,Material,/Game/Scene_Warehouse/VisualFramework/DemoRoom/Materials/M_Metal.M_Metal,
material,Material,/Game/Scene_Warehouse/VisualFramework/DemoRoom/Materials/M_Tile.M_Tile,
material,Material,/Game/Scene_Warehouse/VisualFramework/DemoRoom/Materials/M_Tile_2.M_Tile_2,
material,Material,/Game/Scene_Warehouse/VisualFramework/DemoRoom/Materials/M_UELogo.M_UELogo,
material,Material,/Game/Scene_Warehouse/VisualFramework/DemoRoom/Meshes/lambert1.lambert1,
material,Material,/Game/Scene_Warehouse/VisualFramework/DemoRoom/Meshes/standardSurface1.standardSurface1,
material,Material,/Game/Sci_Fi_Light/Static_Meshes/SM_Sci_Fi_Battery_Unit/Materials/Light.Light,
material,Material,/Game/Sci_Fi_Light/Static_Meshes/SM_Sci_Fi_Battery_Unit/Materials/M_Sci_Fi_Battery_Unit.M_Sci_Fi_Battery_Unit,
material,Material,/Game/Sci_Fi_Light/Static_Meshes/SM_Sci_Fi_Bollard_Light/Materials/M_Sci_Fi_Bollard_Light.M_Sci_Fi_Bollard_Light,
material,Material,/Game/Sci_Fi_Light/Static_Meshes/SM_Sci_Fi_Chevron_Luminaire/Materials/M_Sci_Fi_Chevron_Luminaire.M_Sci_Fi_Chevron_Luminaire,
material,Material,/Game/Sci_Fi_Light/Static_Meshes/SM_Sci_Fi_Corridor_Ceiling_Strip/Materials/M_Sci_Fi_Corridor_Ceiling_Strip.M_Sci_Fi_Corridor_Ceiling_Strip,
material,Material,/Game/Sci_Fi_Light/Static_Meshes/SM_Sci_Fi_Dome_Light/Materials/M_Sci_Fi_Dome_Light.M_Sci_Fi_Dome_Light,
material,Material,/Game/Sci_Fi_Light/Static_Meshes/SM_Sci_Fi_Heavy_Duty_Linear_Beacon/Materials/M_Sci_Fi_Heavy_Duty_Linear_Beacon.M_Sci_Fi_Heavy_Duty_Linear_Beacon,
material,Material,/Game/Sci_Fi_Light/Static_Meshes/SM_Sci_Fi_Hub_Luminaire/Materials/M_Sci_Fi_Hub_Luminaire.M_Sci_Fi_Hub_Luminaire,
material,Material,/Game/Sci_Fi_Light/Static_Meshes/SM_Sci_Fi_Hub_Luminaire/Materials/Material_001.Material_001,
material,Material,/Game/Sci_Fi_Light/Static_Meshes/SM_Sci_Fi_Info_Terminal/Materials/M_Sci_Fi_Info_Terminal.M_Sci_Fi_Info_Terminal,
material,Material,/Game/Sci_Fi_Light/Static_Meshes/SM_Sci_Fi_Linear_Baseboard_Light/Materials/M_Sci_Fi_Linear_Baseboard_Light.M_Sci_Fi_Linear_Baseboard_Light,
material,Material,/Game/Sci_Fi_Light/Static_Meshes/SM_Sci_Fi_Louver_Light/Materials/M_Sci_Fi_Louver_Light.M_Sci_Fi_Louver_Light,
material,Material,/Game/Sci_Fi_Light/Static_Meshes/SM_Sci_Fi_Louver_Light/Materials/Material.Material,
material,Material,/Game/Sci_Fi_Light/Static_Meshes/SM_Sci_Fi_Monolith_Light/Materials/M_Sci_Fi_Monolith_Light.M_Sci_Fi_Monolith_Light,
material,Material,/Game/Sci_Fi_Light/Static_Meshes/SM_Sci_Fi_Patterned_Wall_Light/Materials/M_Sci_Fi_Patterned_Wall_Light.M_Sci_Fi_Patterned_Wall_Light,
material,Material,/Game/Sci_Fi_Light/Static_Meshes/SM_Sci_Fi_Patterned_Wall_Light/Materials/Material_001.Material_001,
material,Material,/Game/Sci_Fi_Light/Static_Meshes/SM_Sci_Fi_Step_Light/Materials/M_Sci_Fi_Step_Light.M_Sci_Fi_Step_Light,
material,Material,/Game/Sci_Fi_Light/Static_Meshes/SM_Sci_Fi_Tri_Diamond_Wall_Light/Materials/M_Sci_Fi_Tri_Diamond_Wall_Light.M_Sci_Fi_Tri_Diamond_Wall_Light,
material,Material,/Game/Sci_Fi_Light/Static_Meshes/SM_Sci_Fi_X_Frame_Neon_Sign/Materials/M_Sci_Fi_X_Frame_Neon_Sign.M_Sci_Fi_X_Frame_Neon_Sign,
material,Material,/Game/Sci_Fi_Light/Static_Meshes/SM_Segmented_Ceiling_Beam/Materials/M_Segmented_Ceiling_Beam.M_Segmented_Ceiling_Beam,
material,Material,/Game/Sci_Fi_Light/Static_Meshes/SM_Suspended_Neon_Tube/Materials/M_Suspended_Neon_Tube.M_Suspended_Neon_Tube,
material,Material,/Game/Singapore_Canal/Materials/MM_MP_01.MM_MP_01,
material,Material,/Game/Singapore_Canal/Materials/MM_MP_02.MM_MP_02,
material,Material,/Game/Singapore_Canal/Materials/MM_MasterBase_01.MM_MasterBase_01,
material,Material,/Game/Singapore_Canal/Materials/MM_PPVsharpen_01.MM_PPVsharpen_01,
material,Material,/Game/Singapore_Canal/Materials/MM_Prop_MLO.MM_Prop_MLO,
material,Material,/Game/Singapore_Canal/Materials/MM_Prop_ML_01.MM_Prop_ML_01,
material,Material,/Game/Singapore_Canal/Materials/MM_Prop_ML_02.MM_Prop_ML_02,
material,Material,/Game/Singapore_Canal/Materials/MM_Prop_Master_01.MM_Prop_Master_01,
material,Material,/Game/Singapore_Canal/Materials/MM_Sky.MM_Sky,
material,Material,/Game/Tools/Materials/M_Screws.M_Screws,
material,Material,/Game/Tools/Materials/M_Tape.M_Tape,
material,Material,/Game/Tools/Materials/M_Tools.M_Tools,
material,Material,/Game/UnrealBucket/Library/ArchViz/Armchair/M_Armchair_FuzzyShading.M_Armchair_FuzzyShading,
material,Material,/Game/UnrealBucket/Library/ArchViz/ForestInAJar/M_Leaves.M_Leaves,
material,Material,/Game/UnrealBucket/Library/ArchViz/OrnateMirror/M_OrnateMirror.M_OrnateMirror,
material,Material,/Game/UnrealBucket/Library/Various/Presents/M_Present.M_Present,
material,Material,/Game/UnrealBucket/Library/Various/ShoppingCart/M_ShoppingCart.M_ShoppingCart,
material,Material,/Game/UnrealBucket/Library/Various/VikingShield/M_VikingShield.M_VikingShield,
material,Material,/Game/UnrealBucket/Library/Various/VintageGlobe/M_Globe.M_Globe,
material,Material,/Game/UnrealBucket/Library/Various/VintageGlobe/M_GlobeBody.M_GlobeBody,
material,Material,/Game/UnrealBucket/Library/Various/VintageTelescope/M_VintageTelescope.M_VintageTelescope,
material,Material,/Game/UnrealBucket/Library/Weapon/ModularSwordsPack/Materials/M_Grip.M_Grip,
material,Material,/Game/UnrealBucket/Library/Weapon/ModularSwordsPack/Materials/M_MetalMaster.M_MetalMaster,
material,Material,/Game/UnrealBucket/Library/Weapon/Panzerfaust/M_Panzerfaust_ChestHay.M_Panzerfaust_ChestHay,
material,Material,/Game/UnrealBucket/Library/Weapon/Scabbards/Materials/M_Grip/Master/M_AtlasMaster.M_AtlasMaster,
material,Material,/Game/UnrealBucket/Library/Weapon/Scabbards/Materials/ModularPieeces/Master/M_ScabbardComponents.M_ScabbardComponents,
material,Material,/Game/UnrealBucket/Materials/M_Master_EmissiveSimple.M_Master_EmissiveSimple,
material,Material,/Game/UnrealBucket/Materials/M_Master_Metal.M_Master_Metal,
material,Material,/Game/UnrealBucket/Materials/M_Master_PBR.M_Master_PBR,
material,Material,/Game/UnrealBucket/Materials/M_Master_Translucent.M_Master_Translucent,
material,Material,/Game/UnrealBucket/Materials/M_Master_VertexColor.M_Master_VertexColor,
material,Material,/Game/UnrealBucket/Materials/M_Master_VertexColorVariant.M_Master_VertexColorVariant,
material,Material,/Game/Urban_Nomad/Materials/M_Urban_Nomad_body.M_Urban_Nomad_body,
material,Material,/Game/Urban_Nomad/Materials/M_Urban_Nomad_eye_gloss.M_Urban_Nomad_eye_gloss,
material,Material,/Game/Urban_Nomad/Materials/M_Urban_Nomad_hair.M_Urban_Nomad_hair,
material,Material,/Game/Variant_Horror/Blueprints/Light/Assets/Materials/LF_Flicker.LF_Flicker,
material,Material,/Game/Variant_Horror/Blueprints/Light/Assets/Materials/M_DustMote.M_DustMote,
material,Material,/Game/Variant_Horror/Blueprints/Light/Assets/Materials/M_Light.M_Light,
material,Material,/Game/Variant_Horror/UI/M_FillBackground.M_FillBackground,
material,Material,/Game/Vefects/Free_Fire/Demo/Materials/MM_StandardGrid.MM_StandardGrid,
material,Material,/Game/Vefects/Free_Fire/Shared/Materials/M_VFX_Erosion.M_VFX_Erosion,
material,Material,/Game/Vefects/Free_Fire/Shared/Materials/M_VFX_HeatDistortion.M_VFX_HeatDistortion,
material,Material,/Game/VintageIndustrialWarehouseVol1Deprecated/Materials/M_demo_color.M_demo_color,
material,Material,/Game/VintageIndustrialWarehouseVol1Deprecated/Materials/M_hanging_stand1_v1.M_hanging_stand1_v1,
material,Material,/Game/VintageIndustrialWarehouseVol1Deprecated/Materials/M_hanging_stand1_v2.M_hanging_stand1_v2,
material,Material,/Game/VintageIndustrialWarehouseVol1Deprecated/Materials/M_hanging_stand2_v1.M_hanging_stand2_v1,
material,Material,/Game/VintageIndustrialWarehouseVol1Deprecated/Materials/M_hanging_stand2_v2.M_hanging_stand2_v2,
material,Material,/Game/VintageIndustrialWarehouseVol1Deprecated/Materials/M_pallet1_v1.M_pallet1_v1,
material,Material,/Game/VintageIndustrialWarehouseVol1Deprecated/Materials/M_pallet1_v2.M_pallet1_v2,
material,Material,/Game/VintageIndustrialWarehouseVol1Deprecated/Materials/M_pallet2_v1.M_pallet2_v1,
material,Material,/Game/VintageIndustrialWarehouseVol1Deprecated/Materials/M_pallet2_v2.M_pallet2_v2,
material,Material,/Game/VintageIndustrialWarehouseVol1Deprecated/Materials/M_rack1.M_rack1,
material,Material,/Game/VintageIndustrialWarehouseVol1Deprecated/Materials/M_rack2.M_rack2,
material,Material,/Game/VintageIndustrialWarehouseVol1Deprecated/Materials/M_rack3_v1.M_rack3_v1,
material,Material,/Game/VintageIndustrialWarehouseVol1Deprecated/Materials/M_rack3_v2.M_rack3_v2,
material,Material,/Game/VintageIndustrialWarehouseVol1Deprecated/Materials/M_rack4.M_rack4,
material,Material,/Game/VintageIndustrialWarehouseVol1Deprecated/Materials/M_rope_hook.M_rope_hook,
material,Material,/Game/VintageIndustrialWarehouseVol1Deprecated/Materials/M_ropes.M_ropes,
material,Material,/Game/VintageIndustrialWarehouseVol1Deprecated/Materials/M_tarpaulin1.M_tarpaulin1,
material,Material,/Game/VintageIndustrialWarehouseVol1Deprecated/Materials/M_tarpaulin2.M_tarpaulin2,
material,Material,/Game/VintageIndustrialWarehouseVol1Deprecated/Materials/M_tarpaulin3.M_tarpaulin3,
material,Material,/Game/VintageIndustrialWarehouseVol1Deprecated/Materials/M_tarpaulin4.M_tarpaulin4,
material,Material,/Game/VintageIndustrialWarehouseVol1Deprecated/Materials/M_tarpaulin5.M_tarpaulin5,
material,Material,/Game/VintageIndustrialWarehouseVol1Deprecated/Materials/M_wooden_box1_v1.M_wooden_box1_v1,
material,Material,/Game/VintageIndustrialWarehouseVol1Deprecated/Materials/M_wooden_box1_v1_open.M_wooden_box1_v1_open,
material,Material,/Game/VintageIndustrialWarehouseVol1Deprecated/Materials/M_wooden_box1_v2.M_wooden_box1_v2,
material,Material,/Game/VintageIndustrialWarehouseVol1Deprecated/Materials/M_wooden_box1_v2_open.M_wooden_box1_v2_open,
material,Material,/Game/VintageIndustrialWarehouseVol1Deprecated/Materials/M_wooden_box1_v3.M_wooden_box1_v3,
material,Material,/Game/VintageIndustrialWarehouseVol1Deprecated/Materials/M_wooden_box1_v3_open.M_wooden_box1_v3_open,
material,Material,/Game/VintageIndustrialWarehouseVol1Deprecated/Materials/M_wooden_box2_v1.M_wooden_box2_v1,
material,Material,/Game/VintageIndustrialWarehouseVol1Deprecated/Materials/M_wooden_box2_v1_open.M_wooden_box2_v1_open,
material,Material,/Game/VintageIndustrialWarehouseVol1Deprecated/Materials/M_wooden_box2_v2.M_wooden_box2_v2,
material,Material,/Game/VintageIndustrialWarehouseVol1Deprecated/Materials/M_wooden_box2_v2_open.M_wooden_box2_v2_open,
material,Material,/Game/VintageIndustrialWarehouseVol1Deprecated/Materials/M_wooden_box2_v3.M_wooden_box2_v3,
material,Material,/Game/VintageIndustrialWarehouseVol1Deprecated/Materials/M_wooden_box2_v3_open.M_wooden_box2_v3_open,
material,Material,/Game/VintageIndustrialWarehouseVol1Deprecated/Materials/M_wooden_box2_v4.M_wooden_box2_v4,
material,Material,/Game/VintageIndustrialWarehouseVol1Deprecated/Materials/M_wooden_box2_v4_open.M_wooden_box2_v4_open,
material,Material,/Game/VintageIndustrialWarehouseVol1Deprecated/Materials/M_wooden_box2_v5.M_wooden_box2_v5,
material,Material,/Game/VintageIndustrialWarehouseVol1Deprecated/Materials/M_wooden_box2_v5_open.M_wooden_box2_v5_open,
material,Material,/Game/VintageIndustrialWarehouseVol1Deprecated/Materials/M_wooden_box2_v6.M_wooden_box2_v6,
material,Material,/Game/VintageIndustrialWarehouseVol1Deprecated/Materials/M_wooden_box2_v6_open.M_wooden_box2_v6_open,
material,Material,/Game/VintageIndustrialWarehouseVol1Deprecated/Materials/M_wooden_box3_v1.M_wooden_box3_v1,
material,Material,/Game/VintageIndustrialWarehouseVol1Deprecated/Materials/M_wooden_box3_v1_open.M_wooden_box3_v1_open,
material,Material,/Game/VintageIndustrialWarehouseVol1Deprecated/Materials/M_wooden_box3_v2.M_wooden_box3_v2,
material,Material,/Game/VintageIndustrialWarehouseVol1Deprecated/Materials/M_wooden_box3_v2_open.M_wooden_box3_v2_open,
material,Material,/Game/VintageIndustrialWarehouseVol1Deprecated/Materials/M_wooden_box3_v3.M_wooden_box3_v3,
material,Material,/Game/VintageIndustrialWarehouseVol1Deprecated/Materials/M_wooden_box3_v3_open.M_wooden_box3_v3_open,
material,Material,/Game/VintageIndustrialWarehouseVol1Deprecated/Materials/M_wooden_box4_v1.M_wooden_box4_v1,
material,Material,/Game/VintageIndustrialWarehouseVol1Deprecated/Materials/M_wooden_box4_v2.M_wooden_box4_v2,
material,Material,/Game/VintageIndustrialWarehouseVol1Deprecated/Materials/M_wooden_box4_v3.M_wooden_box4_v3,
material,Material,/Game/VintageIndustrialWarehouseVol1Deprecated/Materials/M_wooden_box4_v4.M_wooden_box4_v4,
material,Material,/Game/VintageIndustrialWarehouseVol1Deprecated/Materials/M_wooden_box4_v5.M_wooden_box4_v5,
material,Material,/Game/VintageIndustrialWarehouseVol1Deprecated/Materials/M_wooden_box4_v6.M_wooden_box4_v6,
material,Material,/Game/VintageIndustrialWarehouseVol1Deprecated/Materials/M_wooden_box4_v7.M_wooden_box4_v7,
material,Material,/Game/VintageIndustrialWarehouseVol1Deprecated/Materials/M_wooden_box4_v8.M_wooden_box4_v8,
material,Material,/Game/VintageIndustrialWarehouseVol1Deprecated/Materials/M_wooden_box5_v1.M_wooden_box5_v1,
material,Material,/Game/VintageIndustrialWarehouseVol1Deprecated/Materials/M_wooden_box5_v2.M_wooden_box5_v2,
material,Material,/Game/VintageIndustrialWarehouseVol1Deprecated/Materials/M_wooden_box5_v3.M_wooden_box5_v3,
material,Material,/Game/VintageIndustrialWarehouseVol1Deprecated/Materials/M_wooden_box6_v1.M_wooden_box6_v1,
material,Material,/Game/VintageIndustrialWarehouseVol1Deprecated/Materials/M_wooden_box6_v2.M_wooden_box6_v2,
material,Material,/Game/VintageIndustrialWarehouseVol1Deprecated/Materials/M_wooden_box6_v3.M_wooden_box6_v3,
material,MaterialInstanceConstant,/Game/AbandonedPowerPlant/Assets/Ceiling/MI_Ceiling_01.MI_Ceiling_01,
material,MaterialInstanceConstant,/Game/AbandonedPowerPlant/Assets/Ceiling/MI_Frame_01.MI_Frame_01,
material,MaterialInstanceConstant,/Game/AbandonedPowerPlant/Assets/Decals/MI_Leak_01.MI_Leak_01,
material,MaterialInstanceConstant,/Game/AbandonedPowerPlant/Assets/Decals/MI_Leak_02.MI_Leak_02,
material,MaterialInstanceConstant,/Game/AbandonedPowerPlant/Assets/Decals/MI_Moss_01.MI_Moss_01,
material,MaterialInstanceConstant,/Game/AbandonedPowerPlant/Assets/Decals/MI_Moss_02.MI_Moss_02,
material,MaterialInstanceConstant,/Game/AbandonedPowerPlant/Assets/Decals/MI_Moss_Wall_01.MI_Moss_Wall_01,
material,MaterialInstanceConstant,/Game/AbandonedPowerPlant/Assets/Doors/MI_Doors_01.MI_Doors_01,
material,MaterialInstanceConstant,/Game/AbandonedPowerPlant/Assets/Floor/MI_ConcreteFloor.MI_ConcreteFloor,
material,MaterialInstanceConstant,/Game/AbandonedPowerPlant/Assets/Floor/MI_FactoryFloor.MI_FactoryFloor,
material,MaterialInstanceConstant,/Game/AbandonedPowerPlant/Assets/Floor/MI_Rubble.MI_Rubble,
material,MaterialInstanceConstant,/Game/AbandonedPowerPlant/Assets/Platforms/MI_Beam_01.MI_Beam_01,
material,MaterialInstanceConstant,/Game/AbandonedPowerPlant/Assets/Platforms/MI_Platform_01.MI_Platform_01,
material,MaterialInstanceConstant,/Game/AbandonedPowerPlant/Assets/Platforms/MI_Stairs_01.MI_Stairs_01,
material,MaterialInstanceConstant,/Game/AbandonedPowerPlant/Assets/Rubble/MI_Rubble_01.MI_Rubble_01,
material,MaterialInstanceConstant,/Game/AbandonedPowerPlant/Assets/Walls/MI_PillarReinforce_01.MI_PillarReinforce_01,
material,MaterialInstanceConstant,/Game/AbandonedPowerPlant/Assets/Walls/MI_Wall_Bare_01.MI_Wall_Bare_01,
material,MaterialInstanceConstant,/Game/AbandonedPowerPlant/Assets/Walls/MI_Wall_Painted_Bottom_01.MI_Wall_Painted_Bottom_01,
material,MaterialInstanceConstant,/Game/AbandonedPowerPlant/Assets/Windows/MI_Windows_01.MI_Windows_01,
material,MaterialInstanceConstant,/Game/AbandonedPowerPlant/Maps/Preview/MI_Skybox.MI_Skybox,
material,MaterialInstanceConstant,/Game/Characters/Mannequins/Materials/Manny/MI_Manny_01_New.MI_Manny_01_New,
material,MaterialInstanceConstant,/Game/Characters/Mannequins/Materials/Manny/MI_Manny_02_New.MI_Manny_02_New,
material,MaterialInstanceConstant,/Game/Characters/Mannequins/Materials/Quinn/MI_Quinn_01.MI_Quinn_01,
material,MaterialInstanceConstant,/Game/Characters/Mannequins/Materials/Quinn/MI_Quinn_02.MI_Quinn_02,
material,MaterialInstanceConstant,/Game/Construction_VOL1/Materials/Instances/MI_Background_01a.MI_Background_01a,
material,MaterialInstanceConstant,/Game/Construction_VOL1/Materials/Instances/MI_BrickPaletteStack_01a.MI_BrickPaletteStack_01a,
material,MaterialInstanceConstant,/Game/Construction_VOL1/Materials/Instances/MI_CableReel_01a.MI_CableReel_01a,
material,MaterialInstanceConstant,/Game/Construction_VOL1/Materials/Instances/MI_CardboardBoxes_01a.MI_CardboardBoxes_01a,
material,MaterialInstanceConstant,/Game/Construction_VOL1/Materials/Instances/MI_Cinderstack_01a.MI_Cinderstack_01a,
material,MaterialInstanceConstant,/Game/Construction_VOL1/Materials/Instances/MI_ConcreteBag_01a.MI_ConcreteBag_01a,
material,MaterialInstanceConstant,/Game/Construction_VOL1/Materials/Instances/MI_ConcretePipe_01a.MI_ConcretePipe_01a,
material,MaterialInstanceConstant,/Game/Construction_VOL1/Materials/Instances/MI_ConstructionPylon_01a.MI_ConstructionPylon_01a,
material,MaterialInstanceConstant,/Game/Construction_VOL1/Materials/Instances/MI_Crate_01a.MI_Crate_01a,
material,MaterialInstanceConstant,/Game/Construction_VOL1/Materials/Instances/MI_DebrisTile_01a.MI_DebrisTile_01a,
material,MaterialInstanceConstant,/Game/Construction_VOL1/Materials/Instances/MI_Decal_01a.MI_Decal_01a,
material,MaterialInstanceConstant,/Game/Construction_VOL1/Materials/Instances/MI_Drywall_01a.MI_Drywall_01a,
material,MaterialInstanceConstant,/Game/Construction_VOL1/Materials/Instances/MI_Dumpster_01a.MI_Dumpster_01a,
material,MaterialInstanceConstant,/Game/Construction_VOL1/Materials/Instances/MI_Fence_01a.MI_Fence_01a,
material,MaterialInstanceConstant,/Game/Construction_VOL1/Materials/Instances/MI_FreightContainer_01a.MI_FreightContainer_01a,
material,MaterialInstanceConstant,/Game/Construction_VOL1/Materials/Instances/MI_FreightContainer_01b.MI_FreightContainer_01b,
material,MaterialInstanceConstant,/Game/Construction_VOL1/Materials/Instances/MI_Lightgenerator_01a.MI_Lightgenerator_01a,
material,MaterialInstanceConstant,/Game/Construction_VOL1/Materials/Instances/MI_Lightgenerator_01b.MI_Lightgenerator_01b,
material,MaterialInstanceConstant,/Game/Construction_VOL1/Materials/Instances/MI_OilBarrel_01a.MI_OilBarrel_01a,
material,MaterialInstanceConstant,/Game/Construction_VOL1/Materials/Instances/MI_PlasticBarrel_01a.MI_PlasticBarrel_01a,
material,MaterialInstanceConstant,/Game/Construction_VOL1/Materials/Instances/MI_Portapotty_01a.MI_Portapotty_01a,
material,MaterialInstanceConstant,/Game/Construction_VOL1/Materials/Instances/MI_Portapotty_01b.MI_Portapotty_01b,
material,MaterialInstanceConstant,/Game/Construction_VOL1/Materials/Instances/MI_Propanetank_01a.MI_Propanetank_01a,
material,MaterialInstanceConstant,/Game/Construction_VOL1/Materials/Instances/MI_Rebar_01a.MI_Rebar_01a,
material,MaterialInstanceConstant,/Game/Construction_VOL1/Materials/Instances/MI_Roadblock_01a.MI_Roadblock_01a,
material,MaterialInstanceConstant,/Game/Construction_VOL1/Materials/Instances/MI_Skybox.MI_Skybox,
material,MaterialInstanceConstant,/Game/Construction_VOL1/Materials/Instances/MI_Spool_01a.MI_Spool_01a,
material,MaterialInstanceConstant,/Game/Construction_VOL1/Materials/Instances/MI_Tarp_01a.MI_Tarp_01a,
material,MaterialInstanceConstant,/Game/Construction_VOL1/Materials/Instances/MI_Trafficbarrier_01a.MI_Trafficbarrier_01a,
material,MaterialInstanceConstant,/Game/Construction_VOL1/Materials/Instances/MI_WaterTank_01a.MI_WaterTank_01a,
material,MaterialInstanceConstant,/Game/Construction_VOL1/Materials/Instances/MI_WoodenPalette_01a.MI_WoodenPalette_01a,
material,MaterialInstanceConstant,/Game/DARC/Imported/Meshes/Textures/072e7111ef104bc4a62bd66dc9edf42d/scene/Materials/Ekran_2.Ekran_2,
material,MaterialInstanceConstant,/Game/DARC/Imported/Meshes/Textures/072e7111ef104bc4a62bd66dc9edf42d/scene/Materials/komputer_komplekt_001.komputer_komplekt_001,
material,MaterialInstanceConstant,/Game/DARC/Imported/Meshes/Textures/assetfile_5893_8f74a4930fb3c3f2/Model-604-lp.Model-604-lp,
material,MaterialInstanceConstant,/Game/Deko_MatrixDemo/Apartment/Materials/MI_ComputerCards_A01.MI_ComputerCards_A01,
material,MaterialInstanceConstant,/Game/Deko_MatrixDemo/Apartment/Materials/MI_ComputerKeyboard_A01.MI_ComputerKeyboard_A01,
material,MaterialInstanceConstant,/Game/Deko_MatrixDemo/Apartment/Materials/MI_ComputerKeyboard_A02.MI_ComputerKeyboard_A02,
material,MaterialInstanceConstant,/Game/Deko_MatrixDemo/Apartment/Materials/MI_ComputerMonitor_A01.MI_ComputerMonitor_A01,
material,MaterialInstanceConstant,/Game/Deko_MatrixDemo/Apartment/Materials/MI_ComputerMonitor_A02.MI_ComputerMonitor_A02,
material,MaterialInstanceConstant,/Game/Deko_MatrixDemo/Apartment/Materials/MI_ComputerMouse_A01.MI_ComputerMouse_A01,
material,MaterialInstanceConstant,/Game/Deko_MatrixDemo/Apartment/Materials/MI_ComputerParts_A04.MI_ComputerParts_A04,
material,MaterialInstanceConstant,/Game/Deko_MatrixDemo/Apartment/Materials/MI_ComputerPrinter_A01.MI_ComputerPrinter_A01,
material,MaterialInstanceConstant,/Game/Deko_MatrixDemo/Apartment/Materials/MI_ComputerPrinter_A05.MI_ComputerPrinter_A05,
material,MaterialInstanceConstant,/Game/Deko_MatrixDemo/Apartment/Materials/MI_ComputerPrinter_B01.MI_ComputerPrinter_B01,
material,MaterialInstanceConstant,/Game/Deko_MatrixDemo/Apartment/Materials/MI_ComputerPrinter_B05.MI_ComputerPrinter_B05,
material,MaterialInstanceConstant,/Game/Deko_MatrixDemo/Apartment/Materials/MI_ComputerPrinter_C05.MI_ComputerPrinter_C05,
material,MaterialInstanceConstant,/Game/Deko_MatrixDemo/Apartment/Materials/MI_ComputerSpeakers_A01.MI_ComputerSpeakers_A01,
material,MaterialInstanceConstant,/Game/Deko_MatrixDemo/Apartment/Materials/MI_ComputerTower_A01.MI_ComputerTower_A01,
material,MaterialInstanceConstant,/Game/Deko_MatrixDemo/Apartment/Materials/MI_CordsNWires_A01.MI_CordsNWires_A01,
material,MaterialInstanceConstant,/Game/Deko_MatrixDemo/Apartment/Materials/MI_DeskChair_A01.MI_DeskChair_A01,
material,MaterialInstanceConstant,/Game/Deko_MatrixDemo/Apartment/Materials/MI_DeskLamp_A01.MI_DeskLamp_A01,
material,MaterialInstanceConstant,/Game/Deko_MatrixDemo/Apartment/Materials/MI_DeskLamp_B01.MI_DeskLamp_B01,
material,MaterialInstanceConstant,/Game/Deko_MatrixDemo/Apartment/Materials/MI_Desk_A01.MI_Desk_A01,
material,MaterialInstanceConstant,/Game/Deko_MatrixDemo/Apartment/Materials/MI_Desk_Cab_A02.MI_Desk_Cab_A02,
material,MaterialInstanceConstant,/Game/Deko_MatrixDemo/Apartment/Materials/MI_DisksAndFloppys_A01.MI_DisksAndFloppys_A01,
material,MaterialInstanceConstant,/Game/Deko_MatrixDemo/Apartment/Materials/MI_DisksAndFloppys_A02.MI_DisksAndFloppys_A02,
material,MaterialInstanceConstant,/Game/Deko_MatrixDemo/Apartment/Materials/MI_DisksAndFloppys_B01.MI_DisksAndFloppys_B01,
material,MaterialInstanceConstant,/Game/Deko_MatrixDemo/Apartment/Materials/MI_DisksAndFloppys_C01.MI_DisksAndFloppys_C01,
material,MaterialInstanceConstant,/Game/Deko_MatrixDemo/Apartment/Materials/MI_DisksAndFloppys_D01.MI_DisksAndFloppys_D01,
material,MaterialInstanceConstant,/Game/Deko_MatrixDemo/Apartment/Materials/MI_DisksAndFloppys_E01.MI_DisksAndFloppys_E01,
material,MaterialInstanceConstant,/Game/Deko_MatrixDemo/Apartment/Materials/MI_DisksAndFloppys_F01.MI_DisksAndFloppys_F01,
material,MaterialInstanceConstant,/Game/Deko_MatrixDemo/Apartment/Materials/MI_Food_Leftover_A01.MI_Food_Leftover_A01,
material,MaterialInstanceConstant,/Game/Deko_MatrixDemo/Apartment/Materials/MI_Headset_A01.MI_Headset_A01,
material,MaterialInstanceConstant,/Game/Deko_MatrixDemo/Apartment/Materials/MI_Magazines_Only_A01.MI_Magazines_Only_A01,
material,MaterialInstanceConstant,/Game/Deko_MatrixDemo/Apartment/Materials/MI_Newspaper_WobblyMag_OpenMagTight_A01.MI_Newspaper_WobblyMag_OpenMagTight_A01,
material,MaterialInstanceConstant,/Game/Deko_MatrixDemo/Apartment/Materials/MI_Phone_A01.MI_Phone_A01,
material,MaterialInstanceConstant,/Game/Deko_MatrixDemo/Apartment/Materials/MI_Post_It_A5_Books_A01.MI_Post_It_A5_Books_A01,
material,MaterialInstanceConstant,/Game/Deko_MatrixDemo/Apartment/Materials/MI_Post_Note_A01.MI_Post_Note_A01,
material,MaterialInstanceConstant,/Game/Deko_MatrixDemo/Apartment/Materials/MI_Post_Note_C01.MI_Post_Note_C01,
material,MaterialInstanceConstant,/Game/Deko_MatrixDemo/Apartment/Materials/MI_Post_Note_D01.MI_Post_Note_D01,
material,MaterialInstanceConstant,/Game/Deko_MatrixDemo/Apartment/Materials/MI_Post_Note_E01.MI_Post_Note_E01,
material,MaterialInstanceConstant,/Game/Deko_MatrixDemo/Apartment/Materials/MI_Post_Note_F01.MI_Post_Note_F01,
material,MaterialInstanceConstant,/Game/Deko_MatrixDemo/Apartment/Materials/MI_Thin_Magazines_CodingBooks_A01.MI_Thin_Magazines_CodingBooks_A01,
material,MaterialInstanceConstant,/Game/Deko_MatrixDemo/Apartment/Materials/MI_Toolbox_A01.MI_Toolbox_A01,
material,MaterialInstanceConstant,/Game/Deko_MatrixDemo/Apartment/Materials/MI_Toolbox_Pack_A01.MI_Toolbox_Pack_A01,
material,MaterialInstanceConstant,/Game/Deko_MatrixDemo/Apartment/Materials/MI_Toolbox_PlasticBox_A01.MI_Toolbox_PlasticBox_A01,
material,MaterialInstanceConstant,/Game/Deko_MatrixDemo/Apartment/Materials/MI_Toolbox_Trays_A01.MI_Toolbox_Trays_A01,
material,MaterialInstanceConstant,/Game/Deko_MatrixDemo/Apartment/Materials/MI_Unit_A01.MI_Unit_A01,
material,MaterialInstanceConstant,/Game/Deko_MatrixDemo/Shared/Material/Instances/MI_Glass_01.MI_Glass_01,
material,MaterialInstanceConstant,/Game/FirstPerson/MI_FirstPersonColorway.MI_FirstPersonColorway,
material,MaterialInstanceConstant,/Game/FreeAnimationLibrary/Demo/Characters/Mannequins/Materials/Instances/Manny/MI_Manny_01.MI_Manny_01,
material,MaterialInstanceConstant,/Game/FreeAnimationLibrary/Demo/Characters/Mannequins/Materials/Instances/Manny/MI_Manny_02.MI_Manny_02,
material,MaterialInstanceConstant,/Game/FreeFurniturePack/Materials/MI_Modern_Armchair.MI_Modern_Armchair,
material,MaterialInstanceConstant,/Game/FreeFurniturePack/Materials/MI_Modern_Armchair_Pillows.MI_Modern_Armchair_Pillows,
material,MaterialInstanceConstant,/Game/FreeFurniturePack/Materials/MI_Modern_Bed.MI_Modern_Bed,
material,MaterialInstanceConstant,/Game/FreeFurniturePack/Materials/MI_Modern_Bed_Pillows.MI_Modern_Bed_Pillows,
material,MaterialInstanceConstant,/Game/FreeFurniturePack/Materials/MI_Modern_Bed_Table.MI_Modern_Bed_Table,
material,MaterialInstanceConstant,/Game/FreeFurniturePack/Materials/MI_Modern_Chair_1.MI_Modern_Chair_1,
material,MaterialInstanceConstant,/Game/FreeFurniturePack/Materials/MI_Modern_Sofa_1.MI_Modern_Sofa_1,
material,MaterialInstanceConstant,/Game/FreeFurniturePack/Materials/MI_Modern_Sofa_2.MI_Modern_Sofa_2,
material,MaterialInstanceConstant,/Game/Handyman/Materials/MI_Handyman_body_dirty.MI_Handyman_body_dirty,
material,MaterialInstanceConstant,/Game/Handyman/Materials/MI_Handyman_cloth_ver_2.MI_Handyman_cloth_ver_2,
material,MaterialInstanceConstant,/Game/Handyman/Materials/MI_Handyman_cloth_ver_3.MI_Handyman_cloth_ver_3,
material,MaterialInstanceConstant,/Game/Handyman/Materials/MI_Handyman_cloth_ver_4_Dirty.MI_Handyman_cloth_ver_4_Dirty,
material,MaterialInstanceConstant,/Game/Handyman/Materials/MI_Handyman_hair_red.MI_Handyman_hair_red,
material,MaterialInstanceConstant,/Game/Handyman/Materials/MI_Handyman_hair_transparent.MI_Handyman_hair_transparent,
material,MaterialInstanceConstant,/Game/Handyman/Materials/MI_Handyman_hair_white.MI_Handyman_hair_white,
material,MaterialInstanceConstant,/Game/HospitalCorridor/Materials/Decals/MI_DecalDamage_01.MI_DecalDamage_01,
material,MaterialInstanceConstant,/Game/HospitalCorridor/Materials/Decals/MI_DecalDirt_02.MI_DecalDirt_02,
material,MaterialInstanceConstant,/Game/HospitalCorridor/Materials/Decals/MI_DecalDirt_03.MI_DecalDirt_03,
material,MaterialInstanceConstant,/Game/HospitalCorridor/Materials/Decals/MI_DecalDirt_04.MI_DecalDirt_04,
material,MaterialInstanceConstant,/Game/HospitalCorridor/Materials/Decals/MI_DecalWallCrack_01.MI_DecalWallCrack_01,
material,MaterialInstanceConstant,/Game/HospitalCorridor/Materials/Envionment/MI_Linnolium_01.MI_Linnolium_01,
material,MaterialInstanceConstant,/Game/HospitalCorridor/Materials/Envionment/MI_Linnolium_02.MI_Linnolium_02,
material,MaterialInstanceConstant,/Game/HospitalCorridor/Materials/Envionment/MI_Linnolium_03.MI_Linnolium_03,
material,MaterialInstanceConstant,/Game/HospitalCorridor/Materials/Envionment/MI_Linnolium_04.MI_Linnolium_04,
material,MaterialInstanceConstant,/Game/HospitalCorridor/Materials/Envionment/MI_WallPainted_01.MI_WallPainted_01,
material,MaterialInstanceConstant,/Game/HospitalCorridor/Materials/Envionment/MI_WallPainted_02.MI_WallPainted_02,
material,MaterialInstanceConstant,/Game/HospitalCorridor/Materials/Objects/MI_FireExtinguisher_01.MI_FireExtinguisher_01,
material,MaterialInstanceConstant,/Game/HospitalCorridor/Materials/Objects/MI_GlassLamp_01_A.MI_GlassLamp_01_A,
material,MaterialInstanceConstant,/Game/HospitalCorridor/Materials/Objects/MI_GlassLamp_01_B.MI_GlassLamp_01_B,
material,MaterialInstanceConstant,/Game/HospitalCorridor/Materials/Objects/MI_HospitalBench_01.MI_HospitalBench_01,
material,MaterialInstanceConstant,/Game/HospitalCorridor/Materials/Objects/MI_HospitalDoor_01.MI_HospitalDoor_01,
material,MaterialInstanceConstant,/Game/HospitalCorridor/Materials/Objects/MI_HospitalDoor_02.MI_HospitalDoor_02,
material,MaterialInstanceConstant,/Game/HospitalCorridor/Materials/Objects/MI_HospitalDoor_03.MI_HospitalDoor_03,
material,MaterialInstanceConstant,/Game/HospitalCorridor/Materials/Objects/MI_HospitalDoor_04.MI_HospitalDoor_04,
material,MaterialInstanceConstant,/Game/HospitalCorridor/Materials/Objects/MI_HospitalLamps_01_A.MI_HospitalLamps_01_A,
material,MaterialInstanceConstant,/Game/HospitalCorridor/Materials/Objects/MI_HospitalLamps_01_A_Skin.MI_HospitalLamps_01_A_Skin,
material,MaterialInstanceConstant,/Game/HospitalCorridor/Materials/Objects/MI_HospitalLamps_01_B.MI_HospitalLamps_01_B,
material,MaterialInstanceConstant,/Game/HospitalCorridor/Materials/Objects/MI_HospitalLamps_01_B_Skin.MI_HospitalLamps_01_B_Skin,
material,MaterialInstanceConstant,/Game/HospitalCorridor/Materials/Objects/MI_HospitalPosters_01.MI_HospitalPosters_01,
material,MaterialInstanceConstant,/Game/HospitalCorridor/Materials/Objects/MI_HospitalPosters_02.MI_HospitalPosters_02,
material,MaterialInstanceConstant,/Game/HospitalCorridor/Materials/Objects/MI_InformationStand_01.MI_InformationStand_01,
material,MaterialInstanceConstant,/Game/HospitalCorridor/Materials/Objects/MI_Radiator_03.MI_Radiator_03,
material,MaterialInstanceConstant,/Game/HospitalCorridor/Materials/Objects/MI_Registry_01.MI_Registry_01,
material,MaterialInstanceConstant,/Game/HospitalCorridor/Materials/Objects/MI_UtilityElectronics_01.MI_UtilityElectronics_01,
material,MaterialInstanceConstant,/Game/HospitalCorridor/Materials/Trims/MI_TrimConer_01.MI_TrimConer_01,
material,MaterialInstanceConstant,/Game/HospitalCorridor/Materials/Trims/MI_TrimConer_02.MI_TrimConer_02,
material,MaterialInstanceConstant,/Game/HospitalCorridor/Materials/Trims/MI_TrimLinoleum_01_A.MI_TrimLinoleum_01_A,
material,MaterialInstanceConstant,/Game/HospitalCorridor/Materials/Trims/MI_TrimLinoleum_01_B.MI_TrimLinoleum_01_B,
material,MaterialInstanceConstant,/Game/HospitalCorridor/Materials/Trims/MI_TrimMold_01_A.MI_TrimMold_01_A,
material,MaterialInstanceConstant,/Game/HospitalCorridor/Materials/Trims/MI_TrimMold_01_B.MI_TrimMold_01_B,
material,MaterialInstanceConstant,/Game/HospitalCorridor/Materials/Trims/MI_TrimMold_01_C.MI_TrimMold_01_C,
material,MaterialInstanceConstant,/Game/IndustryPropsPack6/Materials/MI_Barrel01_1.MI_Barrel01_1,
material,MaterialInstanceConstant,/Game/IndustryPropsPack6/Materials/MI_Barrel01_2.MI_Barrel01_2,
material,MaterialInstanceConstant,/Game/IndustryPropsPack6/Materials/MI_Barrel01_3.MI_Barrel01_3,
material,MaterialInstanceConstant,/Game/IndustryPropsPack6/Materials/MI_Barrel01_4.MI_Barrel01_4,
material,MaterialInstanceConstant,/Game/IndustryPropsPack6/Materials/MI_Barrel01_5.MI_Barrel01_5,
material,MaterialInstanceConstant,/Game/IndustryPropsPack6/Materials/MI_Barrel01_6.MI_Barrel01_6,
material,MaterialInstanceConstant,/Game/IndustryPropsPack6/Materials/MI_Box01_1.MI_Box01_1,
material,MaterialInstanceConstant,/Game/IndustryPropsPack6/Materials/MI_Box01_2.MI_Box01_2,
material,MaterialInstanceConstant,/Game/IndustryPropsPack6/Materials/MI_Box01_3.MI_Box01_3,
material,MaterialInstanceConstant,/Game/IndustryPropsPack6/Materials/MI_Box01_4.MI_Box01_4,
material,MaterialInstanceConstant,/Game/IndustryPropsPack6/Materials/MI_Cartonbox01_1.MI_Cartonbox01_1,
material,MaterialInstanceConstant,/Game/IndustryPropsPack6/Materials/MI_Cartonbox01_2.MI_Cartonbox01_2,
material,MaterialInstanceConstant,/Game/IndustryPropsPack6/Materials/MI_Gray.MI_Gray,
material,MaterialInstanceConstant,/Game/IndustryPropsPack6/Materials/MI_Hose01_1.MI_Hose01_1,
material,MaterialInstanceConstant,/Game/IndustryPropsPack6/Materials/MI_Hose01_2.MI_Hose01_2,
material,MaterialInstanceConstant,/Game/IndustryPropsPack6/Materials/MI_Newspaper01_1.MI_Newspaper01_1,
material,MaterialInstanceConstant,/Game/IndustryPropsPack6/Materials/MI_Newspaper01_2.MI_Newspaper01_2,
material,MaterialInstanceConstant,/Game/IndustryPropsPack6/Materials/MI_Rack01_1.MI_Rack01_1,
material,MaterialInstanceConstant,/Game/IndustryPropsPack6/Materials/MI_Tarp01_1.MI_Tarp01_1,
material,MaterialInstanceConstant,/Game/IndustryPropsPack6/Materials/MI_TrafficBarrel01_1.MI_TrafficBarrel01_1,
material,MaterialInstanceConstant,/Game/IndustryPropsPack6/Materials/MI_WaterTank01.MI_WaterTank01,
material,MaterialInstanceConstant,/Game/IndustryPropsPack6/Materials/Mi_Tarp01_2.MI_Tarp01_2,
material,MaterialInstanceConstant,/Game/LevelPrototyping/Interactable/JumpPad/Assets/Materials/MI_GlowNT.MI_GlowNT,
material,MaterialInstanceConstant,/Game/LevelPrototyping/Materials/MI_DefaultColorway.MI_DefaultColorway,
material,MaterialInstanceConstant,/Game/LevelPrototyping/Materials/MI_PrototypeGrid_Gray.MI_PrototypeGrid_Gray,
material,MaterialInstanceConstant,/Game/LevelPrototyping/Materials/MI_PrototypeGrid_Gray_02.MI_PrototypeGrid_Gray_02,
material,MaterialInstanceConstant,/Game/LevelPrototyping/Materials/MI_PrototypeGrid_Gray_Round.MI_PrototypeGrid_Gray_Round,
material,MaterialInstanceConstant,/Game/LevelPrototyping/Materials/MI_PrototypeGrid_TopDark.MI_PrototypeGrid_TopDark,
material,MaterialInstanceConstant,/Game/MayuRadialMenu/04_Materials/Instance/MI_RadialMenuArc.MI_RadialMenuArc,
material,MaterialInstanceConstant,/Game/MayuRadialMenu/04_Materials/Instance/MI_RadialMenuRing.MI_RadialMenuRing,
material,MaterialInstanceConstant,/Game/Megaplant_Library/Shrub_Greasewood/Materials/MI_Greasewood_01_Bark.MI_Greasewood_01_Bark,
material,MaterialInstanceConstant,/Game/Megaplant_Library/Shrub_Greasewood/Materials/MI_Greasewood_01_Foliage.MI_Greasewood_01_Foliage,
material,MaterialInstanceConstant,/Game/Megaplant_Library/Tree_Baltic_Pine/Materials/MI_Baltic_Pine_01_Bark.MI_Baltic_Pine_01_Bark,
material,MaterialInstanceConstant,/Game/Megaplant_Library/Tree_Baltic_Pine/Materials/MI_Baltic_Pine_01_Bark_A.MI_Baltic_Pine_01_Bark_A,
material,MaterialInstanceConstant,/Game/Megaplant_Library/Tree_Baltic_Pine/Materials/MI_Baltic_Pine_01_Bark_Nubs.MI_Baltic_Pine_01_Bark_Nubs,
material,MaterialInstanceConstant,/Game/Megaplant_Library/Tree_Baltic_Pine/Materials/MI_Baltic_Pine_01_Bark_Young.MI_Baltic_Pine_01_Bark_Young,
material,MaterialInstanceConstant,/Game/Megaplant_Library/Tree_Baltic_Pine/Materials/MI_Baltic_Pine_01_Foliage.MI_Baltic_Pine_01_Foliage,
material,MaterialInstanceConstant,/Game/Megaplant_Library/Tree_Baltic_Pine/Materials/MI_Baltic_Pine_Sapling_01_Bark.MI_Baltic_Pine_Sapling_01_Bark,
material,MaterialInstanceConstant,/Game/Megaplant_Library/Tree_Common_Hazel/Materials/MI_Common_Hazel_Bark_01.MI_Common_Hazel_Bark_01,
material,MaterialInstanceConstant,/Game/Megaplant_Library/Tree_Common_Hazel/Materials/MI_Common_Hazel_Foliage_01.MI_Common_Hazel_Foliage_01,
material,MaterialInstanceConstant,/Game/Megaplant_Library/Tree_Dead_Pine/Materials/MI_Dead_Pine_Bark_01.MI_Dead_Pine_Bark_01,
material,MaterialInstanceConstant,/Game/Megaplant_Library/Tree_Dead_Pine/Materials/MI_Dead_Pine_Barkplates_01.MI_Dead_Pine_Barkplates_01,
material,MaterialInstanceConstant,/Game/Megaplant_Library/Tree_Dead_Pine/Materials/MI_Dead_Pine_BrokenBranch_01.MI_Dead_Pine_BrokenBranch_01,
material,MaterialInstanceConstant,/Game/Megaplant_Library/Tree_Ginkgo/Materials/MI_Ginkgo_Bark_01.MI_Ginkgo_Bark_01,
material,MaterialInstanceConstant,/Game/Megaplant_Library/Tree_Ginkgo/Materials/MI_Ginkgo_Foliage_01.MI_Ginkgo_Foliage_01,
material,MaterialInstanceConstant,/Game/Megaplant_Library/Tree_Japanese_Cypress/Materials/MI_Japanese_Cypress_Bark_01.MI_Japanese_Cypress_Bark_01,
material,MaterialInstanceConstant,/Game/Megaplant_Library/Tree_Japanese_Cypress/Materials/MI_Japanese_Cypress_Decorations_01.MI_Japanese_Cypress_Decorations_01,
material,MaterialInstanceConstant,/Game/Megaplant_Library/Tree_Japanese_Cypress/Materials/MI_Japanese_Cypress_Foliage_01.MI_Japanese_Cypress_Foliage_01,
material,MaterialInstanceConstant,/Game/Megaplant_Library/Tree_Norway_Spruce/Materials/MI_Norway_Spruce_Bark_01.MI_Norway_Spruce_Bark_01,
material,MaterialInstanceConstant,/Game/Megaplant_Library/Tree_Norway_Spruce/Materials/MI_Norway_Spruce_Decorations_01.MI_Norway_Spruce_Decorations_01,
material,MaterialInstanceConstant,/Game/Megaplant_Library/Tree_Norway_Spruce/Materials/MI_Norway_Spruce_Foliage_01.MI_Norway_Spruce_Foliage_01,
material,MaterialInstanceConstant,/Game/NY_Subway/Materials/Props/MI_RSG_Subway_Charging_01.MI_RSG_Subway_Charging_01,
material,MaterialInstanceConstant,/Game/NY_Subway/Materials/Props/MI_RSG_Subway_Charging_02.MI_RSG_Subway_Charging_02,
material,MaterialInstanceConstant,/Game/NY_Subway/Materials/Props/MI_RSG_Subway_Charging_Glass_02.MI_RSG_Subway_Charging_Glass_02,
material,MaterialInstanceConstant,/Game/NY_Subway/Materials/Props/MI_RSG_Subway_Help_Point_01.MI_RSG_Subway_Help_Point_01,
material,MaterialInstanceConstant,/Game/NY_Subway/Materials/Props/MI_RSG_Subway_Information_Stand_01.MI_RSG_Subway_Information_Stand_01,
material,MaterialInstanceConstant,/Game/NY_Subway/Materials/Props/MI_RSG_Subway_Information_Stand_02.MI_RSG_Subway_Information_Stand_02,
material,MaterialInstanceConstant,/Game/NY_Subway/Materials/Props/MI_RSG_Subway_Lightbox_01.MI_RSG_Subway_Lightbox_01,
material,MaterialInstanceConstant,/Game/NY_Subway/Materials/Props/MI_RSG_Subway_Lightbox_02.MI_RSG_Subway_Lightbox_02,
material,MaterialInstanceConstant,/Game/NY_Subway/Materials/Props/MI_RSG_Subway_Lightbox_03.MI_RSG_Subway_Lightbox_03,
material,MaterialInstanceConstant,/Game/NY_Subway/Materials/Props/MI_RSG_Subway_Snack_Vending_01.MI_RSG_Subway_Snack_Vending_01,
material,MaterialInstanceConstant,/Game/NY_Subway/Materials/Props/MI_RSG_Subway_Snack_Vending_02.MI_RSG_Subway_Snack_Vending_02,
material,MaterialInstanceConstant,/Game/NY_Subway/Materials/Props/MI_RSG_Subway_Ticket_Vending_01.MI_RSG_Subway_Ticket_Vending_01,
material,MaterialInstanceConstant,/Game/NY_Subway/Materials/Props/MI_RSG_Subway_Ticket_Vending_02.MI_RSG_Subway_Ticket_Vending_02,
material,MaterialInstanceConstant,/Game/NY_Subway/Materials/Props/MI_RSG_Subway_Turnstile_01.MI_RSG_Subway_Turnstile_01,
material,MaterialInstanceConstant,/Game/NY_Subway/Materials/Props/MI_RSG_Subway_Water_Vending_01.MI_RSG_Subway_Water_Vending_01,
material,MaterialInstanceConstant,/Game/NY_Subway/Materials/Props/MI_RSG_Subway_Water_Vending_02.MI_RSG_Subway_Water_Vending_02,
material,MaterialInstanceConstant,/Game/Realistic_Industrial_Stone_Tiled_Pavement_PBR/Materials/MI_Stone_Tiled_Pavement_Inst.MI_Stone_Tiled_Pavement_Inst,
material,MaterialInstanceConstant,/Game/Robot_scout_R_21/mats/Floor/M_master_material_floor_Inst.M_master_material_floor_Inst,
material,MaterialInstanceConstant,/Game/Rock_Collection_04/Meshes/Rock_01/Materials/MI_Rock_01.MI_Rock_01,
material,MaterialInstanceConstant,/Game/Rock_Collection_04/Meshes/Rock_02/Materials/MI_Rock_02.MI_Rock_02,
material,MaterialInstanceConstant,/Game/Rock_Collection_04/Meshes/Rock_03/Materials/MI_Rock_03.MI_Rock_03,
material,MaterialInstanceConstant,/Game/Rock_Collection_04/Meshes/Rock_04/Materials/MI_Rock_04.MI_Rock_04,
material,MaterialInstanceConstant,/Game/Rock_Collection_04/Meshes/Rock_05/Materials/MI_Rock_05.MI_Rock_05,
material,MaterialInstanceConstant,/Game/Rock_Collection_04/Meshes/Rock_06/Materials/MI_Rock_06.MI_Rock_06,
material,MaterialInstanceConstant,/Game/Rock_Collection_04/Meshes/Rock_07/Materials/MI_Rock_07.MI_Rock_07,
material,MaterialInstanceConstant,/Game/SD_Art/Industrial_Infrastructure/Assets/Beams/MI_Beams_01.MI_Beams_01,
material,MaterialInstanceConstant,/Game/SD_Art/Industrial_Infrastructure/Assets/Beams/MI_Beams_Connections_01.MI_Beams_Connections_01,
material,MaterialInstanceConstant,/Game/SD_Art/Industrial_Infrastructure/Assets/Catwalks/MI_Catwalk_Beams_Painted_01.MI_Catwalk_Beams_Painted_01,
material,MaterialInstanceConstant,/Game/SD_Art/Industrial_Infrastructure/Assets/Catwalks/MI_Catwalk_Trims.MI_Catwalk_Trims,
material,MaterialInstanceConstant,/Game/SD_Art/Industrial_Infrastructure/Assets/Crane/MI_Tiling_Walls_Painted_Blue.MI_Tiling_Walls_Painted_Blue,
material,MaterialInstanceConstant,/Game/SD_Art/Industrial_Infrastructure/Assets/Electrical_Structures_Panels/MI_Tiling_Beams_Painted_01.MI_Tiling_Beams_Painted_01,
material,MaterialInstanceConstant,/Game/SD_Art/Industrial_Infrastructure/Assets/Floor/MI_Floor_Beams.MI_Floor_Beams,
material,MaterialInstanceConstant,/Game/SD_Art/Industrial_Infrastructure/Assets/Floor/MI_Floor_Diamond_Plate_02_00.MI_Floor_Diamond_Plate_02_00,
material,MaterialInstanceConstant,/Game/SD_Art/Industrial_Infrastructure/Assets/Floor/MI_Floor_Diamond_Plate_02_00_VertexP.MI_Floor_Diamond_Plate_02_00_VertexP,
material,MaterialInstanceConstant,/Game/SD_Art/Industrial_Infrastructure/Assets/Floor/MI_Floor_Diamond_Plate_02_02.MI_Floor_Diamond_Plate_02_02,
material,MaterialInstanceConstant,/Game/SD_Art/Industrial_Infrastructure/Assets/Floor/MI_Floor_Underside_01.MI_Floor_Underside_01,
material,MaterialInstanceConstant,/Game/SD_Art/Industrial_Infrastructure/Assets/Ladders/MI_Tiling_Ladders_Painted.MI_Tiling_Ladders_Painted,
material,MaterialInstanceConstant,/Game/SD_Art/Industrial_Infrastructure/Assets/Ladders/MI_Tiling_Ladders_Painted_Industrial.MI_Tiling_Ladders_Painted_Industrial,
material,MaterialInstanceConstant,/Game/SD_Art/Industrial_Infrastructure/Assets/Ladders/MI_Tiling_Ladders_Painted_Yellow.MI_Tiling_Ladders_Painted_Yellow,
material,MaterialInstanceConstant,/Game/SD_Art/Industrial_Infrastructure/Assets/SkySphere/MI_Default_Sky_01.MI_Default_Sky_01,
material,MaterialInstanceConstant,/Game/SD_Art/Industrial_Infrastructure/Assets/Support_Columns/MI_Support_Columns_01.MI_Support_Columns_01,
material,MaterialInstanceConstant,/Game/SD_Art/Industrial_Infrastructure/Assets/Support_Columns/MI_Support_Columns_02.MI_Support_Columns_02,
material,MaterialInstanceConstant,/Game/SD_Art/Industrial_Infrastructure/Assets/Support_Columns/MI_Support_Columns_Trim_01.MI_Support_Columns_Trim_01,
material,MaterialInstanceConstant,/Game/SD_Art/Industrial_Infrastructure/Assets/Wall_Panels/MI_Panel_Details.MI_Panel_Details,
material,MaterialInstanceConstant,/Game/SD_Art/Industrial_Infrastructure/Assets/Wall_Panels/MI_Tiling_Beams_Painted_01.MI_Tiling_Beams_Painted_01,
material,MaterialInstanceConstant,/Game/SD_Art/Industrial_Infrastructure/Assets/Wall_Panels/MI_Tiling_Beams_Painted_01_Blue.MI_Tiling_Beams_Painted_01_Blue,
material,MaterialInstanceConstant,/Game/SD_Art/Industrial_Infrastructure/Assets/Wall_Panels/MI_Tiling_Beams_Painted_Industrial.MI_Tiling_Beams_Painted_Industrial,
material,MaterialInstanceConstant,/Game/SD_Art/Industrial_Infrastructure/Assets/Wall_Panels/MI_Tiling_Beams_Rusted.MI_Tiling_Beams_Rusted,
material,MaterialInstanceConstant,/Game/SD_Art/Industrial_Infrastructure/Assets/Wall_Panels/MI_Tiling_Walls_Painted.MI_Tiling_Walls_Painted,
material,MaterialInstanceConstant,/Game/SD_Art/Industrial_Infrastructure/Assets/Wall_Panels/MI_Tiling_Walls_Painted_Blue.MI_Tiling_Walls_Painted_Blue,
material,MaterialInstanceConstant,/Game/SD_Art/Industrial_Infrastructure/Assets/Wall_Panels/MI_Tiling_Walls_Painted_Industrial.MI_Tiling_Walls_Painted_Industrial,
material,MaterialInstanceConstant,/Game/SD_Art/Industrial_Infrastructure/Assets/Wall_Panels/MI_Tiling_Walls_Rusted_Blend_Dark.MI_Tiling_Walls_Rusted_Blend_Dark,
material,MaterialInstanceConstant,/Game/SD_Art/Industrial_Infrastructure/Assets/Wall_Panels/MI_Window_Glass.MI_Window_Glass,
material,MaterialInstanceConstant,/Game/SD_Art/Industrial_Infrastructure/Assets/Wall_Panels/MI_Window_Glass_Opaque.MI_Window_Glass_Opaque,
material,MaterialInstanceConstant,/Game/SD_Art/Industrial_Infrastructure/Assets/Wall_Panels/MI_Windows_Doors_01.MI_Windows_Doors_01,
material,MaterialInstanceConstant,/Game/SD_Art/Industrial_Infrastructure/Assets/Wall_Panels/MI_Windows_Doors_01_Blue.MI_Windows_Doors_01_Blue,
material,MaterialInstanceConstant,/Game/SD_Art/Industrial_Infrastructure/Materials/Underwater_Growth/MI_Underwater_Growth_01.MI_Underwater_Growth_01,
material,MaterialInstanceConstant,/Game/SD_Art/_SD_Materials/MI_Default_Dark_Inst.MI_Default_Dark_Inst,
material,MaterialInstanceConstant,/Game/SD_Art/_SD_Materials/MI_Default_Decal_Inst.MI_Default_Decal_Inst,
material,MaterialInstanceConstant,/Game/SD_Art/_SD_Materials/MI_Default_Master_Inst.MI_Default_Master_Inst,
material,MaterialInstanceConstant,/Game/SD_Art/_SD_Materials/MI_Default_VertexPaint_Inst.MI_Default_VertexPaint_Inst,
material,MaterialInstanceConstant,/Game/SD_Art/_SD_Materials/MI_Post_Process.MI_Post_Process,
material,MaterialInstanceConstant,/Game/SD_Art/_SD_Materials/MI_SD_Sky_Daytime_Cloudy.MI_SD_Sky_Daytime_Cloudy,
material,MaterialInstanceConstant,/Game/SM_Tiles_02/Materials/Tiles_02/MT00022-Large_Granite_Tiles/MI_MT00022_Large_Granite_Tiles.MI_MT00022_Large_Granite_Tiles,
material,MaterialInstanceConstant,/Game/SM_Tiles_02/Materials/Tiles_02/MT00025-Office_Ceiling_Tiles/MI_MT00025_Office_Ceiling_Tiles.MI_MT00025_Office_Ceiling_Tiles,
material,MaterialInstanceConstant,/Game/SM_Tiles_02/Materials/Tiles_02/MT00083_Tiles/MI_MT00083_Tiles.MI_MT00083_Tiles,
material,MaterialInstanceConstant,/Game/SM_Tiles_02/Materials/Tiles_02/MT00084-Tiles/MI_MT00084_Tiles.MI_MT00084_Tiles,
material,MaterialInstanceConstant,/Game/SM_Tiles_02/Materials/Tiles_02/MT00115_Granite_Tiles/MI_MT00115_Granite_Tiles.MI_MT00115_Granite_Tiles,
material,MaterialInstanceConstant,/Game/SM_Tiles_02/Materials/Tiles_02/MT00195_New_Large_Bricks/MI_MT00195_New_Large_Bricks.MI_MT00195_New_Large_Bricks,
material,MaterialInstanceConstant,/Game/Scene_Warehouse/Assets/MS/3D/Ind_Aba_Box_Dusty_Metal_Pristine_01/MI_Ind_Aba_Box_Dusty_Metal_Pristine_01.MI_Ind_Aba_Box_Dusty_Metal_Pristine_01,
material,MaterialInstanceConstant,/Game/Scene_Warehouse/Assets/MS/3D/Ind_Aba_Chain_Metal_Hanging_01/MI_Ind_Aba_Chain_Metal_Hanging_01.MI_Ind_Aba_Chain_Metal_Hanging_01,
material,MaterialInstanceConstant,/Game/Scene_Warehouse/Assets/MS/3D/Ind_Aba_Storage_Barrel_Metal_Blue_01/MI_Ind_Aba_Storage_Barrel_Metal_Blue_01.MI_Ind_Aba_Storage_Barrel_Metal_Blue_01,
material,MaterialInstanceConstant,/Game/Scene_Warehouse/Assets/MS/3D/Ind_Aba_Storage_Barrel_Metal_Buckled_01/MI_Ind_Aba_Storage_Barrel_Metal_Buckled_01.MI_Ind_Aba_Storage_Barrel_Metal_Buckled_01,
material,MaterialInstanceConstant,/Game/Scene_Warehouse/Assets/MS/3D/Ind_Aba_Storage_Barrel_Metal_Green_01/MI_Ind_Aba_Storage_Barrel_Metal_Green_01.MI_Ind_Aba_Storage_Barrel_Metal_Green_01,
material,MaterialInstanceConstant,/Game/Scene_Warehouse/Assets/MS/3D/Ind_Aba_Storage_Barrel_Metal_Rust_01/MI_Ind_Aba_Storage_Barrel_Metal_Rust_01.MI_Ind_Aba_Storage_Barrel_Metal_Rust_01,
material,MaterialInstanceConstant,/Game/Scene_Warehouse/Assets/MS/3D/Ind_Aba_Tank_Gas_Metal_Worn_02/MI_Ind_Aba_Tank_Gas_Metal_Worn_02.MI_Ind_Aba_Tank_Gas_Metal_Worn_02,
material,MaterialInstanceConstant,/Game/Scene_Warehouse/Assets/MS/3D/Ind_Aba_Tarp_Wrinkled_01/MI_Ind_Aba_Tarp_Wrinkled_01.MI_Ind_Aba_Tarp_Wrinkled_01,
material,MaterialInstanceConstant,/Game/Scene_Warehouse/Assets/MS/3D/Ind_Con_Supplies_Beam_Metal_Rusty_01/MI_Ind_Con_Supplies_Beam_Metal_Rusty_01.MI_Ind_Con_Supplies_Beam_Metal_Rusty_01,
material,MaterialInstanceConstant,/Game/Scene_Warehouse/Assets/MS/3D/Ind_Fac_Container_Drum_Metal_Worn_01/MI_Ind_Fac_Container_Drum_Metal_Worn_01.MI_Ind_Fac_Container_Drum_Metal_Worn_01,
material,MaterialInstanceConstant,/Game/Scene_Warehouse/Assets/MS/3D/Ind_Fac_Container_Drum_Metal_Worn_02/MI_Ind_Fac_Container_Drum_Metal_Worn_02.MI_Ind_Fac_Container_Drum_Metal_Worn_02,
material,MaterialInstanceConstant,/Game/Scene_Warehouse/Assets/MS/3D/Ind_Fac_Panel_ElectricalBox_Metal_Worn_03/MI_Ind_Fac_Panel_ElectricalBox_Metal_Worn_03.MI_Ind_Fac_Panel_ElectricalBox_Metal_Worn_03,
material,MaterialInstanceConstant,/Game/Scene_Warehouse/Assets/MS/3D/Ind_Sto_Barrel_Metal_Rust_03/MI_Ind_Sto_Barrel_Metal_Rust_03.MI_Ind_Sto_Barrel_Metal_Rust_03,
material,MaterialInstanceConstant,/Game/Scene_Warehouse/Assets/MS/3D/Ind_War_Bulkhead_Metal_Caged_01/MI_Ind_War_Bulkhead_Metal_Caged_01.MI_Ind_War_Bulkhead_Metal_Caged_01,
material,MaterialInstanceConstant,/Game/Scene_Warehouse/Assets/MS/3D/Ind_War_Cabinet_Electric_Metal_Dirty_01/MI_Ind_War_Cabinet_Electric_Metal_Dirty_01.MI_Ind_War_Cabinet_Electric_Metal_Dirty_01,
material,MaterialInstanceConstant,/Game/Scene_Warehouse/Assets/MS/3D/Ind_War_Cable_Power_Rubber_Weathered_03/MI_Ind_War_Cable_Power_Rubber_Weathered_03.MI_Ind_War_Cable_Power_Rubber_Weathered_03,
material,MaterialInstanceConstant,/Game/Scene_Warehouse/Assets/MS/3D/Ind_War_Container_Jerrycan_Metal_Red_03/MI_Ind_War_Container_Jerrycan_Metal_Red_03.MI_Ind_War_Container_Jerrycan_Metal_Red_03,
material,MaterialInstanceConstant,/Game/Scene_Warehouse/Assets/MS/3D/Ind_War_Equipment_Handtruck_Metal_Worn_02/MI_Ind_War_Equipment_Handtruck_Metal_Worn_02.MI_Ind_War_Equipment_Handtruck_Metal_Worn_02,
material,MaterialInstanceConstant,/Game/Scene_Warehouse/Assets/MS/3D/Ind_War_Equipment_Ladder_Metal_03/MI_Ind_War_Equipment_Ladder_Metal_03.MI_Ind_War_Equipment_Ladder_Metal_03,
material,MaterialInstanceConstant,/Game/Scene_Warehouse/Assets/MS/3D/Ind_War_Equipment_Ladder_Metal_Worn_01/MI_Ind_War_Equipment_Ladder_Metal_Worn_01.MI_Ind_War_Equipment_Ladder_Metal_Worn_01,
material,MaterialInstanceConstant,/Game/Scene_Warehouse/Assets/MS/3D/Ind_War_Equipment_RadioCable_01/MI_Ind_War_Equipment_RadioCable_01.MI_Ind_War_Equipment_RadioCable_01,
material,MaterialInstanceConstant,/Game/Scene_Warehouse/Assets/MS/3D/Ind_War_Furniture_Table_Wood_Worn_01/MI_Ind_War_Furniture_Table_Wood_Worn_01.MI_Ind_War_Furniture_Table_Wood_Worn_01,
material,MaterialInstanceConstant,/Game/Scene_Warehouse/Assets/MS/3D/Ind_War_Light_Ceiling_Metal_Hanging_01/MI_Ind_War_Light_Ceiling_Metal_Hanging_01.MI_Ind_War_Light_Ceiling_Metal_Hanging_01,
material,MaterialInstanceConstant,/Game/Scene_Warehouse/Assets/MS/3D/Ind_War_Light_Ceiling_Metal_Hanging_02/MI_Ind_War_Light_Ceiling_Metal_Hanging_02.MI_Ind_War_Light_Ceiling_Metal_Hanging_02,
material,MaterialInstanceConstant,/Game/Scene_Warehouse/Assets/MS/3D/Ind_War_Pallet_Shelf_Metal_Modular_01/MI_Ind_War_Pallet_Shelf_Metal_Modular_01.MI_Ind_War_Pallet_Shelf_Metal_Modular_01,
material,MaterialInstanceConstant,/Game/Scene_Warehouse/Assets/MS/3D/Ind_War_Spool_Rope_S_01/MI_Ind_War_Spool_Rope_S_01.MI_Ind_War_Spool_Rope_S_01,
material,MaterialInstanceConstant,/Game/Scene_Warehouse/Assets/MS/3D/Ind_War_Storage_Barrel_Plastic_Blue_01/MI_Ind_War_Storage_Barrel_Plastic_Blue_01.MI_Ind_War_Storage_Barrel_Plastic_Blue_01,
material,MaterialInstanceConstant,/Game/Scene_Warehouse/Assets/MS/3D/Ind_War_Storage_Barrel_Plastic_Blue_04/MI_Ind_War_Storage_Barrel_Plastic_Blue_04.MI_Ind_War_Storage_Barrel_Plastic_Blue_04,
material,MaterialInstanceConstant,/Game/Scene_Warehouse/Assets/MS/3D/Ind_War_Storage_Barrel_Plastic_Blue_21/MI_Ind_War_Storage_Barrel_Plastic_Blue_21.MI_Ind_War_Storage_Barrel_Plastic_Blue_21,
material,MaterialInstanceConstant,/Game/Scene_Warehouse/Assets/MS/3D/Ind_War_Storage_Box_Cardboard_S_01/MI_Ind_War_Storage_Box_Cardboard_S_01.MI_Ind_War_Storage_Box_Cardboard_S_01,
material,MaterialInstanceConstant,/Game/Scene_Warehouse/Assets/MS/3D/Ind_War_Storage_Box_Cardboard_S_05/MI_Ind_War_Storage_Box_Cardboard_S_05.MI_Ind_War_Storage_Box_Cardboard_S_05,
material,MaterialInstanceConstant,/Game/Scene_Warehouse/Assets/MS/3D/Ind_War_Storage_Box_Cardboard_Set_01/MI_Ind_War_Storage_Box_Cardboard_Set_01.MI_Ind_War_Storage_Box_Cardboard_Set_01,
material,MaterialInstanceConstant,/Game/Scene_Warehouse/Assets/MS/3D/Ind_War_Storage_Box_Cardboard_Set_02/MI_Ind_War_Storage_Box_Cardboard_Set_02.MI_Ind_War_Storage_Box_Cardboard_Set_02,
material,MaterialInstanceConstant,/Game/Scene_Warehouse/Assets/MS/3D/Ind_War_Storage_Box_Cardboard_Set_03/MI_Ind_War_Storage_Box_Cardboard_Set_03.MI_Ind_War_Storage_Box_Cardboard_Set_03,
material,MaterialInstanceConstant,/Game/Scene_Warehouse/Assets/MS/3D/Ind_War_Storage_Box_Cardboard_Worn_02/MI_Ind_War_Storage_Box_Cardboard_Worn_02.MI_Ind_War_Storage_Box_Cardboard_Worn_02,
material,MaterialInstanceConstant,/Game/Scene_Warehouse/Assets/MS/3D/Ind_War_Storage_Box_Plastic_Blue_04/MI_Ind_War_Storage_Box_Plastic_Blue_04.MI_Ind_War_Storage_Box_Plastic_Blue_04,
material,MaterialInstanceConstant,/Game/Scene_Warehouse/Assets/MS/3D/Ind_War_Storage_Cabinet_Metal_Rusty_01/MI_Ind_War_Storage_Cabinet_Metal_Rusty_01.MI_Ind_War_Storage_Cabinet_Metal_Rusty_01,
material,MaterialInstanceConstant,/Game/Scene_Warehouse/Assets/MS/3D/Ind_War_Storage_Crate_Plastic_Blue_01/MI_Ind_War_Storage_Crate_Plastic_Blue_01.MI_Ind_War_Storage_Crate_Plastic_Blue_01,
material,MaterialInstanceConstant,/Game/Scene_Warehouse/Assets/MS/3D/Ind_War_Storage_Crate_Plastic_Teal_01/MI_Ind_War_Storage_Crate_Plastic_Teal_01.MI_Ind_War_Storage_Crate_Plastic_Teal_01,
material,MaterialInstanceConstant,/Game/Scene_Warehouse/Assets/MS/3D/Ind_War_Storage_Crate_Plastic_White_01/MI_Ind_War_Storage_Crate_Plastic_White_01.MI_Ind_War_Storage_Crate_Plastic_White_01,
material,MaterialInstanceConstant,/Game/Scene_Warehouse/Assets/MS/3D/Ind_War_Storage_Crate_Trap_Covered_01/MI_Ind_War_Storage_Crate_Trap_Covered_01.MI_Ind_War_Storage_Crate_Trap_Covered_01,
material,MaterialInstanceConstant,/Game/Scene_Warehouse/Assets/MS/3D/Ind_War_Storage_Crate_Trap_Covered_02/MI_Ind_War_Storage_Crate_Trap_Covered_02.MI_Ind_War_Storage_Crate_Trap_Covered_02,
material,MaterialInstanceConstant,/Game/Scene_Warehouse/Assets/MS/3D/Ind_War_Storage_Pallet_Wood_Worn_01/MI_Ind_War_Storage_Pallet_Wood_Worn_01.MI_Ind_War_Storage_Pallet_Wood_Worn_01,
material,MaterialInstanceConstant,/Game/Scene_Warehouse/Assets/MS/3D/Ind_War_Storage_Pallet_Wood_Worn_04/MI_Ind_War_Storage_Pallet_Wood_Worn_04.MI_Ind_War_Storage_Pallet_Wood_Worn_04,
material,MaterialInstanceConstant,/Game/Scene_Warehouse/Assets/MS/3D/Ind_War_Storage_Pallet_Wood_Worn_07/MI_Ind_War_Storage_Pallet_Wood_Worn_07.MI_Ind_War_Storage_Pallet_Wood_Worn_07,
material,MaterialInstanceConstant,/Game/Scene_Warehouse/Assets/MS/3D/Ind_War_Storage_Sheet_Cardboard_Flattened_03/MI_Ind_War_Storage_Sheet_Cardboard_Flattened_03.MI_Ind_War_Storage_Sheet_Cardboard_Flattened_03,
material,MaterialInstanceConstant,/Game/Scene_Warehouse/Assets/MS/3D/Ind_War_Storage_Sheet_Cardboard_Flattened_04/MI_Ind_War_Storage_Sheet_Cardboard_Flattened_04.MI_Ind_War_Storage_Sheet_Cardboard_Flattened_04,
material,MaterialInstanceConstant,/Game/Scene_Warehouse/Assets/MS/3D/Ind_War_Storage_Sheet_Cardboard_Flattened_05/MI_Ind_War_Storage_Sheet_Cardboard_Flattened_05.MI_Ind_War_Storage_Sheet_Cardboard_Flattened_05,
material,MaterialInstanceConstant,/Game/Scene_Warehouse/Assets/MS/3D/Ind_War_Storage_Shelf_Metal_Rusted_02/MI_Ind_War_Storage_Shelf_Metal_Rusted_02.MI_Ind_War_Storage_Shelf_Metal_Rusted_02,
material,MaterialInstanceConstant,/Game/Scene_Warehouse/Assets/MS/3D/Ind_War_Strap_Lashing_Weathered_06/MI_Ind_War_Strap_Lashing_Weathered_06_A.MI_Ind_War_Strap_Lashing_Weathered_06_A,
material,MaterialInstanceConstant,/Game/Scene_Warehouse/Assets/MS/3D/Ind_War_Strap_Lashing_Weathered_06/MI_Ind_War_Strap_Lashing_Weathered_06_B.MI_Ind_War_Strap_Lashing_Weathered_06_B,
material,MaterialInstanceConstant,/Game/Scene_Warehouse/Assets/MS/3D/Ind_War_Trash_Bin_Metal_Worn_02/MI_Ind_War_Trash_Bin_Metal_Worn_02.MI_Ind_War_Trash_Bin_Metal_Worn_02,
material,MaterialInstanceConstant,/Game/Scene_Warehouse/Assets/MS/3D/Res_Fur_Stool_Metal_Worn_01/MI_Res_Fur_Stool_Metal_Worn_01.MI_Res_Fur_Stool_Metal_Worn_01,
material,MaterialInstanceConstant,/Game/Scene_Warehouse/Assets/MS/3D/Res_Gar_Storage_Toolbox_Wood_Worn_01/MI_Res_Gar_Storage_Toolbox_Wood_Worn_01.MI_Res_Gar_Storage_Toolbox_Wood_Worn_01,
material,MaterialInstanceConstant,/Game/Scene_Warehouse/Assets/MS/3D/Urb_Roa_Debris_Concrete_Damaged_04/MI_Urb_Roa_Debris_Concrete_Damaged_04_A.MI_Urb_Roa_Debris_Concrete_Damaged_04_A,
material,MaterialInstanceConstant,/Game/Scene_Warehouse/Assets/MS/3D/Urb_Roa_Debris_Concrete_Damaged_04/MI_Urb_Roa_Debris_Concrete_Damaged_04_B.MI_Urb_Roa_Debris_Concrete_Damaged_04_B,
material,MaterialInstanceConstant,/Game/Scene_Warehouse/Assets/MS/3D/Urb_Str_ElectricalBox_Metal_Worn_01/MI_Urb_Str_ElectricalBox_Metal_Worn_01.MI_Urb_Str_ElectricalBox_Metal_Worn_01,
material,MaterialInstanceConstant,/Game/Scene_Warehouse/Assets/MS/Decals/Decal_Crack_Asphalt_01/MI_Decal_Crack_Asphalt_01_A.MI_Decal_Crack_Asphalt_01_A,
material,MaterialInstanceConstant,/Game/Scene_Warehouse/Assets/MS/Decals/Decal_Crack_Asphalt_01/MI_Decal_Crack_Asphalt_01_B.MI_Decal_Crack_Asphalt_01_B,
material,MaterialInstanceConstant,/Game/Scene_Warehouse/Assets/MS/Decals/Decal_Leak_Grime_01/MI_Decal_Leak_Grime_01_A.MI_Decal_Leak_Grime_01_A,
material,MaterialInstanceConstant,/Game/Scene_Warehouse/Assets/MS/Decals/Decal_Leak_Grime_01/MI_Decal_Leak_Grime_01_B.MI_Decal_Leak_Grime_01_B,
material,MaterialInstanceConstant,/Game/Scene_Warehouse/Assets/MS/Decals/Decal_Leak_Grime_02/MI_Decal_Leak_Grime_02_A.MI_Decal_Leak_Grime_02_A,
material,MaterialInstanceConstant,/Game/Scene_Warehouse/Assets/MS/Decals/Decal_Leak_Grime_02/MI_Decal_Leak_Grime_02_B.MI_Decal_Leak_Grime_02_B,
material,MaterialInstanceConstant,/Game/Scene_Warehouse/Assets/MS/Decals/Decal_Line_Concrete_01/MI_Decal_Line_Concrete_01.MI_Decal_Line_Concrete_01,
material,MaterialInstanceConstant,/Game/Scene_Warehouse/Assets/MS/Decals/Decal_Line_Road_White_01/MI_Decal_Line_Road_White_01.MI_Decal_Line_Road_White_01,
material,MaterialInstanceConstant,/Game/Scene_Warehouse/Assets/MS/Decals/Decal_Mat_Rubber_Worn_01/MI_Decal_Mat_Rubber_Worn_01_A.MI_Decal_Mat_Rubber_Worn_01_A,
material,MaterialInstanceConstant,/Game/Scene_Warehouse/Assets/MS/Decals/Decal_Mat_Rubber_Worn_01/MI_Decal_Mat_Rubber_Worn_01_B.MI_Decal_Mat_Rubber_Worn_01_B,
material,MaterialInstanceConstant,/Game/Scene_Warehouse/Assets/MS/Decals/Decal_Number_Five_Painted_01/MI_Decal_Number_Five_Painted_01_A.MI_Decal_Number_Five_Painted_01_A,
material,MaterialInstanceConstant,/Game/Scene_Warehouse/Assets/MS/Decals/Decal_Number_Five_Painted_01/MI_Decal_Number_Five_Painted_01_B.MI_Decal_Number_Five_Painted_01_B,
material,MaterialInstanceConstant,/Game/Scene_Warehouse/Assets/MS/Decals/Decal_Number_Four_Painted_01/MI_Decal_Number_Four_Painted_01_A.MI_Decal_Number_Four_Painted_01_A,
material,MaterialInstanceConstant,/Game/Scene_Warehouse/Assets/MS/Decals/Decal_Number_Four_Painted_01/MI_Decal_Number_Four_Painted_01_B.MI_Decal_Number_Four_Painted_01_B,
material,MaterialInstanceConstant,/Game/Scene_Warehouse/Assets/MS/Decals/Decal_Number_One_Painted_01/MI_Decal_Number_One_Painted_01_A.MI_Decal_Number_One_Painted_01_A,
material,MaterialInstanceConstant,/Game/Scene_Warehouse/Assets/MS/Decals/Decal_Number_One_Painted_01/MI_Decal_Number_One_Painted_01_B.MI_Decal_Number_One_Painted_01_B,
material,MaterialInstanceConstant,/Game/Scene_Warehouse/Assets/MS/Decals/Decal_Number_Three_Painted_01/MI_Decal_Number_Three_Painted_01_A.MI_Decal_Number_Three_Painted_01_A,
material,MaterialInstanceConstant,/Game/Scene_Warehouse/Assets/MS/Decals/Decal_Number_Three_Painted_01/MI_Decal_Number_Three_Painted_01_B.MI_Decal_Number_Three_Painted_01_B,
material,MaterialInstanceConstant,/Game/Scene_Warehouse/Assets/MS/Decals/Decal_Number_Two_Painted_01/MI_Decal_Number_Two_Painted_01_A.MI_Decal_Number_Two_Painted_01_A,
material,MaterialInstanceConstant,/Game/Scene_Warehouse/Assets/MS/Decals/Decal_Number_Two_Painted_01/MI_Decal_Number_Two_Painted_01_B.MI_Decal_Number_Two_Painted_01_B,
material,MaterialInstanceConstant,/Game/Scene_Warehouse/Assets/MS/Decals/Decal_Number_Zero_Painted_01/MI_Decal_Number_Zero_Painted_01_A.MI_Decal_Number_Zero_Painted_01_A,
material,MaterialInstanceConstant,/Game/Scene_Warehouse/Assets/MS/Decals/Decal_Number_Zero_Painted_01/MI_Decal_Number_Zero_Painted_01_B.MI_Decal_Number_Zero_Painted_01_B,
material,MaterialInstanceConstant,/Game/Scene_Warehouse/Assets/MS/Decals/Decal_Papers_Dirty_01/MI_Decal_Papers_Dirty_01.MI_Decal_Papers_Dirty_01,
material,MaterialInstanceConstant,/Game/Scene_Warehouse/Assets/MS/Decals/Decal_Patch_Concrete_01/MI_Decal_Patch_Concrete_01_A.MI_Decal_Patch_Concrete_01_A,
material,MaterialInstanceConstant,/Game/Scene_Warehouse/Assets/MS/Decals/Decal_Patch_Concrete_01/MI_Decal_Patch_Concrete_01_B.MI_Decal_Patch_Concrete_01_B,
material,MaterialInstanceConstant,/Game/Scene_Warehouse/Assets/MS/Decals/Decal_Plate_Metal_Rusted_01/MI_Decal_Plate_Metal_Rusted_01.MI_Decal_Plate_Metal_Rusted_01,
material,MaterialInstanceConstant,/Game/Scene_Warehouse/Assets/MS/Decals/Decal_Plate_Metal_Rusted_02/MI_Decal_Plate_Metal_Rusted_02.MI_Decal_Plate_Metal_Rusted_02,
material,MaterialInstanceConstant,/Game/Scene_Warehouse/Assets/MS/Decals/Decal_Plate_Metal_Rusted_03/MI_Decal_Plate_Metal_Rusted_03.MI_Decal_Plate_Metal_Rusted_03,
material,MaterialInstanceConstant,/Game/Scene_Warehouse/Assets/MS/Decals/Decal_Scatter_Garbage_Small_01/MI_Decal_Scatter_Garbage_Small_01.MI_Decal_Scatter_Garbage_Small_01,
material,MaterialInstanceConstant,/Game/Scene_Warehouse/Assets/MS/Decals/Decal_Scatter_Garbage_Thin_01/MI_Decal_Scatter_Garbage_Thin_01_A.MI_Decal_Scatter_Garbage_Thin_01_A,
material,MaterialInstanceConstant,/Game/Scene_Warehouse/Assets/MS/Decals/Decal_Scatter_Garbage_Thin_01/MI_Decal_Scatter_Garbage_Thin_01_B.MI_Decal_Scatter_Garbage_Thin_01_B,
material,MaterialInstanceConstant,/Game/Scene_Warehouse/Assets/MS/Decals/Decal_Sheet_Fiber_Glass_01/MI_Decal_Sheet_Fiber_Glass_01_A.MI_Decal_Sheet_Fiber_Glass_01_A,
material,MaterialInstanceConstant,/Game/Scene_Warehouse/Assets/MS/Decals/Decal_Sheet_Fiber_Glass_01/MI_Decal_Sheet_Fiber_Glass_01_B.MI_Decal_Sheet_Fiber_Glass_01_B,
material,MaterialInstanceConstant,/Game/Scene_Warehouse/Assets/MS/Decals/Decal_Sheet_Metal_Rusty_01/MI_Decal_Sheet_Metal_Rusty_01.MI_Decal_Sheet_Metal_Rusty_01,
material,MaterialInstanceConstant,/Game/Scene_Warehouse/Assets/MS/Decals/Decal_Splatter_Blood_HighVelocity_01/MI_Decal_Splatter_Blood_HighVelocity_01_A.MI_Decal_Splatter_Blood_HighVelocity_01_A,
material,MaterialInstanceConstant,/Game/Scene_Warehouse/Assets/MS/Decals/Decal_Splatter_Blood_HighVelocity_01/MI_Decal_Splatter_Blood_HighVelocity_01_B.MI_Decal_Splatter_Blood_HighVelocity_01_B,
material,MaterialInstanceConstant,/Game/Scene_Warehouse/Assets/MS/Decals/Decal_Splatter_Blood_HighVelocity_01/MI_Decal_Splatter_Blood_HighVelocity_01_C.MI_Decal_Splatter_Blood_HighVelocity_01_C,
material,MaterialInstanceConstant,/Game/Scene_Warehouse/Assets/MS/Decals/Decal_Stain_Mud_01/MI_Decal_Stain_Mud_01_A.MI_Decal_Stain_Mud_01_A,
material,MaterialInstanceConstant,/Game/Scene_Warehouse/Assets/MS/Decals/Decal_Stain_Mud_01/MI_Decal_Stain_Mud_01_B.MI_Decal_Stain_Mud_01_B,
material,MaterialInstanceConstant,/Game/Scene_Warehouse/Assets/MS/Decals/Decal_Stain_Mud_01/MI_Decal_Stain_Mud_01_C.MI_Decal_Stain_Mud_01_C,
material,MaterialInstanceConstant,/Game/Scene_Warehouse/Assets/MS/Surfaces/Ind_War_Floor_Concrete_Smooth_01/MI_Ind_War_Floor_Concrete_Smooth_01_A.MI_Ind_War_Floor_Concrete_Smooth_01_A,
material,MaterialInstanceConstant,/Game/Scene_Warehouse/Assets/MS/Surfaces/Ind_War_Floor_Concrete_Smooth_01/MI_Ind_War_Floor_Concrete_Smooth_01_B.MI_Ind_War_Floor_Concrete_Smooth_01_B,
material,MaterialInstanceConstant,/Game/Scene_Warehouse/Assets/MS/Surfaces/Ind_War_Garage_Door_Metal_Worn_01/MI_Ind_War_Garage_Door_Metal_Worn_01.MI_Ind_War_Garage_Door_Metal_Worn_01,
material,MaterialInstanceConstant,/Game/Scene_Warehouse/Assets/MS/Surfaces/Ind_War_Roof_Painted_01/MI_Ind_War_Roof_Painted_01.MI_Ind_War_Roof_Painted_01,
material,MaterialInstanceConstant,/Game/Scene_Warehouse/Assets/MS/Surfaces/Ind_War_Sheet_Metal_Rusty_01/MI_Ind_War_Sheet_Metal_Rusty_01_A.MI_Ind_War_Sheet_Metal_Rusty_01_A,
material,MaterialInstanceConstant,/Game/Scene_Warehouse/Assets/MS/Surfaces/Ind_War_Sheet_Metal_Rusty_01/MI_Ind_War_Sheet_Metal_Rusty_01_B.MI_Ind_War_Sheet_Metal_Rusty_01_B,
material,MaterialInstanceConstant,/Game/Scene_Warehouse/Assets/MS/Surfaces/Ind_War_Wall_Facade_Concrete_New_01/MI_Ind_War_Wall_Facade_Concrete_New_01_A.MI_Ind_War_Wall_Facade_Concrete_New_01_A,
material,MaterialInstanceConstant,/Game/Scene_Warehouse/Assets/MS/Surfaces/Ind_War_Wall_Facade_Concrete_New_01/MI_Ind_War_Wall_Facade_Concrete_New_01_B.MI_Ind_War_Wall_Facade_Concrete_New_01_B,
material,MaterialInstanceConstant,/Game/Scene_Warehouse/Materials/MaterialInstances/MI_Ind_War_Emissive_01.MI_Ind_War_Emissive_01,
material,MaterialInstanceConstant,/Game/Scene_Warehouse/Materials/MaterialInstances/MI_Ind_War_Emissive_02.MI_Ind_War_Emissive_02,
material,MaterialInstanceConstant,/Game/Scene_Warehouse/Materials/MaterialInstances/MI_Ind_War_Wire_01.MI_Ind_War_Wire_01,
material,MaterialInstanceConstant,/Game/Scene_Warehouse/Materials/MaterialInstances/MI_Metal.MI_Metal,
material,MaterialInstanceConstant,/Game/Scene_Warehouse/VisualFramework/DemoRoom/Materials/MI_Display_Blue.MI_Display_Blue,
material,MaterialInstanceConstant,/Game/Scene_Warehouse/VisualFramework/DemoRoom/Materials/MI_TileBlack.MI_TileBlack,
material,MaterialInstanceConstant,/Game/Scene_Warehouse/VisualFramework/DemoRoom/Materials/MI_Tile_Ceiling.MI_Tile_Ceiling,
material,MaterialInstanceConstant,/Game/Scene_Warehouse/VisualFramework/DemoRoom/Materials/M_Tile_Glossy.M_Tile_Glossy,
material,MaterialInstanceConstant,/Game/Scene_Warehouse/VisualFramework/DemoRoom/Materials/M_Tile_Glossy_02.M_Tile_Glossy_02,
material,MaterialInstanceConstant,/Game/Singapore_Canal/Materials/MI_Bamboo_01.MI_Bamboo_01,
material,MaterialInstanceConstant,/Game/Singapore_Canal/Materials/MI_Banner_01.MI_Banner_01,
material,MaterialInstanceConstant,/Game/Singapore_Canal/Materials/MI_Barrel_01.MI_Barrel_01,
material,MaterialInstanceConstant,/Game/Singapore_Canal/Materials/MI_BigDoor_01.MI_BigDoor_01,
material,MaterialInstanceConstant,/Game/Singapore_Canal/Materials/MI_Bucket_01.MI_Bucket_01,
material,MaterialInstanceConstant,/Game/Singapore_Canal/Materials/MI_CratesTorch_01.MI_CratesTorch_01,
material,MaterialInstanceConstant,/Game/Singapore_Canal/Materials/MI_Fabric_01.MI_Fabric_01,
material,MaterialInstanceConstant,/Game/Singapore_Canal/Materials/MI_Fabric_02.MI_Fabric_02,
material,MaterialInstanceConstant,/Game/Singapore_Canal/Materials/MI_Fabric_03.MI_Fabric_03,
material,MaterialInstanceConstant,/Game/Singapore_Canal/Materials/MI_Fabric_04.MI_Fabric_04,
material,MaterialInstanceConstant,/Game/Singapore_Canal/Materials/MI_Lantern_02.MI_Lantern_02,
material,MaterialInstanceConstant,/Game/Singapore_Canal/Materials/MI_Lanterns_01.MI_Lanterns_01,
material,MaterialInstanceConstant,/Game/Singapore_Canal/Materials/MI_LionStatue_01.MI_LionStatue_01,
material,MaterialInstanceConstant,/Game/Singapore_Canal/Materials/MI_Master_01.MI_Master_01,
material,MaterialInstanceConstant,/Game/Singapore_Canal/Materials/MI_Master_Parallax.MI_Master_Parallax,
material,MaterialInstanceConstant,/Game/Singapore_Canal/Materials/MI_Master_Prop.MI_Master_Prop,
material,MaterialInstanceConstant,/Game/Singapore_Canal/Materials/MI_MetalParts_01.MI_MetalParts_01,
material,MaterialInstanceConstant,/Game/Singapore_Canal/Materials/MI_Mud.MI_Mud,
material,MaterialInstanceConstant,/Game/Singapore_Canal/Materials/MI_MuddyCanal_01.MI_MuddyCanal_01,
material,MaterialInstanceConstant,/Game/Singapore_Canal/Materials/MI_OldRope_01.MI_OldRope_01,
material,MaterialInstanceConstant,/Game/Singapore_Canal/Materials/MI_PlasterOld_01.MI_PlasterOld_01,
material,MaterialInstanceConstant,/Game/Singapore_Canal/Materials/MI_Pots_01.MI_Pots_01,
material,MaterialInstanceConstant,/Game/Singapore_Canal/Materials/MI_RandomTrim_01.MI_RandomTrim_01,
material,MaterialInstanceConstant,/Game/Singapore_Canal/Materials/MI_RoofTiles_01.MI_RoofTiles_01,
material,MaterialInstanceConstant,/Game/Singapore_Canal/Materials/MI_Sacks_01.MI_Sacks_01,
material,MaterialInstanceConstant,/Game/Singapore_Canal/Materials/MI_Sharpen.MI_Sharpen,
material,MaterialInstanceConstant,/Game/Singapore_Canal/Materials/MI_Shoji_01.MI_Shoji_01,
material,MaterialInstanceConstant,/Game/Singapore_Canal/Materials/MI_Sky.MI_Sky,
material,MaterialInstanceConstant,/Game/Singapore_Canal/Materials/MI_SmallDoor_01.MI_SmallDoor_01,
material,MaterialInstanceConstant,/Game/Singapore_Canal/Materials/MI_StairsStone_01.MI_StairsStone_01,
material,MaterialInstanceConstant,/Game/Singapore_Canal/Materials/MI_StoneFloor_01.MI_StoneFloor_01,
material,MaterialInstanceConstant,/Game/Singapore_Canal/Materials/MI_StoneMossy_01.MI_StoneMossy_01,
material,MaterialInstanceConstant,/Game/Singapore_Canal/Materials/MI_StoneWall_01.MI_StoneWall_01,
material,MaterialInstanceConstant,/Game/Singapore_Canal/Materials/MI_StoneWall_02.MI_StoneWall_02,
material,MaterialInstanceConstant,/Game/Singapore_Canal/Materials/MI_StoneWall_03.MI_StoneWall_03,
material,MaterialInstanceConstant,/Game/Singapore_Canal/Materials/MI_StonesDither.MI_StonesDither,
material,MaterialInstanceConstant,/Game/Singapore_Canal/Materials/MI_Stones_01.MI_Stones_01,
material,MaterialInstanceConstant,/Game/Singapore_Canal/Materials/MI_WallCornerStones_01.MI_WallCornerStones_01,
material,MaterialInstanceConstant,/Game/Singapore_Canal/Materials/MI_WallStoneBase.MI_WallStoneBase,
material,MaterialInstanceConstant,/Game/Singapore_Canal/Materials/MI_Wheelcart_01.MI_Wheelcart_01,
material,MaterialInstanceConstant,/Game/Singapore_Canal/Materials/MI_WoodMasked_Red.MI_WoodMasked_Red,
material,MaterialInstanceConstant,/Game/Singapore_Canal/Materials/MI_WoodOldRaw_01.MI_WoodOldRaw_01,
material,MaterialInstanceConstant,/Game/Singapore_Canal/Materials/MI_WoodPainted_01.MI_WoodPainted_01,
material,MaterialInstanceConstant,/Game/Singapore_Canal/Materials/MI_WoodPainted_02.MI_WoodPainted_02,
material,MaterialInstanceConstant,/Game/Singapore_Canal/Materials/MI_WoodPainted_03.MI_WoodPainted_03,
material,MaterialInstanceConstant,/Game/Singapore_Canal/Materials/MI_WoodPainted_04.MI_WoodPainted_04,
material,MaterialInstanceConstant,/Game/Singapore_Canal/Materials/MI_WoodPainted_05.MI_WoodPainted_05,
material,MaterialInstanceConstant,/Game/Singapore_Canal/Materials/MI_WoodRaw_01.MI_WoodRaw_01,
material,MaterialInstanceConstant,/Game/Singapore_Canal/Materials/MI_WoodRaw_02.MI_WoodRaw_02,
material,MaterialInstanceConstant,/Game/Singapore_Canal/Materials/MI_WoodRaw_03.MI_WoodRaw_03,
material,MaterialInstanceConstant,/Game/Singapore_Canal/Materials/MI_WoodVarnishedOld_01.MI_WoodVarnishedOld_01,
material,MaterialInstanceConstant,/Game/Singapore_Canal/Materials/MI_Wood_01_Planks_01.MI_Wood_01_Planks_01,
material,MaterialInstanceConstant,/Game/UnrealBucket/Library/ArchViz/AntiqueVase/MI_AntiqueVase.MI_AntiqueVase,
material,MaterialInstanceConstant,/Game/UnrealBucket/Library/ArchViz/Armchair/MI_Armchair.MI_Armchair,
material,MaterialInstanceConstant,/Game/UnrealBucket/Library/ArchViz/Armchair/MI_Armchair_FuzzyShading.MI_Armchair_FuzzyShading,
material,MaterialInstanceConstant,/Game/UnrealBucket/Library/ArchViz/Chair_01/MI_Chair.MI_Chair,
material,MaterialInstanceConstant,/Game/UnrealBucket/Library/ArchViz/Chair_02/MI_Chair.MI_Chair,
material,MaterialInstanceConstant,/Game/UnrealBucket/Library/ArchViz/Chair_02/MI_Chair_Legs.MI_Chair_Legs,
material,MaterialInstanceConstant,/Game/UnrealBucket/Library/ArchViz/Chair_02/MI_Chair_Legs_Metal.MI_Chair_Legs_Metal,
material,MaterialInstanceConstant,/Game/UnrealBucket/Library/ArchViz/Chandelier_01/MI_Bulb.MI_Bulb,
material,MaterialInstanceConstant,/Game/UnrealBucket/Library/ArchViz/Chandelier_01/MI_Bulb_Off.MI_Bulb_Off,
material,MaterialInstanceConstant,/Game/UnrealBucket/Library/ArchViz/Chandelier_01/MI_Chandelier.MI_Chandelier,
material,MaterialInstanceConstant,/Game/UnrealBucket/Library/ArchViz/ClassicConsole/MI_ClassicConsole.MI_ClassicConsole,
material,MaterialInstanceConstant,/Game/UnrealBucket/Library/ArchViz/CoffeeGrinder/MI_CoffeeGrinder.MI_CoffeeGrinder,
material,MaterialInstanceConstant,/Game/UnrealBucket/Library/ArchViz/DiningChair/MI_DiningChair.MI_DiningChair,
material,MaterialInstanceConstant,/Game/UnrealBucket/Library/ArchViz/ForestInAJar/MI_Cork.MI_Cork,
material,MaterialInstanceConstant,/Game/UnrealBucket/Library/ArchViz/ForestInAJar/MI_ForestInAJar.MI_ForestInAJar,
material,MaterialInstanceConstant,/Game/UnrealBucket/Library/ArchViz/ForestInAJar/MI_Jar.MI_Jar,
material,MaterialInstanceConstant,/Game/UnrealBucket/Library/ArchViz/GamingChair_01/MI_GamingChair_01.MI_GamingChair_01,
material,MaterialInstanceConstant,/Game/UnrealBucket/Library/ArchViz/GothicBed_01/MI_GothicBed.MI_GothicBed,
material,MaterialInstanceConstant,/Game/UnrealBucket/Library/ArchViz/GothicCabinet_01/MI_GothicCabinet_01.MI_GothicCabinet_01,
material,MaterialInstanceConstant,/Game/UnrealBucket/Library/ArchViz/GothicCommode_01/MI_GothicCommode_01.MI_GothicCommode_01,
material,MaterialInstanceConstant,/Game/UnrealBucket/Library/ArchViz/MetalFrameShelf/MI_MetalFrameShelf.MI_MetalFrameShelf,
material,MaterialInstanceConstant,/Game/UnrealBucket/Library/ArchViz/ModernCeilingLamp/MI_Bulb_On.MI_Bulb_On,
material,MaterialInstanceConstant,/Game/UnrealBucket/Library/ArchViz/ModernCeilingLamp/MI_ModernCeilingLamp.MI_ModernCeilingLamp,
material,MaterialInstanceConstant,/Game/UnrealBucket/Library/ArchViz/MokaPot/MI_MokaPot_Silver.MI_MokaPot_Silver,
material,MaterialInstanceConstant,/Game/UnrealBucket/Library/ArchViz/NeoGothicBookcase/MI_Bookshelf.MI_Bookshelf,
material,MaterialInstanceConstant,/Game/UnrealBucket/Library/ArchViz/Nightstand_01/MI_Nightstand.MI_Nightstand,
material,MaterialInstanceConstant,/Game/UnrealBucket/Library/ArchViz/OrnateMirror/MI_OrnateMirror.MI_OrnateMirror,
material,MaterialInstanceConstant,/Game/UnrealBucket/Library/ArchViz/OrnateMirror/MI_OrnateMirror_Clean.MI_OrnateMirror_Clean,
material,MaterialInstanceConstant,/Game/UnrealBucket/Library/ArchViz/VictorianArmchair/MI_VictorianArmchair.MI_VictorianArmchair,
material,MaterialInstanceConstant,/Game/UnrealBucket/Library/ArchViz/VictorianSofa/MI_VictorianSofa.MI_VictorianSofa,
material,MaterialInstanceConstant,/Game/UnrealBucket/Library/Electronics/WirelessHeadset/MI_WirelessHeadset_Blue.MI_WirelessHeadset_Blue,
material,MaterialInstanceConstant,/Game/UnrealBucket/Library/Electronics/WirelessHeadset/MI_WirelessHeadset_DarkBlue.MI_WirelessHeadset_DarkBlue,
material,MaterialInstanceConstant,/Game/UnrealBucket/Library/Electronics/WirelessHeadset/MI_WirelessHeadset_DarkGreen.MI_WirelessHeadset_DarkGreen,
material,MaterialInstanceConstant,/Game/UnrealBucket/Library/Electronics/WirelessHeadset/MI_WirelessHeadset_LightPink.MI_WirelessHeadset_LightPink,
material,MaterialInstanceConstant,/Game/UnrealBucket/Library/Industrial/Anvil/MI_Anvil.MI_Anvil,
material,MaterialInstanceConstant,/Game/UnrealBucket/Library/Industrial/FireExtinguisher/MI_FireExtinguisher.MI_FireExtinguisher,
material,MaterialInstanceConstant,/Game/UnrealBucket/Library/Tools/CarpenterTools/MI_CarpenterTools.MI_CarpenterTools,
material,MaterialInstanceConstant,/Game/UnrealBucket/Library/Various/Canteen/MI_Canteen.MI_Canteen,
material,MaterialInstanceConstant,/Game/UnrealBucket/Library/Various/Chest/MI_Chest.MI_Chest,
material,MaterialInstanceConstant,/Game/UnrealBucket/Library/Various/GrandfatherClock/MI_Glass.MI_Glass,
material,MaterialInstanceConstant,/Game/UnrealBucket/Library/Various/GrandfatherClock/MI_GrandfatherClock.MI_GrandfatherClock,
material,MaterialInstanceConstant,/Game/UnrealBucket/Library/Various/HandDryer/MI_HandDryer.MI_HandDryer,
material,MaterialInstanceConstant,/Game/UnrealBucket/Library/Various/Kettle/MI_Kettle.MI_Kettle,
material,MaterialInstanceConstant,/Game/UnrealBucket/Library/Various/Phonograph/MI_Phonograph.MI_Phonograph,
material,MaterialInstanceConstant,/Game/UnrealBucket/Library/Various/Phonograph/MI_Phonograph_Stand.MI_Phonograph_Stand,
material,MaterialInstanceConstant,/Game/UnrealBucket/Library/Various/Phonograph/MI_Vinyl.MI_Vinyl,
material,MaterialInstanceConstant,/Game/UnrealBucket/Library/Various/Piano/MI_Piano.MI_Piano,
material,MaterialInstanceConstant,/Game/UnrealBucket/Library/Various/Presents/MI_Present_A.MI_Present_A,
material,MaterialInstanceConstant,/Game/UnrealBucket/Library/Various/Presents/MI_Present_B.MI_Present_B,
material,MaterialInstanceConstant,/Game/UnrealBucket/Library/Various/Presents/MI_Present_C.MI_Present_C,
material,MaterialInstanceConstant,/Game/UnrealBucket/Library/Various/Presents/MI_Present_D.MI_Present_D,
material,MaterialInstanceConstant,/Game/UnrealBucket/Library/Various/Presents/MI_Present_E.MI_Present_E,
material,MaterialInstanceConstant,/Game/UnrealBucket/Library/Various/Presents/MI_Present_F.MI_Present_F,
material,MaterialInstanceConstant,/Game/UnrealBucket/Library/Various/ShoppingCart/MI_ShoppingCart.MI_ShoppingCart,
material,MaterialInstanceConstant,/Game/UnrealBucket/Library/Various/Trunk/MI_Trunk.MI_Trunk,
material,MaterialInstanceConstant,/Game/UnrealBucket/Library/Various/VikingHelmet/MI_VikingHelmet.MI_VikingHelmet,
material,MaterialInstanceConstant,/Game/UnrealBucket/Library/Various/VikingShield/MI_VikingShield_Dragon.MI_VikingShield_Dragon,
material,MaterialInstanceConstant,/Game/UnrealBucket/Library/Various/VikingShield/MI_VikingShield_Eagle.MI_VikingShield_Eagle,
material,MaterialInstanceConstant,/Game/UnrealBucket/Library/Various/VikingShield/MI_VikingShield_Swirl.MI_VikingShield_Swirl,
material,MaterialInstanceConstant,/Game/UnrealBucket/Library/Various/VintageTelescope/MI_VintageTelescope.MI_VintageTelescope,
material,MaterialInstanceConstant,/Game/UnrealBucket/Library/Weapon/Grenade/MI_Grenade.MI_Grenade,
material,MaterialInstanceConstant,/Game/UnrealBucket/Library/Weapon/Halberd/MI_Halberd.MI_Halberd,
material,MaterialInstanceConstant,/Game/UnrealBucket/Library/Weapon/MauserC96Pistol/MI_MauserC96_Pistol.MI_MauserC96_Pistol,
material,MaterialInstanceConstant,/Game/UnrealBucket/Library/Weapon/MauserC96Pistol/MI_MauserC96_Stock.MI_MauserC96_Stock,
material,MaterialInstanceConstant,/Game/UnrealBucket/Library/Weapon/ModularSwordsPack/Materials/MI_Grip.MI_Grip,
material,MaterialInstanceConstant,/Game/UnrealBucket/Library/Weapon/ModularSwordsPack/Materials/MI_Metal_A.MI_Metal_A,
material,MaterialInstanceConstant,/Game/UnrealBucket/Library/Weapon/ModularSwordsPack/Materials/MI_Metal_B.MI_Metal_B,
material,MaterialInstanceConstant,/Game/UnrealBucket/Library/Weapon/ModularSwordsPack/Materials/MI_Metal_C.MI_Metal_C,
material,MaterialInstanceConstant,/Game/UnrealBucket/Library/Weapon/Panzerfaust/MI_Panzerfaust.MI_Panzerfaust,
material,MaterialInstanceConstant,/Game/UnrealBucket/Library/Weapon/Panzerfaust/MI_Panzerfaust_Chest.MI_Panzerfaust_Chest,
material,MaterialInstanceConstant,/Game/UnrealBucket/Library/Weapon/Revolver/MI_Revolver.MI_Revolver,
material,MaterialInstanceConstant,/Game/UnrealBucket/Library/Weapon/Scabbards/Materials/ModularPieeces/MI_ScabbardComponents.MI_ScabbardComponents,
material,MaterialInstanceConstant,/Game/UnrealBucket/Library/Weapon/Scabbards/Materials/ScabbardVariants/MI_Scabbard.MI_Scabbard,
material,MaterialInstanceConstant,/Game/Variant_Horror/Blueprints/Light/Assets/Materials/MI_FlickeringLight.MI_FlickeringLight,
material,MaterialInstanceConstant,/Game/Vefects/Free_Fire/Demo/Materials/MI_GridMetrics.MI_GridMetrics,
material,MaterialInstanceConstant,/Game/Vefects/Free_Fire/Demo/Materials/MI_MetricsGridSphere.MI_MetricsGridSphere,
material,MaterialInstanceConstant,/Game/Vefects/Free_Fire/Shared/Materials/MI_VFX_Ashes_01.MI_VFX_Ashes_01,
material,MaterialInstanceConstant,/Game/Vefects/Free_Fire/Shared/Materials/MI_VFX_FireQuad_01.MI_VFX_FireQuad_01,
material,MaterialInstanceConstant,/Game/Vefects/Free_Fire/Shared/Materials/MI_VFX_FireQuad_02.MI_VFX_FireQuad_02,
material,MaterialInstanceConstant,/Game/Vefects/Free_Fire/Shared/Materials/MI_VFX_Fire_01.MI_VFX_Fire_01,
material,MaterialInstanceConstant,/Game/Vefects/Free_Fire/Shared/Materials/MI_VFX_Fire_02.MI_VFX_Fire_02,
material,MaterialInstanceConstant,/Game/Vefects/Free_Fire/Shared/Materials/MI_VFX_Glow_01.MI_VFX_Glow_01,
material,MaterialInstanceConstant,/Game/Vefects/Free_Fire/Shared/Materials/MI_VFX_HeatDistortion_Light.MI_VFX_HeatDistortion_Light,
material,MaterialInstanceConstant,/Game/Vefects/Free_Fire/Shared/Materials/MI_VFX_HeatDistortion_Strong.MI_VFX_HeatDistortion_Strong,
material,MaterialInstanceConstant,/Game/Vefects/Free_Fire/Shared/Materials/MI_VFX_Smoke_01.MI_VFX_Smoke_01,
material,MaterialInstanceConstant,/Game/Vefects/Free_Fire/Shared/Materials/MI_VFX_Smoke_02.MI_VFX_Smoke_02,
material,MaterialInstanceConstant,/Game/VintageIndustrialWarehouseVol1Deprecated/MaterialInstances/MI_demo_color_Inst.MI_demo_color_Inst,
material,MaterialInstanceConstant,/Game/VintageIndustrialWarehouseVol1Deprecated/MaterialInstances/MI_pallet1_v1_Inst1.MI_pallet1_v1_Inst1,
material,MaterialInstanceConstant,/Game/VintageIndustrialWarehouseVol1Deprecated/MaterialInstances/MI_pallet1_v1_Inst2.MI_pallet1_v1_Inst2,
material,MaterialInstanceConstant,/Game/VintageIndustrialWarehouseVol1Deprecated/MaterialInstances/MI_pallet1_v1_Inst3.MI_pallet1_v1_Inst3,
material,MaterialInstanceConstant,/Game/VintageIndustrialWarehouseVol1Deprecated/MaterialInstances/MI_pallet1_v2_Inst1.MI_pallet1_v2_Inst1,
material,MaterialInstanceConstant,/Game/VintageIndustrialWarehouseVol1Deprecated/MaterialInstances/MI_pallet1_v2_Inst2.MI_pallet1_v2_Inst2,
material,MaterialInstanceConstant,/Game/VintageIndustrialWarehouseVol1Deprecated/MaterialInstances/MI_pallet1_v2_Inst3.MI_pallet1_v2_Inst3,
material,MaterialInstanceConstant,/Game/VintageIndustrialWarehouseVol1Deprecated/MaterialInstances/MI_pallet2_v1_Inst1.MI_pallet2_v1_Inst1,
material,MaterialInstanceConstant,/Game/VintageIndustrialWarehouseVol1Deprecated/MaterialInstances/MI_pallet2_v1_Inst2.MI_pallet2_v1_Inst2,
material,MaterialInstanceConstant,/Game/VintageIndustrialWarehouseVol1Deprecated/MaterialInstances/MI_pallet2_v1_Inst3.MI_pallet2_v1_Inst3,
material,MaterialInstanceConstant,/Game/VintageIndustrialWarehouseVol1Deprecated/MaterialInstances/MI_pallet2_v2_Inst1.MI_pallet2_v2_Inst1,
material,MaterialInstanceConstant,/Game/VintageIndustrialWarehouseVol1Deprecated/MaterialInstances/MI_pallet2_v2_Inst2.MI_pallet2_v2_Inst2,
material,MaterialInstanceConstant,/Game/VintageIndustrialWarehouseVol1Deprecated/MaterialInstances/MI_pallet2_v2_Inst3.MI_pallet2_v2_Inst3,
material,MaterialInstanceConstant,/Game/VintageIndustrialWarehouseVol1Deprecated/MaterialInstances/MI_rack1_Inst1.MI_rack1_Inst1,
material,MaterialInstanceConstant,/Game/VintageIndustrialWarehouseVol1Deprecated/MaterialInstances/MI_rack2_Inst1.MI_rack2_Inst1,
material,MaterialInstanceConstant,/Game/VintageIndustrialWarehouseVol1Deprecated/MaterialInstances/MI_rack3_v1_Inst1.MI_rack3_v1_Inst1,
material,MaterialInstanceConstant,/Game/VintageIndustrialWarehouseVol1Deprecated/MaterialInstances/MI_rack3_v2_Inst1.MI_rack3_v2_Inst1,
material,MaterialInstanceConstant,/Game/VintageIndustrialWarehouseVol1Deprecated/MaterialInstances/MI_rack4_Inst1.MI_rack4_Inst1,
material,MaterialInstanceConstant,/Game/VintageIndustrialWarehouseVol1Deprecated/MaterialInstances/MI_wooden_box1_v1_Inst1.MI_wooden_box1_v1_Inst1,
material,MaterialInstanceConstant,/Game/VintageIndustrialWarehouseVol1Deprecated/MaterialInstances/MI_wooden_box1_v1_open_Inst1.MI_wooden_box1_v1_open_Inst1,
material,MaterialInstanceConstant,/Game/VintageIndustrialWarehouseVol1Deprecated/MaterialInstances/MI_wooden_box1_v2_Inst1.MI_wooden_box1_v2_Inst1,
material,MaterialInstanceConstant,/Game/VintageIndustrialWarehouseVol1Deprecated/MaterialInstances/MI_wooden_box1_v2_open_Inst1.MI_wooden_box1_v2_open_Inst1,
material,MaterialInstanceConstant,/Game/VintageIndustrialWarehouseVol1Deprecated/MaterialInstances/MI_wooden_box1_v3_Inst1.MI_wooden_box1_v3_Inst1,
material,MaterialInstanceConstant,/Game/VintageIndustrialWarehouseVol1Deprecated/MaterialInstances/MI_wooden_box1_v3_open_Inst1.MI_wooden_box1_v3_open_Inst1,
material,MaterialInstanceConstant,/Game/VintageIndustrialWarehouseVol1Deprecated/MaterialInstances/MI_wooden_box2_v1_Inst1.MI_wooden_box2_v1_Inst1,
material,MaterialInstanceConstant,/Game/VintageIndustrialWarehouseVol1Deprecated/MaterialInstances/MI_wooden_box2_v1_open_Inst1.MI_wooden_box2_v1_open_Inst1,
material,MaterialInstanceConstant,/Game/VintageIndustrialWarehouseVol1Deprecated/MaterialInstances/MI_wooden_box2_v2_Inst1.MI_wooden_box2_v2_Inst1,
material,MaterialInstanceConstant,/Game/VintageIndustrialWarehouseVol1Deprecated/MaterialInstances/MI_wooden_box2_v2_open_Inst1.MI_wooden_box2_v2_open_Inst1,
material,MaterialInstanceConstant,/Game/VintageIndustrialWarehouseVol1Deprecated/MaterialInstances/MI_wooden_box2_v3_Inst1.MI_wooden_box2_v3_Inst1,
material,MaterialInstanceConstant,/Game/VintageIndustrialWarehouseVol1Deprecated/MaterialInstances/MI_wooden_box2_v3_open_Inst1.MI_wooden_box2_v3_open_Inst1,
material,MaterialInstanceConstant,/Game/VintageIndustrialWarehouseVol1Deprecated/MaterialInstances/MI_wooden_box2_v4_Inst1.MI_wooden_box2_v4_Inst1,
material,MaterialInstanceConstant,/Game/VintageIndustrialWarehouseVol1Deprecated/MaterialInstances/MI_wooden_box2_v4_open_Inst1.MI_wooden_box2_v4_open_Inst1,
material,MaterialInstanceConstant,/Game/VintageIndustrialWarehouseVol1Deprecated/MaterialInstances/MI_wooden_box2_v5_Inst1.MI_wooden_box2_v5_Inst1,
material,MaterialInstanceConstant,/Game/VintageIndustrialWarehouseVol1Deprecated/MaterialInstances/MI_wooden_box2_v5_open_Inst1.MI_wooden_box2_v5_open_Inst1,
material,MaterialInstanceConstant,/Game/VintageIndustrialWarehouseVol1Deprecated/MaterialInstances/MI_wooden_box2_v6_Inst1.MI_wooden_box2_v6_Inst1,
material,MaterialInstanceConstant,/Game/VintageIndustrialWarehouseVol1Deprecated/MaterialInstances/MI_wooden_box2_v6_open_Inst1.MI_wooden_box2_v6_open_Inst1,
material,MaterialInstanceConstant,/Game/VintageIndustrialWarehouseVol1Deprecated/MaterialInstances/MI_wooden_box3_v1_Inst1.MI_wooden_box3_v1_Inst1,
material,MaterialInstanceConstant,/Game/VintageIndustrialWarehouseVol1Deprecated/MaterialInstances/MI_wooden_box3_v1_open_Inst1.MI_wooden_box3_v1_open_Inst1,
material,MaterialInstanceConstant,/Game/VintageIndustrialWarehouseVol1Deprecated/MaterialInstances/MI_wooden_box3_v2_Inst1.MI_wooden_box3_v2_Inst1,
material,MaterialInstanceConstant,/Game/VintageIndustrialWarehouseVol1Deprecated/MaterialInstances/MI_wooden_box3_v2_open_Inst1.MI_wooden_box3_v2_open_Inst1,
material,MaterialInstanceConstant,/Game/VintageIndustrialWarehouseVol1Deprecated/MaterialInstances/MI_wooden_box3_v3_Inst1.MI_wooden_box3_v3_Inst1,
material,MaterialInstanceConstant,/Game/VintageIndustrialWarehouseVol1Deprecated/MaterialInstances/MI_wooden_box3_v3_open_Inst1.MI_wooden_box3_v3_open_Inst1,
material,MaterialInstanceConstant,/Game/VintageIndustrialWarehouseVol1Deprecated/MaterialInstances/MI_wooden_box4_v3_Inst1.MI_wooden_box4_v3_Inst1,
material,MaterialInstanceConstant,/Game/VintageIndustrialWarehouseVol1Deprecated/MaterialInstances/MI_wooden_box4_v3_Inst2.MI_wooden_box4_v3_Inst2,
material,MaterialInstanceConstant,/Game/VintageIndustrialWarehouseVol1Deprecated/MaterialInstances/MI_wooden_box4_v5_Inst1.MI_wooden_box4_v5_Inst1,
material,MaterialInstanceConstant,/Game/VintageIndustrialWarehouseVol1Deprecated/MaterialInstances/MI_wooden_box4_v6_Inst1.MI_wooden_box4_v6_Inst1,
material,MaterialInstanceConstant,/Game/VintageIndustrialWarehouseVol1Deprecated/MaterialInstances/MI_wooden_box4_v7_Inst1.MI_wooden_box4_v7_Inst1,
material,MaterialInstanceConstant,/Game/VintageIndustrialWarehouseVol1Deprecated/MaterialInstances/MI_wooden_box6_v1_Inst1.MI_wooden_box6_v1_Inst1,
material,MaterialInstanceConstant,/Game/VintageIndustrialWarehouseVol1Deprecated/MaterialInstances/MI_wooden_box6_v2_Inst1.MI_wooden_box6_v2_Inst1,
material,MaterialInstanceConstant,/Game/VintageIndustrialWarehouseVol1Deprecated/MaterialInstances/MI_wooden_box6_v3_Inst1.MI_wooden_box6_v3_Inst1,
mesh,StaticMesh,/Game/AbandonedPowerPlant/Assets/Ceiling/SM_Ceiling_01.SM_Ceiling_01,200x200x42
mesh,StaticMesh,/Game/AbandonedPowerPlant/Assets/Ceiling/SM_Ceiling_02.SM_Ceiling_02,200x400x42
mesh,StaticMesh,/Game/AbandonedPowerPlant/Assets/Ceiling/SM_Frame_01_CeilingFrame_01.SM_Frame_01_CeilingFrame_01,300x300x151
mesh,StaticMesh,/Game/AbandonedPowerPlant/Assets/Doors/SM_Door_01.SM_Door_01,400x19x319
mesh,StaticMesh,/Game/AbandonedPowerPlant/Assets/Doors/SM_Door_02.SM_Door_02,449x19x319
mesh,StaticMesh,/Game/AbandonedPowerPlant/Assets/Doors/SM_Door_03.SM_Door_03,411x96x318
mesh,StaticMesh,/Game/AbandonedPowerPlant/Assets/Doors/SM_Door_Single_01.SM_Door_Single_01,140x13x308
mesh,StaticMesh,/Game/AbandonedPowerPlant/Assets/Floor/SM_Floor_01.SM_Floor_01,300x300x0
mesh,StaticMesh,/Game/AbandonedPowerPlant/Assets/Platforms/SM_Platform_200x100.SM_Platform_200x100,200x100x22
mesh,StaticMesh,/Game/AbandonedPowerPlant/Assets/Platforms/SM_Stairs_01.SM_Stairs_01,100x200x200
mesh,StaticMesh,/Game/AbandonedPowerPlant/Assets/Platforms/SM_Stairs_02.SM_Stairs_02,100x119x100
mesh,StaticMesh,/Game/AbandonedPowerPlant/Assets/Platforms/SM_Stairs_03.SM_Stairs_03,100x100x100
mesh,StaticMesh,/Game/AbandonedPowerPlant/Assets/Platforms/SM_SteelBeam_01.SM_SteelBeam_01,20x300x10
mesh,StaticMesh,/Game/AbandonedPowerPlant/Assets/Rubble/SM_RubblePiece_00.SM_RubblePiece_00,6x7x5
mesh,StaticMesh,/Game/AbandonedPowerPlant/Assets/Rubble/SM_RubblePiece_01.SM_RubblePiece_01,15x8x6
mesh,StaticMesh,/Game/AbandonedPowerPlant/Assets/Rubble/SM_RubblePiece_02.SM_RubblePiece_02,20x8x6
mesh,StaticMesh,/Game/AbandonedPowerPlant/Assets/Rubble/SM_RubblePiece_03.SM_RubblePiece_03,10x8x6
mesh,StaticMesh,/Game/AbandonedPowerPlant/Assets/Rubble/SM_RubblePiece_04.SM_RubblePiece_04,16x10x1
mesh,StaticMesh,/Game/AbandonedPowerPlant/Assets/Rubble/SM_RubblePiece_05.SM_RubblePiece_05,11x13x4
mesh,StaticMesh,/Game/AbandonedPowerPlant/Assets/Rubble/SM_RubblePiece_06.SM_RubblePiece_06,13x10x1
mesh,StaticMesh,/Game/AbandonedPowerPlant/Assets/Rubble/SM_Rubble_01.SM_Rubble_01,325x73x12
mesh,StaticMesh,/Game/AbandonedPowerPlant/Assets/Rubble/SM_Rubble_02.SM_Rubble_02,129x113x17
mesh,StaticMesh,/Game/AbandonedPowerPlant/Assets/Rubble/SM_Rubble_03.SM_Rubble_03,524x564x13
mesh,StaticMesh,/Game/AbandonedPowerPlant/Assets/Rubble/SM_Rubble_04.SM_Rubble_04,218x259x53
mesh,StaticMesh,/Game/AbandonedPowerPlant/Assets/Walls/SM_Corner_01.SM_Corner_01,105x105x400
mesh,StaticMesh,/Game/AbandonedPowerPlant/Assets/Walls/SM_Corner_02.SM_Corner_02,100x100x400
mesh,StaticMesh,/Game/AbandonedPowerPlant/Assets/Walls/SM_Corner_Bare.SM_Corner_Bare,100x100x400
mesh,StaticMesh,/Game/AbandonedPowerPlant/Assets/Walls/SM_Pillar_Half_01.SM_Pillar_Half_01,50x20x400
mesh,StaticMesh,/Game/AbandonedPowerPlant/Assets/Walls/SM_Pillar_Reinforce_01.SM_Pillar_Reinforce_01,20x11x400
mesh,StaticMesh,/Game/AbandonedPowerPlant/Assets/Walls/SM_Wall_Door_200.SM_Wall_Door_200,200x20x400
mesh,StaticMesh,/Game/AbandonedPowerPlant/Assets/Walls/SM_Wall_Door_300_01.SM_Wall_Door_300_01,300x20x400
mesh,StaticMesh,/Game/AbandonedPowerPlant/Assets/Walls/SM_Wall_Door_Large_01.SM_Wall_Door_Large_01,400x45x400
mesh,StaticMesh,/Game/AbandonedPowerPlant/Assets/Walls/SM_Wall_Plain_100.SM_Wall_Plain_100,100x20x400
mesh,StaticMesh,/Game/AbandonedPowerPlant/Assets/Walls/SM_Wall_Plain_200.SM_Wall_Plain_200,200x20x400
mesh,StaticMesh,/Game/AbandonedPowerPlant/Assets/Walls/SM_Wall_Plain_300.SM_Wall_Plain_300,300x20x400
mesh,StaticMesh,/Game/AbandonedPowerPlant/Assets/Walls/SM_Wall_Plain_Outward_100.SM_Wall_Plain_Outward_100,100x25x400
mesh,StaticMesh,/Game/AbandonedPowerPlant/Assets/Walls/SM_Wall_Plain_Outward_200.SM_Wall_Plain_Outward_200,200x25x400
mesh,StaticMesh,/Game/AbandonedPowerPlant/Assets/Walls/SM_Wall_Plain_Outward_300.SM_Wall_Plain_Outward_300,300x25x400
mesh,StaticMesh,/Game/AbandonedPowerPlant/Assets/Walls/SM_Wall_Structure_01.SM_Wall_Structure_01,300x20x400
mesh,StaticMesh,/Game/AbandonedPowerPlant/Assets/Walls/SM_Wall_Structure_02.SM_Wall_Structure_02,300x20x400
mesh,StaticMesh,/Game/AbandonedPowerPlant/Assets/Walls/SM_Wall_Window_Medium_01.SM_Wall_Window_Medium_01,300x20x400
mesh,StaticMesh,/Game/AbandonedPowerPlant/Assets/Walls/SM_Wall_Window_Medium_02.SM_Wall_Window_Medium_02,200x20x400
mesh,StaticMesh,/Game/AbandonedPowerPlant/Assets/Walls/SM_Wall_Window_Medium_03.SM_Wall_Window_Medium_03,300x25x400
mesh,StaticMesh,/Game/AbandonedPowerPlant/Assets/Walls/SM_Wall_Window_Medium_04.SM_Wall_Window_Medium_04,200x25x400
mesh,StaticMesh,/Game/AbandonedPowerPlant/Assets/Walls/SM_Wall_Window_Small_01.SM_Wall_Window_Small_01,200x25x400
mesh,StaticMesh,/Game/AbandonedPowerPlant/Assets/Walls/SM_Wall_Window_Small_02.SM_Wall_Window_Small_02,300x25x400
mesh,StaticMesh,/Game/AbandonedPowerPlant/Assets/Walls/SM_Wall_Window_Small_03.SM_Wall_Window_Small_03,200x20x400
mesh,StaticMesh,/Game/AbandonedPowerPlant/Assets/Walls/SM_Wall_Window_Small_04.SM_Wall_Window_Small_04,300x20x400
mesh,StaticMesh,/Game/AbandonedPowerPlant/Assets/Walls/SM_Wall_Window_Tall_01.SM_Wall_Window_Tall_01,300x25x400
mesh,StaticMesh,/Game/AbandonedPowerPlant/Assets/Walls/SM_Wall_Window_Tall_02.SM_Wall_Window_Tall_02,200x25x400
mesh,StaticMesh,/Game/AbandonedPowerPlant/Assets/Walls/SM_Wall_Window_Tall_03.SM_Wall_Window_Tall_03,300x20x400
mesh,StaticMesh,/Game/AbandonedPowerPlant/Assets/Walls/SM_Wall_Window_Tall_04.SM_Wall_Window_Tall_04,200x20x400
mesh,StaticMesh,/Game/AbandonedPowerPlant/Assets/Walls/SM_Wall_Window_Wide_01.SM_Wall_Window_Wide_01,600x25x400
mesh,StaticMesh,/Game/AbandonedPowerPlant/Assets/Walls/SM_Wall_Window_Wide_02.SM_Wall_Window_Wide_02,600x20x400
mesh,StaticMesh,/Game/AbandonedPowerPlant/Assets/Windows/SM_WindowFrame_01.SM_WindowFrame_01,71x5x62
mesh,StaticMesh,/Game/AbandonedPowerPlant/Assets/Windows/SM_WindowFrame_02.SM_WindowFrame_02,71x9x124
mesh,StaticMesh,/Game/AbandonedPowerPlant/Assets/Windows/SM_Window_Medium_01.SM_Window_Medium_01,150x4x200
mesh,StaticMesh,/Game/AbandonedPowerPlant/Assets/Windows/SM_Window_Medium_02.SM_Window_Medium_02,150x45x252
mesh,StaticMesh,/Game/AbandonedPowerPlant/Assets/Windows/SM_Window_Medium_03.SM_Window_Medium_03,150x28x200
mesh,StaticMesh,/Game/AbandonedPowerPlant/Assets/Windows/SM_Window_Small_01.SM_Window_Small_01,150x4x150
mesh,StaticMesh,/Game/AbandonedPowerPlant/Assets/Windows/SM_Window_Small_02.SM_Window_Small_02,150x17x150
mesh,StaticMesh,/Game/AbandonedPowerPlant/Assets/Windows/SM_Window_Small_03.SM_Window_Small_03,150x17x150
mesh,StaticMesh,/Game/AbandonedPowerPlant/Assets/Windows/SM_Window_Tall_01.SM_Window_Tall_01,150x4x250
mesh,StaticMesh,/Game/AbandonedPowerPlant/Assets/Windows/SM_Window_Tall_02.SM_Window_Tall_02,150x16x250
mesh,StaticMesh,/Game/AbandonedPowerPlant/Assets/Windows/SM_Window_Tall_03.SM_Window_Tall_03,150x31x250
mesh,StaticMesh,/Game/Construction_VOL1/Meshes/SM_Barrel_01.SM_Barrel_01,82x81x123
mesh,StaticMesh,/Game/Construction_VOL1/Meshes/SM_Boxes_01a.SM_Boxes_01a,111x109x106
mesh,StaticMesh,/Game/Construction_VOL1/Meshes/SM_Boxes_02a.SM_Boxes_02a,119x109x106
mesh,StaticMesh,/Game/Construction_VOL1/Meshes/SM_Boxes_03a.SM_Boxes_03a,55x63x53
mesh,StaticMesh,/Game/Construction_VOL1/Meshes/SM_Boxes_04a.SM_Boxes_04a,55x45x53
mesh,StaticMesh,/Game/Construction_VOL1/Meshes/SM_BrickPaletteStack_01a.SM_BrickPaletteStack_01a,117x99x139
mesh,StaticMesh,/Game/Construction_VOL1/Meshes/SM_BrickPaletteStack_01b.SM_BrickPaletteStack_01b,117x99x110
mesh,StaticMesh,/Game/Construction_VOL1/Meshes/SM_BrickPaletteStack_01c.SM_BrickPaletteStack_01c,117x99x85
mesh,StaticMesh,/Game/Construction_VOL1/Meshes/SM_BrickPaletteStack_01d.SM_BrickPaletteStack_01d,117x98x77
mesh,StaticMesh,/Game/Construction_VOL1/Meshes/SM_BrickPaletteStack_01e.SM_BrickPaletteStack_01e,117x99x63
mesh,StaticMesh,/Game/Construction_VOL1/Meshes/SM_BrickPaletteStack_01f.SM_BrickPaletteStack_01f,117x99x60
mesh,StaticMesh,/Game/Construction_VOL1/Meshes/SM_BrickPaletteStack_01g.SM_BrickPaletteStack_01g,116x98x23
mesh,StaticMesh,/Game/Construction_VOL1/Meshes/SM_BrickPaletteStack_Brick_01a.SM_BrickPaletteStack_Brick_01a,10x26x7
mesh,StaticMesh,/Game/Construction_VOL1/Meshes/SM_CableReel.SM_CableReel,153x125x153
mesh,StaticMesh,/Game/Construction_VOL1/Meshes/SM_CinderStack_01a.SM_CinderStack_01a,127x130x135
mesh,StaticMesh,/Game/Construction_VOL1/Meshes/SM_CinderStack_01b.SM_CinderStack_01b,127x128x120
mesh,StaticMesh,/Game/Construction_VOL1/Meshes/SM_CinderStack_02a.SM_CinderStack_02a,127x128x40
mesh,StaticMesh,/Game/Construction_VOL1/Meshes/SM_CinderStack_03a.SM_CinderStack_03a,104x128x40
mesh,StaticMesh,/Game/Construction_VOL1/Meshes/SM_CinderStack_Pallete_01a.SM_CinderStack_Pallete_01a,120x130x14
mesh,StaticMesh,/Game/Construction_VOL1/Meshes/SM_CinderStack_Single_01a.SM_CinderStack_Single_01a,21x42x20
mesh,StaticMesh,/Game/Construction_VOL1/Meshes/SM_ConcreteBag_01a.SM_ConcreteBag_01a,51x73x23
mesh,StaticMesh,/Game/Construction_VOL1/Meshes/SM_ConcreteBag_02a.SM_ConcreteBag_02a,62x85x78
mesh,StaticMesh,/Game/Construction_VOL1/Meshes/SM_ConcreteBag_03a.SM_ConcreteBag_03a,130x155x80
mesh,StaticMesh,/Game/Construction_VOL1/Meshes/SM_ConcreteBag_04a.SM_ConcreteBag_04a,124x87x39
mesh,StaticMesh,/Game/Construction_VOL1/Meshes/SM_ConcreteBag_05a.SM_ConcreteBag_05a,74x123x41
mesh,StaticMesh,/Game/Construction_VOL1/Meshes/SM_ConcretePipe_01.SM_ConcretePipe_01,103x67x103
mesh,StaticMesh,/Game/Construction_VOL1/Meshes/SM_ConcretePipe_02.SM_ConcretePipe_02,216x284x216
mesh,StaticMesh,/Game/Construction_VOL1/Meshes/SM_ConcretePipe_03.SM_ConcretePipe_03,198x364x198
mesh,StaticMesh,/Game/Construction_VOL1/Meshes/SM_ConstructionPylons_01a.SM_ConstructionPylons_01a,47x41x128
mesh,StaticMesh,/Game/Construction_VOL1/Meshes/SM_ConstructionPylons_01b.SM_ConstructionPylons_01b,66x58x138
mesh,StaticMesh,/Game/Construction_VOL1/Meshes/SM_ConstructionPylons_01c.SM_ConstructionPylons_01c,88x88x109
mesh,StaticMesh,/Game/Construction_VOL1/Meshes/SM_ConstructionPylons_01d.SM_ConstructionPylons_01d,33x33x93
mesh,StaticMesh,/Game/Construction_VOL1/Meshes/SM_ConstructionPylons_01e.SM_ConstructionPylons_01e,33x33x61
mesh,StaticMesh,/Game/Construction_VOL1/Meshes/SM_ConstructionPylons_01f.SM_ConstructionPylons_01f,233x33x61
mesh,StaticMesh,/Game/Construction_VOL1/Meshes/SM_ConstructionPylons_01g.SM_ConstructionPylons_01g,207x8x3
mesh,StaticMesh,/Game/Construction_VOL1/Meshes/SM_Crate_01a.SM_Crate_01a,134x88x103
mesh,StaticMesh,/Game/Construction_VOL1/Meshes/SM_Crate_Base_01a.SM_Crate_Base_01a,134x88x98
mesh,StaticMesh,/Game/Construction_VOL1/Meshes/SM_Crate_Lid_01a.SM_Crate_Lid_01a,133x87x5
mesh,StaticMesh,/Game/Construction_VOL1/Meshes/SM_Drywall_01a.SM_Drywall_01a,122x244x2
mesh,StaticMesh,/Game/Construction_VOL1/Meshes/SM_Drywall_01b.SM_Drywall_01b,122x244x19
mesh,StaticMesh,/Game/Construction_VOL1/Meshes/SM_Dumpster.SM_Dumpster,182x301x150
mesh,StaticMesh,/Game/Construction_VOL1/Meshes/SM_FreightContainer_01.SM_FreightContainer_01,624x246x261
mesh,StaticMesh,/Game/Construction_VOL1/Meshes/SM_LightGenerator_01a.SM_LightGenerator_01a,396x157x416
mesh,StaticMesh,/Game/Construction_VOL1/Meshes/SM_LightGenerator_Base_01a.SM_LightGenerator_Base_01a,396x157x204
mesh,StaticMesh,/Game/Construction_VOL1/Meshes/SM_LightGenerator_Lights_01a.SM_LightGenerator_Lights_01a,45x112x295
mesh,StaticMesh,/Game/Construction_VOL1/Meshes/SM_PlasticBarrel_01a.SM_PlasticBarrel_01a,57x57x88
mesh,StaticMesh,/Game/Construction_VOL1/Meshes/SM_Portapotty_01.SM_Portapotty_01,120x115x235
mesh,StaticMesh,/Game/Construction_VOL1/Meshes/SM_Portapotty_02.SM_Portapotty_02,120x115x235
mesh,StaticMesh,/Game/Construction_VOL1/Meshes/SM_Portapotty_03.SM_Portapotty_03,9x61x185
mesh,StaticMesh,/Game/Construction_VOL1/Meshes/SM_Rebar_01a.SM_Rebar_01a,27x166x21
mesh,StaticMesh,/Game/Construction_VOL1/Meshes/SM_Rebar_01b.SM_Rebar_01b,4x163x4
mesh,StaticMesh,/Game/Construction_VOL1/Meshes/SM_Roadblock_01a.SM_Roadblock_01a,108x205x169
mesh,StaticMesh,/Game/Construction_VOL1/Meshes/SM_Roadblock_02a.SM_Roadblock_02a,108x122x193
mesh,StaticMesh,/Game/Construction_VOL1/Meshes/SM_Roadblock_03a.SM_Roadblock_03a,108x234x206
mesh,StaticMesh,/Game/Construction_VOL1/Meshes/SM_Roadblock_03b.SM_Roadblock_03b,108x131x191
mesh,StaticMesh,/Game/Construction_VOL1/Meshes/SM_Roadblock_04a.SM_Roadblock_04a,56x81x119
mesh,StaticMesh,/Game/Construction_VOL1/Meshes/SM_Roadblock_Flag_03a.SM_Roadblock_Flag_03a,3x39x61
mesh,StaticMesh,/Game/Construction_VOL1/Meshes/SM_Spool_01a.SM_Spool_01a,65x65x28
mesh,StaticMesh,/Game/Construction_VOL1/Meshes/SM_Tarp_01.SM_Tarp_01,197x295x30
mesh,StaticMesh,/Game/Construction_VOL1/Meshes/SM_Tarp_02.SM_Tarp_02,176x170x24
mesh,StaticMesh,/Game/Construction_VOL1/Meshes/SM_Tarp_03.SM_Tarp_03,141x152x28
mesh,StaticMesh,/Game/Construction_VOL1/Meshes/SM_Tarp_04.SM_Tarp_04,225x208x19
mesh,StaticMesh,/Game/Construction_VOL1/Meshes/SM_Tarp_05.SM_Tarp_05,338x338x0
mesh,StaticMesh,/Game/Construction_VOL1/Meshes/SM_Tarp_06.SM_Tarp_06,127x119x19
mesh,StaticMesh,/Game/Construction_VOL1/Meshes/SM_Trafficbarrier_01.SM_Trafficbarrier_01,60x171x101
mesh,StaticMesh,/Game/Construction_VOL1/Meshes/SM_WaterTank_01a.SM_WaterTank_01a,118x118x120
mesh,StaticMesh,/Game/Construction_VOL1/Meshes/SM_ZBackdrop_01.SM_ZBackdrop_01,404x305x252
mesh,StaticMesh,/Game/Construction_VOL1/Meshes/SM_ZPlane_01a.SM_ZPlane_01a,5858x5858x0
mesh,StaticMesh,/Game/Construction_VOL1/Meshes/SM_ZSphere.SM_ZSphere,200000x199605x200000
mesh,StaticMesh,/Game/Construction_VOL1/Meshes/SM_construction_fence_01a.SM_construction_fence_01a,307x4x211
mesh,StaticMesh,/Game/Construction_VOL1/Meshes/SM_construction_fence_connectors_01a.SM_construction_fence_connectors_01a,13x6x133
mesh,StaticMesh,/Game/Construction_VOL1/Meshes/SM_construction_fence_support_01a.SM_construction_fence_support_01a,13x71x37
mesh,StaticMesh,/Game/Construction_VOL1/Meshes/SM_woodenpalette_01.SM_woodenpalette_01,119x111x16
mesh,StaticMesh,/Game/DARC/Imported/Meshes/Textures/072e7111ef104bc4a62bd66dc9edf42d/scene/StaticMeshes/Ekran_2_Ekran_2_0.Ekran_2_Ekran_2_0,0x51680x32823
mesh,StaticMesh,/Game/DARC/Imported/Meshes/Textures/072e7111ef104bc4a62bd66dc9edf42d/scene/StaticMeshes/klaviatura_A_001_komputer_komplekt_001_0.klaviatura_A_001_komputer_komplekt_001_0,33966x66337x4605
mesh,StaticMesh,/Game/DARC/Imported/Meshes/Textures/072e7111ef104bc4a62bd66dc9edf42d/scene/StaticMeshes/klaviatura_B_001_komputer_komplekt_001_0.klaviatura_B_001_komputer_komplekt_001_0,22297x59932x4091
mesh,StaticMesh,/Game/DARC/Imported/Meshes/Textures/072e7111ef104bc4a62bd66dc9edf42d/scene/StaticMeshes/monitor_ekran_001_komputer_komplekt_001_0.monitor_ekran_001_komputer_komplekt_001_0,9407x56063x37074
mesh,StaticMesh,/Game/DARC/Imported/Meshes/Textures/072e7111ef104bc4a62bd66dc9edf42d/scene/StaticMeshes/monitor_komputer_komplekt_001_0.monitor_komputer_komplekt_001_0,20725x36810x40159
mesh,StaticMesh,/Game/DARC/Imported/Meshes/Textures/072e7111ef104bc4a62bd66dc9edf42d/scene/StaticMeshes/monitor_kreplenie_001_komputer_komplekt_001_0.monitor_kreplenie_001_komputer_komplekt_001_0,8600x9053x19045
mesh,StaticMesh,/Game/DARC/Imported/Meshes/Textures/072e7111ef104bc4a62bd66dc9edf42d/scene/StaticMeshes/myshka_komputer_komplekt_001_0.myshka_komputer_komplekt_001_0,10460x6369x3473
mesh,StaticMesh,/Game/DARC/Imported/Meshes/Textures/072e7111ef104bc4a62bd66dc9edf42d/scene/StaticMeshes/sistemnik_komputer_komplekt_001_0.sistemnik_komputer_komplekt_001_0,47962x20293x41102
mesh,StaticMesh,/Game/DARC/Imported/Meshes/Textures/assetfile_5893_8f74a4930fb3c3f2/SM_Model_604_lp.SM_Model_604_lp,15x11x3
mesh,StaticMesh,/Game/Deko_MatrixDemo/Apartment/Meshes/SM_AllenWrench_A01_N1.SM_AllenWrench_A01_N1,7x14x4
mesh,StaticMesh,/Game/Deko_MatrixDemo/Apartment/Meshes/SM_BooksPamphlets_A01_N1.SM_BooksPamphlets_A01_N1,30x21x1
mesh,StaticMesh,/Game/Deko_MatrixDemo/Apartment/Meshes/SM_BooksPamphlets_B01_N1.SM_BooksPamphlets_B01_N1,32x26x2
mesh,StaticMesh,/Game/Deko_MatrixDemo/Apartment/Meshes/SM_BooksPamphlets_C01_N1.SM_BooksPamphlets_C01_N1,30x21x1
mesh,StaticMesh,/Game/Deko_MatrixDemo/Apartment/Meshes/SM_BooksPamphlets_D01_N1.SM_BooksPamphlets_D01_N1,30x38x1
mesh,StaticMesh,/Game/Deko_MatrixDemo/Apartment/Meshes/SM_BooksPamphlets_E01_N1.SM_BooksPamphlets_E01_N1,30x21x1
mesh,StaticMesh,/Game/Deko_MatrixDemo/Apartment/Meshes/SM_BooksPamphlets_F01_N1.SM_BooksPamphlets_F01_N1,21x15x1
mesh,StaticMesh,/Game/Deko_MatrixDemo/Apartment/Meshes/SM_BooksPamphlets_G01_N1.SM_BooksPamphlets_G01_N1,21x30x2
mesh,StaticMesh,/Game/Deko_MatrixDemo/Apartment/Meshes/SM_BooksPamphlets_H01_N1.SM_BooksPamphlets_H01_N1,21x16x2
mesh,StaticMesh,/Game/Deko_MatrixDemo/Apartment/Meshes/SM_BooksPamphlets_I01_N1.SM_BooksPamphlets_I01_N1,38x19x1
mesh,StaticMesh,/Game/Deko_MatrixDemo/Apartment/Meshes/SM_BooksPamphlets_J01_N1.SM_BooksPamphlets_J01_N1,8x7x1
mesh,StaticMesh,/Game/Deko_MatrixDemo/Apartment/Meshes/SM_BooksPamphlets_K01_N1.SM_BooksPamphlets_K01_N1,8x8x2
mesh,StaticMesh,/Game/Deko_MatrixDemo/Apartment/Meshes/SM_BooksPamphlets_L01_N1.SM_BooksPamphlets_L01_N1,30x21x1
mesh,StaticMesh,/Game/Deko_MatrixDemo/Apartment/Meshes/SM_BooksPamphlets_M01_N1.SM_BooksPamphlets_M01_N1,30x24x1
mesh,StaticMesh,/Game/Deko_MatrixDemo/Apartment/Meshes/SM_BooksPamphlets_N01_N1.SM_BooksPamphlets_N01_N1,30x21x2
mesh,StaticMesh,/Game/Deko_MatrixDemo/Apartment/Meshes/SM_BooksPamphlets_O01_N1.SM_BooksPamphlets_O01_N1,30x21x2
mesh,StaticMesh,/Game/Deko_MatrixDemo/Apartment/Meshes/SM_CleaingSolution_A01_N1.SM_CleaingSolution_A01_N1,6x6x24
mesh,StaticMesh,/Game/Deko_MatrixDemo/Apartment/Meshes/SM_CleaingSolution_B01_N1.SM_CleaingSolution_B01_N1,6x4x15
mesh,StaticMesh,/Game/Deko_MatrixDemo/Apartment/Meshes/SM_ComputerCards_A01_N1.SM_ComputerCards_A01_N1,9x18x1
mesh,StaticMesh,/Game/Deko_MatrixDemo/Apartment/Meshes/SM_ComputerCards_B01_N1.SM_ComputerCards_B01_N1,20x21x5
mesh,StaticMesh,/Game/Deko_MatrixDemo/Apartment/Meshes/SM_ComputerCards_C01_N1.SM_ComputerCards_C01_N1,22x28x4
mesh,StaticMesh,/Game/Deko_MatrixDemo/Apartment/Meshes/SM_ComputerCards_D01_N1.SM_ComputerCards_D01_N1,13x25x2
mesh,StaticMesh,/Game/Deko_MatrixDemo/Apartment/Meshes/SM_ComputerCards_E01_N1.SM_ComputerCards_E01_N1,10x24x2
mesh,StaticMesh,/Game/Deko_MatrixDemo/Apartment/Meshes/SM_ComputerKeyboard_A01_N1.SM_ComputerKeyboard_A01_N1,50x24x4
mesh,StaticMesh,/Game/Deko_MatrixDemo/Apartment/Meshes/SM_ComputerKeyboard_A02_N1.SM_ComputerKeyboard_A02_N1,46x17x3
mesh,StaticMesh,/Game/Deko_MatrixDemo/Apartment/Meshes/SM_ComputerMonitor_A01_N1.SM_ComputerMonitor_A01_N1,41x45x42
mesh,StaticMesh,/Game/Deko_MatrixDemo/Apartment/Meshes/SM_ComputerMonitor_A02_N1.SM_ComputerMonitor_A02_N1,37x41x38
mesh,StaticMesh,/Game/Deko_MatrixDemo/Apartment/Meshes/SM_ComputerMousePad_A01_N1.SM_ComputerMousePad_A01_N1,28x22x1
mesh,StaticMesh,/Game/Deko_MatrixDemo/Apartment/Meshes/SM_ComputerMouse_A01_N1.SM_ComputerMouse_A01_N1,6x12x3
mesh,StaticMesh,/Game/Deko_MatrixDemo/Apartment/Meshes/SM_ComputerParts_A04_N1.SM_ComputerParts_A04_N1,14x20x8
mesh,StaticMesh,/Game/Deko_MatrixDemo/Apartment/Meshes/SM_ComputerParts_A05_N1.SM_ComputerParts_A05_N1,59x37x17
mesh,StaticMesh,/Game/Deko_MatrixDemo/Apartment/Meshes/SM_ComputerParts_B04_N1.SM_ComputerParts_B04_N1,15x21x8
mesh,StaticMesh,/Game/Deko_MatrixDemo/Apartment/Meshes/SM_ComputerParts_B05_N1.SM_ComputerParts_B05_N1,57x35x20
mesh,StaticMesh,/Game/Deko_MatrixDemo/Apartment/Meshes/SM_ComputerParts_C04_N1.SM_ComputerParts_C04_N1,18x13x4
mesh,StaticMesh,/Game/Deko_MatrixDemo/Apartment/Meshes/SM_ComputerParts_C05_N1.SM_ComputerParts_C05_N1,45x30x17
mesh,StaticMesh,/Game/Deko_MatrixDemo/Apartment/Meshes/SM_ComputerPrinter_A01_N1.SM_ComputerPrinter_A01_N1,33x20x15
mesh,StaticMesh,/Game/Deko_MatrixDemo/Apartment/Meshes/SM_ComputerPrinter_B01_N1.SM_ComputerPrinter_B01_N1,33x20x7
mesh,StaticMesh,/Game/Deko_MatrixDemo/Apartment/Meshes/SM_ComputerSpeakers_A01_N1.SM_ComputerSpeakers_A01_N1,14x21x22
mesh,StaticMesh,/Game/Deko_MatrixDemo/Apartment/Meshes/SM_ComputerSpeakers_B01_N1.SM_ComputerSpeakers_B01_N1,14x21x22
mesh,StaticMesh,/Game/Deko_MatrixDemo/Apartment/Meshes/SM_ComputerTower_A01_N1.SM_ComputerTower_A01_N1,20x44x35
mesh,StaticMesh,/Game/Deko_MatrixDemo/Apartment/Meshes/SM_ComputerTower_B01_N1.SM_ComputerTower_B01_N1,21x48x46
mesh,StaticMesh,/Game/Deko_MatrixDemo/Apartment/Meshes/SM_DeskChair_A01_N1.SM_DeskChair_A01_N1,54x56x107
mesh,StaticMesh,/Game/Deko_MatrixDemo/Apartment/Meshes/SM_DeskLamp_A01_N1.SM_DeskLamp_A01_N1,30x18x60
mesh,StaticMesh,/Game/Deko_MatrixDemo/Apartment/Meshes/SM_DeskLamp_B01_N1.SM_DeskLamp_B01_N1,32x7x30
mesh,StaticMesh,/Game/Deko_MatrixDemo/Apartment/Meshes/SM_Desk_A01_N1.SM_Desk_A01_N1,230x305x101
mesh,StaticMesh,/Game/Deko_MatrixDemo/Apartment/Meshes/SM_Desk_B01_N1.SM_Desk_B01_N1,95x62x93
mesh,StaticMesh,/Game/Deko_MatrixDemo/Apartment/Meshes/SM_Desk_C01_N1.SM_Desk_C01_N1,78x54x78
mesh,StaticMesh,/Game/Deko_MatrixDemo/Apartment/Meshes/SM_Food_Leftover_AO1_N1.SM_Food_Leftover_AO1_N1,25x25x2
mesh,StaticMesh,/Game/Deko_MatrixDemo/Apartment/Meshes/SM_Food_Leftover_BO1_N1.SM_Food_Leftover_BO1_N1,25x25x1
mesh,StaticMesh,/Game/Deko_MatrixDemo/Apartment/Meshes/SM_Food_Leftover_CO1_N1.SM_Food_Leftover_CO1_N1,18x3x2
mesh,StaticMesh,/Game/Deko_MatrixDemo/Apartment/Meshes/SM_Food_Leftover_DO1_N1.SM_Food_Leftover_DO1_N1,14x14x4
mesh,StaticMesh,/Game/Deko_MatrixDemo/Apartment/Meshes/SM_Food_Leftover_EO1_N1.SM_Food_Leftover_EO1_N1,9x12x10
mesh,StaticMesh,/Game/Deko_MatrixDemo/Apartment/Meshes/SM_Food_Leftover_FO1_N1.SM_Food_Leftover_FO1_N1,9x12x10
mesh,StaticMesh,/Game/Deko_MatrixDemo/Apartment/Meshes/SM_Food_Leftover_GO1_N1.SM_Food_Leftover_GO1_N1,7x7x12
mesh,StaticMesh,/Game/Deko_MatrixDemo/Apartment/Meshes/SM_Food_Leftover_HO1_N1.SM_Food_Leftover_HO1_N1,14x22x2
mesh,StaticMesh,/Game/Deko_MatrixDemo/Apartment/Meshes/SM_Headset_A01_N1.SM_Headset_A01_N1,23x31x9
mesh,StaticMesh,/Game/Deko_MatrixDemo/Apartment/Meshes/SM_IronHammer_A01_N1.SM_IronHammer_A01_N1,16x39x4
mesh,StaticMesh,/Game/Deko_MatrixDemo/Apartment/Meshes/SM_OfficeTape_A01_N1.SM_OfficeTape_A01_N1,15x15x6
mesh,StaticMesh,/Game/Deko_MatrixDemo/Apartment/Meshes/SM_OfficeTape_B01_N1.SM_OfficeTape_B01_N1,9x9x3
mesh,StaticMesh,/Game/Deko_MatrixDemo/Apartment/Meshes/SM_OfficeTape_C01_N1.SM_OfficeTape_C01_N1,7x7x1
mesh,StaticMesh,/Game/Deko_MatrixDemo/Apartment/Meshes/SM_OfficeTape_D01_N1.SM_OfficeTape_D01_N1,4x4x1
mesh,StaticMesh,/Game/Deko_MatrixDemo/Apartment/Meshes/SM_OfficeTape_E01_N1.SM_OfficeTape_E01_N1,4x4x1
mesh,StaticMesh,/Game/Deko_MatrixDemo/Apartment/Meshes/SM_Phone_A01_N1.SM_Phone_A01_N1,32x27x16
mesh,StaticMesh,/Game/Deko_MatrixDemo/Apartment/Meshes/SM_PlasticToolbox_A01_N1.SM_PlasticToolbox_A01_N1,45x30x23
mesh,StaticMesh,/Game/Deko_MatrixDemo/Apartment/Meshes/SM_PlasticTray_A01_N1.SM_PlasticTray_A01_N1,21x32x9
mesh,StaticMesh,/Game/Deko_MatrixDemo/Apartment/Meshes/SM_PlasticTray_B01_N1.SM_PlasticTray_B01_N1,13x20x6
mesh,StaticMesh,/Game/Deko_MatrixDemo/Apartment/Meshes/SM_PlasticTray_C01_N1.SM_PlasticTray_C01_N1,13x20x6
mesh,StaticMesh,/Game/Deko_MatrixDemo/Apartment/Meshes/SM_PlasticTray_D01_N1.SM_PlasticTray_D01_N1,13x20x6
mesh,StaticMesh,/Game/Deko_MatrixDemo/Apartment/Meshes/SM_Pliers_A01_N1.SM_Pliers_A01_N1,5x14x1
mesh,StaticMesh,/Game/Deko_MatrixDemo/Apartment/Meshes/SM_Pliers_B01_N1.SM_Pliers_B01_N1,5x15x1
mesh,StaticMesh,/Game/Deko_MatrixDemo/Apartment/Meshes/SM_Pliers_C01_N1.SM_Pliers_C01_N1,5x15x1
mesh,StaticMesh,/Game/Deko_MatrixDemo/Apartment/Meshes/SM_Record_CDCase_A01_N1.SM_Record_CDCase_A01_N1,12x12x0
mesh,StaticMesh,/Game/Deko_MatrixDemo/Apartment/Meshes/SM_Record_CDCase_A01_N2.SM_Record_CDCase_A01_N2,14x13x1
mesh,StaticMesh,/Game/Deko_MatrixDemo/Apartment/Meshes/SM_Record_CDCase_B01_N1.SM_Record_CDCase_B01_N1,14x13x1
mesh,StaticMesh,/Game/Deko_MatrixDemo/Apartment/Meshes/SM_Record_CDCase_B01_N2.SM_Record_CDCase_B01_N2,14x13x0
mesh,StaticMesh,/Game/Deko_MatrixDemo/Apartment/Meshes/SM_Record_Case_A01_N1.SM_Record_Case_A01_N1,11x19x11
mesh,StaticMesh,/Game/Deko_MatrixDemo/Apartment/Meshes/SM_Record_Cassette_A01_N1.SM_Record_Cassette_A01_N1,10x6x1
mesh,StaticMesh,/Game/Deko_MatrixDemo/Apartment/Meshes/SM_Record_Cassette_B01_N1.SM_Record_Cassette_B01_N1,10x6x1
mesh,StaticMesh,/Game/Deko_MatrixDemo/Apartment/Meshes/SM_Record_Diskette_A01_N1.SM_Record_Diskette_A01_N1,13x13x0
mesh,StaticMesh,/Game/Deko_MatrixDemo/Apartment/Meshes/SM_Record_Diskette_B01_N1.SM_Record_Diskette_B01_N1,13x13x0
mesh,StaticMesh,/Game/Deko_MatrixDemo/Apartment/Meshes/SM_Record_FloppyDisk_A01_N1.SM_Record_FloppyDisk_A01_N1,9x9x0
mesh,StaticMesh,/Game/Deko_MatrixDemo/Apartment/Meshes/SM_Record_FloppyDisk_B01_N1.SM_Record_FloppyDisk_B01_N1,9x9x0
mesh,StaticMesh,/Game/Deko_MatrixDemo/Apartment/Meshes/SM_Record_FloppyDisk_C01_N1.SM_Record_FloppyDisk_C01_N1,9x9x0
mesh,StaticMesh,/Game/Deko_MatrixDemo/Apartment/Meshes/SM_Record_FloppyDisk_D01_N1.SM_Record_FloppyDisk_D01_N1,9x9x0
mesh,StaticMesh,/Game/Deko_MatrixDemo/Apartment/Meshes/SM_Record_FloppyDisk_E01_N1.SM_Record_FloppyDisk_E01_N1,9x9x0
mesh,StaticMesh,/Game/Deko_MatrixDemo/Apartment/Meshes/SM_Record_FloppyDisk_F01_N1.SM_Record_FloppyDisk_F01_N1,9x9x0
mesh,StaticMesh,/Game/Deko_MatrixDemo/Apartment/Meshes/SM_Record_FloppyDisk_G01_N1.SM_Record_FloppyDisk_G01_N1,9x9x0
mesh,StaticMesh,/Game/Deko_MatrixDemo/Apartment/Meshes/SM_Record_FloppyDisk_H01_N1.SM_Record_FloppyDisk_H01_N1,9x9x0
mesh,StaticMesh,/Game/Deko_MatrixDemo/Apartment/Meshes/SM_Record_FloppyDisk_I01_N1.SM_Record_FloppyDisk_I01_N1,9x9x0
mesh,StaticMesh,/Game/Deko_MatrixDemo/Apartment/Meshes/SM_Record_HardDrive_A01_N1.SM_Record_HardDrive_A01_N1,7x7x0
mesh,StaticMesh,/Game/Deko_MatrixDemo/Apartment/Meshes/SM_Record_HardDrive_A01_N2.SM_Record_HardDrive_A01_N2,8x8x0
mesh,StaticMesh,/Game/Deko_MatrixDemo/Apartment/Meshes/SM_Record_Music_A01_N1.SM_Record_Music_A01_N1,12x12x0
mesh,StaticMesh,/Game/Deko_MatrixDemo/Apartment/Meshes/SM_Record_Music_C01_N1.SM_Record_Music_C01_N1,14x12x1
mesh,StaticMesh,/Game/Deko_MatrixDemo/Apartment/Meshes/SM_Record_Music_C01_N2.SM_Record_Music_C01_N2,14x13x1
mesh,StaticMesh,/Game/Deko_MatrixDemo/Apartment/Meshes/SM_Record_Music_D01_N1.SM_Record_Music_D01_N1,14x12x1
mesh,StaticMesh,/Game/Deko_MatrixDemo/Apartment/Meshes/SM_Record_Music_D01_N2.SM_Record_Music_D01_N2,14x13x1
mesh,StaticMesh,/Game/Deko_MatrixDemo/Apartment/Meshes/SM_Record_Stack_A01_N1.SM_Record_Stack_A01_N1,17x15x6
mesh,StaticMesh,/Game/Deko_MatrixDemo/Apartment/Meshes/SM_Record_Stack_A01_N2.SM_Record_Stack_A01_N2,17x15x6
mesh,StaticMesh,/Game/Deko_MatrixDemo/Apartment/Meshes/SM_Record_Stack_A02_N1.SM_Record_Stack_A02_N1,17x15x6
mesh,StaticMesh,/Game/Deko_MatrixDemo/Apartment/Meshes/SM_Record_Stack_B01_N1.SM_Record_Stack_B01_N1,17x15x6
mesh,StaticMesh,/Game/Deko_MatrixDemo/Apartment/Meshes/SM_Record_Stack_B01_N2.SM_Record_Stack_B01_N2,17x16x6
mesh,StaticMesh,/Game/Deko_MatrixDemo/Apartment/Meshes/SM_Record_Stack_C01_N1.SM_Record_Stack_C01_N1,17x16x6
mesh,StaticMesh,/Game/Deko_MatrixDemo/Apartment/Meshes/SM_Record_Stack_C01_N2.SM_Record_Stack_C01_N2,17x16x6
mesh,StaticMesh,/Game/Deko_MatrixDemo/Apartment/Meshes/SM_Record_Stack_D01_N1.SM_Record_Stack_D01_N1,19x18x6
mesh,StaticMesh,/Game/Deko_MatrixDemo/Apartment/Meshes/SM_Record_Stack_D01_N2.SM_Record_Stack_D01_N2,19x18x6
mesh,StaticMesh,/Game/Deko_MatrixDemo/Apartment/Meshes/SM_Record_Stack_E01_N1.SM_Record_Stack_E01_N1,15x15x5
mesh,StaticMesh,/Game/Deko_MatrixDemo/Apartment/Meshes/SM_Record_Stack_E01_N2.SM_Record_Stack_E01_N2,15x15x5
mesh,StaticMesh,/Game/Deko_MatrixDemo/Apartment/Meshes/SM_RubberMallet_A01_N1.SM_RubberMallet_A01_N1,13x39x8
mesh,StaticMesh,/Game/Deko_MatrixDemo/Apartment/Meshes/SM_Scissors_A01_N1.SM_Scissors_A01_N1,8x25x1
mesh,StaticMesh,/Game/Deko_MatrixDemo/Apartment/Meshes/SM_ScrewDriver_A01_N1.SM_ScrewDriver_A01_N1,3x22x3
mesh,StaticMesh,/Game/Deko_MatrixDemo/Apartment/Meshes/SM_ScrewDriver_B01_N1.SM_ScrewDriver_B01_N1,3x22x3
mesh,StaticMesh,/Game/Deko_MatrixDemo/Apartment/Meshes/SM_ScrewDriver_C01_N1.SM_ScrewDriver_C01_N1,3x19x3
mesh,StaticMesh,/Game/Deko_MatrixDemo/Apartment/Meshes/SM_ScrewDriver_D01_N1.SM_ScrewDriver_D01_N1,3x19x3
mesh,StaticMesh,/Game/Deko_MatrixDemo/Apartment/Meshes/SM_ScrewDriver_E01_N1.SM_ScrewDriver_E01_N1,3x25x3
mesh,StaticMesh,/Game/Deko_MatrixDemo/Apartment/Meshes/SM_ScrewDriver_F01_N1.SM_ScrewDriver_F01_N1,3x25x3
mesh,StaticMesh,/Game/Deko_MatrixDemo/Apartment/Meshes/SM_ScrewDriver_G01_N1.SM_ScrewDriver_G01_N1,2x14x2
mesh,StaticMesh,/Game/Deko_MatrixDemo/Apartment/Meshes/SM_ScrewDriver_H01_N1.SM_ScrewDriver_H01_N1,2x14x2
mesh,StaticMesh,/Game/Deko_MatrixDemo/Apartment/Meshes/SM_ScrewDriver_I01_N1.SM_ScrewDriver_I01_N1,3x26x3
mesh,StaticMesh,/Game/Deko_MatrixDemo/Apartment/Meshes/SM_ScrewDriver_J01_N1.SM_ScrewDriver_J01_N1,3x26x3
mesh,StaticMesh,/Game/Deko_MatrixDemo/Apartment/Meshes/SM_Toolbox_A01_N1.SM_Toolbox_A01_N1,58x27x26
mesh,StaticMesh,/Game/Deko_MatrixDemo/Apartment/Meshes/SM_Toolbox_Prestaged_A01_N1.SM_Toolbox_Prestaged_A01_N1,55x36x23
mesh,StaticMesh,/Game/Deko_MatrixDemo/Apartment/Meshes/SM_Toolbox_Prestaged_B01_N1.SM_Toolbox_Prestaged_B01_N1,42x28x18
mesh,StaticMesh,/Game/Deko_MatrixDemo/Apartment/Meshes/SM_Toolbox_Prestaged_C01_N1.SM_Toolbox_Prestaged_C01_N1,62x27x38
mesh,StaticMesh,/Game/Deko_MatrixDemo/Apartment/Meshes/SM_Washer_A01_N1.SM_Washer_A01_N1,2x2x0
mesh,StaticMesh,/Game/Deko_MatrixDemo/Apartment/Meshes/SM_Washer_B01_N1.SM_Washer_B01_N1,2x2x0
mesh,StaticMesh,/Game/Deko_MatrixDemo/Apartment/Meshes/SM_Washer_C01_N1.SM_Washer_C01_N1,1x1x0
mesh,StaticMesh,/Game/Deko_MatrixDemo/Apartment/Meshes/SM_Wire_A01.SM_Wire_A01,193x178x10
mesh,StaticMesh,/Game/Deko_MatrixDemo/Apartment/Meshes/SM_Wire_C01.SM_Wire_C01,116x259x11
mesh,StaticMesh,/Game/Deko_MatrixDemo/Apartment/Meshes/SM_Wire_D01.SM_Wire_D01,77x49x36
mesh,StaticMesh,/Game/Deko_MatrixDemo/Apartment/Meshes/SM_Wire_E01.SM_Wire_E01,27x79x36
mesh,StaticMesh,/Game/Deko_MatrixDemo/Apartment/Meshes/SM_Wrench_A01_N1.SM_Wrench_A01_N1,4x23x1
mesh,StaticMesh,/Game/Deko_MatrixDemo/Apartment/Meshes/SM_Wrench_B01_N1.SM_Wrench_B01_N1,5x30x1
mesh,StaticMesh,/Game/Deko_MatrixDemo/Apartment/Meshes/SM_Wrench_C01_N1.SM_Wrench_C01_N1,2x13x0
mesh,StaticMesh,/Game/Deko_MatrixDemo/Apartment/Meshes/SM_Wrench_D01_N1.SM_Wrench_D01_N1,2x15x1
mesh,StaticMesh,/Game/Deko_MatrixDemo/Apartment/Meshes/SM_Wrench_E01_N1.SM_Wrench_E01_N1,7x26x2
mesh,StaticMesh,/Game/Deko_MatrixDemo/Apartment/Meshes/SM_Wrench_F01_N1.SM_Wrench_F01_N1,7x28x2
mesh,StaticMesh,/Game/FreeFurniturePack/Meshes/SM_Bathtub.SM_Bathtub,177x100x106
mesh,StaticMesh,/Game/FreeFurniturePack/Meshes/SM_Bed_Drawer.SM_Bed_Drawer,60x46x56
mesh,StaticMesh,/Game/FreeFurniturePack/Meshes/SM_Bed_Drawer_Openable_Part.SM_Bed_Drawer_Openable_Part,47x43x22
mesh,StaticMesh,/Game/FreeFurniturePack/Meshes/SM_Bed_Lamp_1.SM_Bed_Lamp_1,65x68x113
mesh,StaticMesh,/Game/FreeFurniturePack/Meshes/SM_Bed_Lamp_2.SM_Bed_Lamp_2,62x72x89
mesh,StaticMesh,/Game/FreeFurniturePack/Meshes/SM_Bed_Table.SM_Bed_Table,50x50x61
mesh,StaticMesh,/Game/FreeFurniturePack/Meshes/SM_Bed_lamp_3.SM_Bed_lamp_3,42x42x54
mesh,StaticMesh,/Game/FreeFurniturePack/Meshes/SM_Classic_Commode.SM_Classic_Commode,90x45x100
mesh,StaticMesh,/Game/FreeFurniturePack/Meshes/SM_Classic_Commode_2.SM_Classic_Commode_2,169x45x86
mesh,StaticMesh,/Game/FreeFurniturePack/Meshes/SM_Classic_Commode_Drawer_1.SM_Classic_Commode_Drawer_1,76x38x19
mesh,StaticMesh,/Game/FreeFurniturePack/Meshes/SM_Classic_Commode_Drawer_2.SM_Classic_Commode_Drawer_2,37x37x12
mesh,StaticMesh,/Game/FreeFurniturePack/Meshes/SM_Classic_Cupboard.SM_Classic_Cupboard,136x65x210
mesh,StaticMesh,/Game/FreeFurniturePack/Meshes/SM_Classic_Cupboard_Door_Left.SM_Classic_Cupboard_Door_Left,60x4x166
mesh,StaticMesh,/Game/FreeFurniturePack/Meshes/SM_Classic_Cupboard_Door_Right.SM_Classic_Cupboard_Door_Right,60x4x166
mesh,StaticMesh,/Game/FreeFurniturePack/Meshes/SM_Classic_Cupboard_Drawer.SM_Classic_Cupboard_Drawer,60x38x19
mesh,StaticMesh,/Game/FreeFurniturePack/Meshes/SM_Classic_Leather_Armchair.SM_Classic_Leather_Armchair,135x119x98
mesh,StaticMesh,/Game/FreeFurniturePack/Meshes/SM_Classic_Leather_Sofa.SM_Classic_Leather_Sofa,292x120x99
mesh,StaticMesh,/Game/FreeFurniturePack/Meshes/SM_Classic_Leather_sofa_2.SM_Classic_Leather_sofa_2,214x120x99
mesh,StaticMesh,/Game/FreeFurniturePack/Meshes/SM_Classic_Picture.SM_Classic_Picture,3x85x62
mesh,StaticMesh,/Game/FreeFurniturePack/Meshes/SM_Classic_Round_Table.SM_Classic_Round_Table,131x131x77
mesh,StaticMesh,/Game/FreeFurniturePack/Meshes/SM_Classic_chair.SM_Classic_chair,58x62x122
mesh,StaticMesh,/Game/FreeFurniturePack/Meshes/SM_Classic_table.SM_Classic_table,107x257x80
mesh,StaticMesh,/Game/FreeFurniturePack/Meshes/SM_Coffee_Table.SM_Coffee_Table,94x94x37
mesh,StaticMesh,/Game/FreeFurniturePack/Meshes/SM_Commode.SM_Commode,147x61x88
mesh,StaticMesh,/Game/FreeFurniturePack/Meshes/SM_Elegant_chair.SM_Elegant_chair,118x123x125
mesh,StaticMesh,/Game/FreeFurniturePack/Meshes/SM_Elegant_chair_ottoman.SM_Elegant_chair_ottoman,91x80x59
mesh,StaticMesh,/Game/FreeFurniturePack/Meshes/SM_Military_Bed.SM_Military_Bed,197x87x180
mesh,StaticMesh,/Game/FreeFurniturePack/Meshes/SM_Military_Bed_2.SM_Military_Bed_2,197x87x86
mesh,StaticMesh,/Game/FreeFurniturePack/Meshes/SM_Modern_Armchair.SM_Modern_Armchair,104x137x86
mesh,StaticMesh,/Game/FreeFurniturePack/Meshes/SM_Modern_Bed_1.SM_Modern_Bed_1,234x299x114
mesh,StaticMesh,/Game/FreeFurniturePack/Meshes/SM_Modern_Bed_2.SM_Modern_Bed_2,232x235x113
mesh,StaticMesh,/Game/FreeFurniturePack/Meshes/SM_Modern_Chair_1.SM_Modern_Chair_1,64x65x85
mesh,StaticMesh,/Game/FreeFurniturePack/Meshes/SM_Modern_Cupboard.SM_Modern_Cupboard,282x76x257
mesh,StaticMesh,/Game/FreeFurniturePack/Meshes/SM_Modern_Cupboard_Sliding_Door.SM_Modern_Cupboard_Sliding_Door,134x8x237
mesh,StaticMesh,/Game/FreeFurniturePack/Meshes/SM_Modern_Office_chair.SM_Modern_Office_chair,62x64x102
mesh,StaticMesh,/Game/FreeFurniturePack/Meshes/SM_Modern_Sofa_1.SM_Modern_Sofa_1,381x301x84
mesh,StaticMesh,/Game/FreeFurniturePack/Meshes/SM_Modern_Sofa_2.SM_Modern_Sofa_2,104x276x86
mesh,StaticMesh,/Game/FreeFurniturePack/Meshes/SM_Modern_Table.SM_Modern_Table,193x91x78
mesh,StaticMesh,/Game/FreeFurniturePack/Meshes/SM_Old_Chair.SM_Old_Chair,49x48x95
mesh,StaticMesh,/Game/FreeFurniturePack/Meshes/SM_Old_Table.SM_Old_Table,158x89x75
mesh,StaticMesh,/Game/FreeFurniturePack/Meshes/SM_Picture.SM_Picture,60x2x60
mesh,StaticMesh,/Game/FreeFurniturePack/Meshes/SM_TV.SM_TV,150x24x96
mesh,StaticMesh,/Game/FreeFurniturePack/Meshes/SM_Table_Lamp.SM_Table_Lamp,35x35x57
mesh,StaticMesh,/Game/FreeFurniturePack/Meshes/SM_Toilet.SM_Toilet,44x69x79
mesh,StaticMesh,/Game/HospitalCorridor/Meshes/Environment/SM_CablesSet.SM_CablesSet,727x1155x364
mesh,StaticMesh,/Game/HospitalCorridor/Meshes/Environment/SM_HospitalConers.SM_HospitalConers,780x1200x361
mesh,StaticMesh,/Game/HospitalCorridor/Meshes/Environment/SM_HospitalCorridor_01.SM_HospitalCorridor_01,780x1200x360
mesh,StaticMesh,/Game/HospitalCorridor/Meshes/Environment/SM_HospitalCorridor_01_Background.SM_HospitalCorridor_01_Background,1220x1660x440
mesh,StaticMesh,/Game/HospitalCorridor/Meshes/Environment/SM_linoleumPatches.SM_linoleumPatches,760x1200x11
mesh,StaticMesh,/Game/HospitalCorridor/Meshes/Objects/SM_FireExtinguisher_01.SM_FireExtinguisher_01,23x30x84
mesh,StaticMesh,/Game/HospitalCorridor/Meshes/Objects/SM_FireExtinguisher_01_Stand.SM_FireExtinguisher_01_Stand,26x26x58
mesh,StaticMesh,/Game/HospitalCorridor/Meshes/Objects/SM_GlassLamps_01_A.SM_GlassLamps_01_A,7x12x7
mesh,StaticMesh,/Game/HospitalCorridor/Meshes/Objects/SM_GlassLamps_01_B.SM_GlassLamps_01_B,6x105x6
mesh,StaticMesh,/Game/HospitalCorridor/Meshes/Objects/SM_HospitalBench_01.SM_HospitalBench_01,188x73x123
mesh,StaticMesh,/Game/HospitalCorridor/Meshes/Objects/SM_HospitalDoor_01.SM_HospitalDoor_01,96x20x206
mesh,StaticMesh,/Game/HospitalCorridor/Meshes/Objects/SM_HospitalDoor_01_Frame.SM_HospitalDoor_01_Frame,120x18x220
mesh,StaticMesh,/Game/HospitalCorridor/Meshes/Objects/SM_HospitalDoor_02.SM_HospitalDoor_02,96x20x206
mesh,StaticMesh,/Game/HospitalCorridor/Meshes/Objects/SM_HospitalDoor_02_Frame.SM_HospitalDoor_02_Frame,121x16x220
mesh,StaticMesh,/Game/HospitalCorridor/Meshes/Objects/SM_HospitalDoor_03_A.SM_HospitalDoor_03_A,88x20x206
mesh,StaticMesh,/Game/HospitalCorridor/Meshes/Objects/SM_HospitalDoor_03_B.SM_HospitalDoor_03_B,88x12x206
mesh,StaticMesh,/Game/HospitalCorridor/Meshes/Objects/SM_HospitalDoor_03_Frame.SM_HospitalDoor_03_Frame,200x14x220
mesh,StaticMesh,/Game/HospitalCorridor/Meshes/Objects/SM_HospitalDoor_04_A.SM_HospitalDoor_04_A,88x20x206
mesh,StaticMesh,/Game/HospitalCorridor/Meshes/Objects/SM_HospitalDoor_04_B.SM_HospitalDoor_04_B,88x13x206
mesh,StaticMesh,/Game/HospitalCorridor/Meshes/Objects/SM_HospitalDoor_04_Frame.SM_HospitalDoor_04_Frame,280x14x220
mesh,StaticMesh,/Game/HospitalCorridor/Meshes/Objects/SM_HospitalDoor_04_Frame_Glass.SM_HospitalDoor_04_Frame_Glass,250x0x126
mesh,StaticMesh,/Game/HospitalCorridor/Meshes/Objects/SM_HospitalDoor_04_Glass.SM_HospitalDoor_04_Glass,49x0x67
mesh,StaticMesh,/Game/HospitalCorridor/Meshes/Objects/SM_HospitalLamps_01_A01.SM_HospitalLamps_01_A01,36x34x6
mesh,StaticMesh,/Game/HospitalCorridor/Meshes/Objects/SM_HospitalLamps_01_A02.SM_HospitalLamps_01_A02,35x35x9
mesh,StaticMesh,/Game/HospitalCorridor/Meshes/Objects/SM_HospitalLamps_01_A03.SM_HospitalLamps_01_A03,40x40x14
mesh,StaticMesh,/Game/HospitalCorridor/Meshes/Objects/SM_HospitalLamps_01_B01.SM_HospitalLamps_01_B01,20x120x11
mesh,StaticMesh,/Game/HospitalCorridor/Meshes/Objects/SM_HospitalLamps_01_B02.SM_HospitalLamps_01_B02,26x117x16
mesh,StaticMesh,/Game/HospitalCorridor/Meshes/Objects/SM_HospitalLamps_01_C01.SM_HospitalLamps_01_C01,16x110x9
mesh,StaticMesh,/Game/HospitalCorridor/Meshes/Objects/SM_HospitalLamps_01_C02.SM_HospitalLamps_01_C02,17x110x5
mesh,StaticMesh,/Game/HospitalCorridor/Meshes/Objects/SM_HospitalLamps_01_D01.SM_HospitalLamps_01_D01,80x80x8
mesh,StaticMesh,/Game/HospitalCorridor/Meshes/Objects/SM_HospitalLamps_01_D02.SM_HospitalLamps_01_D02,81x81x6
mesh,StaticMesh,/Game/HospitalCorridor/Meshes/Objects/SM_HospitalLamps_01_E.SM_HospitalLamps_01_E,40x8x21
mesh,StaticMesh,/Game/HospitalCorridor/Meshes/Objects/SM_HospitalPosters_01_A.SM_HospitalPosters_01_A,53x0x74
mesh,StaticMesh,/Game/HospitalCorridor/Meshes/Objects/SM_HospitalPosters_01_B.SM_HospitalPosters_01_B,26x0x38
mesh,StaticMesh,/Game/HospitalCorridor/Meshes/Objects/SM_HospitalPosters_01_C.SM_HospitalPosters_01_C,26x0x38
mesh,StaticMesh,/Game/HospitalCorridor/Meshes/Objects/SM_HospitalPosters_01_D.SM_HospitalPosters_01_D,38x0x26
mesh,StaticMesh,/Game/HospitalCorridor/Meshes/Objects/SM_HospitalPosters_01_E.SM_HospitalPosters_01_E,38x0x26
mesh,StaticMesh,/Game/HospitalCorridor/Meshes/Objects/SM_HospitalPosters_01_F.SM_HospitalPosters_01_F,38x0x53
mesh,StaticMesh,/Game/HospitalCorridor/Meshes/Objects/SM_HospitalPosters_01_G.SM_HospitalPosters_01_G,38x0x53
mesh,StaticMesh,/Game/HospitalCorridor/Meshes/Objects/SM_HospitalPosters_01_H.SM_HospitalPosters_01_H,74x0x53
mesh,StaticMesh,/Game/HospitalCorridor/Meshes/Objects/SM_HospitalPosters_01_I.SM_HospitalPosters_01_I,53x0x74
mesh,StaticMesh,/Game/HospitalCorridor/Meshes/Objects/SM_HospitalPosters_01_J.SM_HospitalPosters_01_J,26x0x37
mesh,StaticMesh,/Game/HospitalCorridor/Meshes/Objects/SM_HospitalPosters_01_K.SM_HospitalPosters_01_K,38x0x26
mesh,StaticMesh,/Game/HospitalCorridor/Meshes/Objects/SM_HospitalPosters_01_L.SM_HospitalPosters_01_L,37x0x53
mesh,StaticMesh,/Game/HospitalCorridor/Meshes/Objects/SM_HospitalPosters_01_M.SM_HospitalPosters_01_M,26x0x38
mesh,StaticMesh,/Game/HospitalCorridor/Meshes/Objects/SM_HospitalPosters_01_N.SM_HospitalPosters_01_N,26x0x38
mesh,StaticMesh,/Game/HospitalCorridor/Meshes/Objects/SM_HospitalPosters_01_O.SM_HospitalPosters_01_O,38x0x53
mesh,StaticMesh,/Game/HospitalCorridor/Meshes/Objects/SM_HospitalPosters_01_P.SM_HospitalPosters_01_P,53x0x74
mesh,StaticMesh,/Game/HospitalCorridor/Meshes/Objects/SM_HospitalPosters_02_A.SM_HospitalPosters_02_A,35x0x13
mesh,StaticMesh,/Game/HospitalCorridor/Meshes/Objects/SM_HospitalPosters_02_B.SM_HospitalPosters_02_B,35x0x13
mesh,StaticMesh,/Game/HospitalCorridor/Meshes/Objects/SM_HospitalPosters_02_C.SM_HospitalPosters_02_C,35x0x13
mesh,StaticMesh,/Game/HospitalCorridor/Meshes/Objects/SM_HospitalPosters_02_D.SM_HospitalPosters_02_D,18x0x12
mesh,StaticMesh,/Game/HospitalCorridor/Meshes/Objects/SM_HospitalPosters_02_E.SM_HospitalPosters_02_E,18x0x12
mesh,StaticMesh,/Game/HospitalCorridor/Meshes/Objects/SM_HospitalPosters_02_F.SM_HospitalPosters_02_F,18x0x12
mesh,StaticMesh,/Game/HospitalCorridor/Meshes/Objects/SM_HospitalPosters_02_G.SM_HospitalPosters_02_G,18x0x12
mesh,StaticMesh,/Game/HospitalCorridor/Meshes/Objects/SM_HospitalPosters_02_H.SM_HospitalPosters_02_H,36x0x25
mesh,StaticMesh,/Game/HospitalCorridor/Meshes/Objects/SM_HospitalPosters_02_I.SM_HospitalPosters_02_I,50x0x36
mesh,StaticMesh,/Game/HospitalCorridor/Meshes/Objects/SM_HospitalPosters_02_K.SM_HospitalPosters_02_K,50x0x36
mesh,StaticMesh,/Game/HospitalCorridor/Meshes/Objects/SM_HospitalPosters_02_L.SM_HospitalPosters_02_L,50x0x36
mesh,StaticMesh,/Game/HospitalCorridor/Meshes/Objects/SM_HospitalPosters_02_M.SM_HospitalPosters_02_M,50x0x36
mesh,StaticMesh,/Game/HospitalCorridor/Meshes/Objects/SM_HospitalPosters_02_N.SM_HospitalPosters_02_N,35x0x13
mesh,StaticMesh,/Game/HospitalCorridor/Meshes/Objects/SM_HospitalPosters_02_O.SM_HospitalPosters_02_O,39x0x15
mesh,StaticMesh,/Game/HospitalCorridor/Meshes/Objects/SM_HospitalPosters_02_P.SM_HospitalPosters_02_P,12x0x12
mesh,StaticMesh,/Game/HospitalCorridor/Meshes/Objects/SM_HospitalPosters_02_R.SM_HospitalPosters_02_R,39x0x15
mesh,StaticMesh,/Game/HospitalCorridor/Meshes/Objects/SM_HospitalPosters_02_S.SM_HospitalPosters_02_S,39x0x15
mesh,StaticMesh,/Game/HospitalCorridor/Meshes/Objects/SM_HospitalPosters_02_T.SM_HospitalPosters_02_T,39x0x15
mesh,StaticMesh,/Game/HospitalCorridor/Meshes/Objects/SM_HospitalPosters_02_U.SM_HospitalPosters_02_U,12x0x12
mesh,StaticMesh,/Game/HospitalCorridor/Meshes/Objects/SM_HospitalPosters_02_V.SM_HospitalPosters_02_V,12x0x12
mesh,StaticMesh,/Game/HospitalCorridor/Meshes/Objects/SM_InformationStand_01.SM_InformationStand_01,161x5x102
mesh,StaticMesh,/Game/HospitalCorridor/Meshes/Objects/SM_Radiator_03.SM_Radiator_03,163x19x280
mesh,StaticMesh,/Game/HospitalCorridor/Meshes/Objects/SM_Registry_01.SM_Registry_01,206x48x74
mesh,StaticMesh,/Game/HospitalCorridor/Meshes/Objects/SM_Registry_01_Glass.SM_Registry_01_Glass,179x1x49
mesh,StaticMesh,/Game/HospitalCorridor/Meshes/Objects/SM_UtilityElectronics_01_A.SM_UtilityElectronics_01_A,21x11x24
mesh,StaticMesh,/Game/HospitalCorridor/Meshes/Objects/SM_UtilityElectronics_01_B.SM_UtilityElectronics_01_B,28x14x28
mesh,StaticMesh,/Game/HospitalCorridor/Meshes/Objects/SM_UtilityElectronics_01_C.SM_UtilityElectronics_01_C,28x14x35
mesh,StaticMesh,/Game/HospitalCorridor/Meshes/Objects/SM_UtilityElectronics_01_D.SM_UtilityElectronics_01_D,24x20x32
mesh,StaticMesh,/Game/HospitalCorridor/Meshes/Objects/SM_UtilityElectronics_01_E.SM_UtilityElectronics_01_E,42x15x25
mesh,StaticMesh,/Game/HospitalCorridor/Meshes/Objects/SM_UtilityElectronics_01_F.SM_UtilityElectronics_01_F,22x9x22
mesh,StaticMesh,/Game/HospitalCorridor/Meshes/Objects/SM_UtilityElectronics_01_G.SM_UtilityElectronics_01_G,24x16x24
mesh,StaticMesh,/Game/HospitalCorridor/Meshes/Objects/SM_UtilityElectronics_01_H.SM_UtilityElectronics_01_H,6x5x7
mesh,StaticMesh,/Game/HospitalCorridor/Meshes/Objects/SM_UtilityElectronics_01_I.SM_UtilityElectronics_01_I,7x7x7
mesh,StaticMesh,/Game/HospitalCorridor/Meshes/Objects/SM_UtilityElectronics_01_K.SM_UtilityElectronics_01_K,11x5x11
mesh,StaticMesh,/Game/HospitalCorridor/Meshes/Objects/SM_UtilityElectronics_01_L.SM_UtilityElectronics_01_L,11x8x11
mesh,StaticMesh,/Game/HospitalCorridor/Meshes/Objects/SM_UtilityElectronics_01_M.SM_UtilityElectronics_01_M,10x8x10
mesh,StaticMesh,/Game/HospitalCorridor/Meshes/Objects/SM_UtilityElectronics_01_N.SM_UtilityElectronics_01_N,20x4x15
mesh,StaticMesh,/Game/HospitalCorridor/Meshes/Objects/SM_UtilityElectronics_01_O.SM_UtilityElectronics_01_O,9x5x13
mesh,StaticMesh,/Game/HospitalCorridor/Meshes/Objects/SM_UtilityElectronics_01_P.SM_UtilityElectronics_01_P,3x6x8
mesh,StaticMesh,/Game/HospitalCorridor/Meshes/Objects/SM_UtilityElectronics_01_R.SM_UtilityElectronics_01_R,3x7x11
mesh,StaticMesh,/Game/HospitalCorridor/Meshes/Objects/SM_UtilityElectronics_01_S.SM_UtilityElectronics_01_S,3x6x20
mesh,StaticMesh,/Game/HospitalCorridor/Meshes/Objects/SM_UtilityElectronics_01_T.SM_UtilityElectronics_01_T,15x4x20
mesh,StaticMesh,/Game/HospitalCorridor/Meshes/Trims/SM_GlassWalll_01.SM_GlassWalll_01,80x15x80
mesh,StaticMesh,/Game/HospitalCorridor/Meshes/Trims/SM_TrimLinoleum_01_Plinth.SM_TrimLinoleum_01_Plinth,100x17x26
mesh,StaticMesh,/Game/HospitalCorridor/Meshes/Trims/SM_UtilityElectronics_01_Trim_A.SM_UtilityElectronics_01_Trim_A,300x2x3
mesh,StaticMesh,/Game/HospitalCorridor/Meshes/Trims/SM_UtilityElectronics_01_Trim_B.SM_UtilityElectronics_01_Trim_B,300x3x3
mesh,StaticMesh,/Game/HospitalCorridor/Meshes/Trims/SM_UtilityElectronics_01_Trim_C.SM_UtilityElectronics_01_Trim_C,300x2x2
mesh,StaticMesh,/Game/HospitalCorridor/Meshes/Trims/SM_UtilityElectronics_01_Trim_D.SM_UtilityElectronics_01_Trim_D,300x7x7
mesh,StaticMesh,/Game/HospitalCorridor/Meshes/Trims/SM_UtilityElectronics_01_Trim_E.SM_UtilityElectronics_01_Trim_E,300x1x2
mesh,StaticMesh,/Game/IndustryPropsPack6/Meshes/SM_Barrel01.SM_Barrel01,56x56x91
mesh,StaticMesh,/Game/IndustryPropsPack6/Meshes/SM_Barrel02.SM_Barrel02,56x56x91
mesh,StaticMesh,/Game/IndustryPropsPack6/Meshes/SM_Barrel03.SM_Barrel03,56x56x91
mesh,StaticMesh,/Game/IndustryPropsPack6/Meshes/SM_Barrel04.SM_Barrel04,152x150x97
mesh,StaticMesh,/Game/IndustryPropsPack6/Meshes/SM_Box01.SM_Box01,130x236x94
mesh,StaticMesh,/Game/IndustryPropsPack6/Meshes/SM_Box02.SM_Box02,130x145x94
mesh,StaticMesh,/Game/IndustryPropsPack6/Meshes/SM_Box03.SM_Box03,185x284x101
mesh,StaticMesh,/Game/IndustryPropsPack6/Meshes/SM_CartonBox01.SM_CartonBox01,42x71x44
mesh,StaticMesh,/Game/IndustryPropsPack6/Meshes/SM_CartonBox02.SM_CartonBox02,37x64x39
mesh,StaticMesh,/Game/IndustryPropsPack6/Meshes/SM_CartonBox03.SM_CartonBox03,79x102x65
mesh,StaticMesh,/Game/IndustryPropsPack6/Meshes/SM_CartonGarbage01.SM_CartonGarbage01,274x202x5
mesh,StaticMesh,/Game/IndustryPropsPack6/Meshes/SM_CartonGarbage02.SM_CartonGarbage02,195x158x5
mesh,StaticMesh,/Game/IndustryPropsPack6/Meshes/SM_CartonGarbage03.SM_CartonGarbage03,145x182x4
mesh,StaticMesh,/Game/IndustryPropsPack6/Meshes/SM_CartonGarbage04.SM_CartonGarbage04,128x136x2
mesh,StaticMesh,/Game/IndustryPropsPack6/Meshes/SM_CartonGarbage05.SM_CartonGarbage05,98x61x26
mesh,StaticMesh,/Game/IndustryPropsPack6/Meshes/SM_CartonGarbage06.SM_CartonGarbage06,84x58x21
mesh,StaticMesh,/Game/IndustryPropsPack6/Meshes/SM_CartonGarbage07.SM_CartonGarbage07,51x89x56
mesh,StaticMesh,/Game/IndustryPropsPack6/Meshes/SM_CartonGarbage08.SM_CartonGarbage08,97x105x52
mesh,StaticMesh,/Game/IndustryPropsPack6/Meshes/SM_CartonGarbage09.SM_CartonGarbage09,138x179x103
mesh,StaticMesh,/Game/IndustryPropsPack6/Meshes/SM_Hose01.SM_Hose01,95x79x38
mesh,StaticMesh,/Game/IndustryPropsPack6/Meshes/SM_Newspaper01.SM_Newspaper01,137x154x10
mesh,StaticMesh,/Game/IndustryPropsPack6/Meshes/SM_Newspaper02.SM_Newspaper02,252x269x17
mesh,StaticMesh,/Game/IndustryPropsPack6/Meshes/SM_Newspaper03.SM_Newspaper03,328x288x17
mesh,StaticMesh,/Game/IndustryPropsPack6/Meshes/SM_Pallet01.SM_Pallet01,119x110x14
mesh,StaticMesh,/Game/IndustryPropsPack6/Meshes/SM_Rack01.SM_Rack01,124x399x482
mesh,StaticMesh,/Game/IndustryPropsPack6/Meshes/SM_Rack02.SM_Rack02,116x379x21
mesh,StaticMesh,/Game/IndustryPropsPack6/Meshes/SM_Tarp01.SM_Tarp01,276x316x33
mesh,StaticMesh,/Game/IndustryPropsPack6/Meshes/SM_Tarp02.SM_Tarp02,299x280x20
mesh,StaticMesh,/Game/IndustryPropsPack6/Meshes/SM_TrafficBarrel01.SM_TrafficBarrel01,81x81x94
mesh,StaticMesh,/Game/IndustryPropsPack6/Meshes/SM_WaterTank01.SM_WaterTank01,128x125x146
mesh,StaticMesh,/Game/LN3D_Modular_CatWalk/LN3D_Modular_CatWalk_Free/Models/LN3D_Modular_CatWalk_UE_Cross4x4.LN3D_Modular_CatWalk_UE_Cross4x4,400x400x170
mesh,StaticMesh,/Game/LN3D_Modular_CatWalk/LN3D_Modular_CatWalk_Free/Models/LN3D_Modular_CatWalk_UE_End2x2.LN3D_Modular_CatWalk_UE_End2x2,200x200x170
mesh,StaticMesh,/Game/LN3D_Modular_CatWalk/LN3D_Modular_CatWalk_Free/Models/LN3D_Modular_CatWalk_UE_Line2x2.LN3D_Modular_CatWalk_UE_Line2x2,200x200x170
mesh,StaticMesh,/Game/LN3D_Modular_CatWalk/LN3D_Modular_CatWalk_Free/Models/LN3D_Modular_CatWalk_UE_Line2x4.LN3D_Modular_CatWalk_UE_Line2x4,200x400x170
mesh,StaticMesh,/Game/LN3D_Modular_CatWalk/LN3D_Modular_CatWalk_Free/Models/LN3D_Modular_CatWalk_UE_Stairs2x4x4.LN3D_Modular_CatWalk_UE_Stairs2x4x4,200x403x595
mesh,StaticMesh,/Game/LN3D_Modular_CatWalk/LN3D_Modular_CatWalk_Free/Models/LN3D_Modular_CatWalk_UE_Support2x2.LN3D_Modular_CatWalk_UE_Support2x2,200x52x302
mesh,StaticMesh,/Game/LN3D_Modular_CatWalk/LN3D_Modular_CatWalk_Free/Models/LN3D_Modular_CatWalk_UE_Support2x4.LN3D_Modular_CatWalk_UE_Support2x4,200x252x302
mesh,StaticMesh,/Game/LN3D_Modular_CatWalk/LN3D_Modular_CatWalk_Free/Models/LN3D_Modular_CatWalk_UE_SupportBig2x2.LN3D_Modular_CatWalk_UE_SupportBig2x2,200x50x302
mesh,StaticMesh,/Game/LN3D_Modular_CatWalk/LN3D_Modular_CatWalk_Free/Models/LN3D_Modular_CatWalk_UE_SupportBig2x4.LN3D_Modular_CatWalk_UE_SupportBig2x4,200x250x302
mesh,StaticMesh,/Game/LN3D_Modular_CatWalk/LN3D_Modular_CatWalk_Free/Models/LN3D_Modular_CatWalk_UE_Tree4x4.LN3D_Modular_CatWalk_UE_Tree4x4,300x400x170
mesh,StaticMesh,/Game/LN3D_Modular_CatWalk/LN3D_Modular_CatWalk_Free/Models/LN3D_Modular_CatWalk_UE_Turn2x2.LN3D_Modular_CatWalk_UE_Turn2x2,200x200x170
mesh,StaticMesh,/Game/LevelPrototyping/Interactable/Door/Meshes/SM_Door.SM_Door,200x200x200
mesh,StaticMesh,/Game/LevelPrototyping/Interactable/Door/Meshes/SM_DoorFrame_Corner.SM_DoorFrame_Corner,200x200x200
mesh,StaticMesh,/Game/LevelPrototyping/Interactable/Door/Meshes/SM_DoorFrame_Edge.SM_DoorFrame_Edge,200x200x100
mesh,StaticMesh,/Game/LevelPrototyping/Interactable/JumpPad/Assets/Meshes/SM_CircularBand.SM_CircularBand,140x140x13
mesh,StaticMesh,/Game/LevelPrototyping/Interactable/JumpPad/Assets/Meshes/SM_CircularGlow.SM_CircularGlow,173x173x18
mesh,StaticMesh,/Game/LevelPrototyping/Interactable/Target/Assets/SM_TargetBaseMesh.SM_TargetBaseMesh,70x71x191
mesh,StaticMesh,/Game/LevelPrototyping/Meshes/SM_ChamferCube.SM_ChamferCube,100x100x100
mesh,StaticMesh,/Game/LevelPrototyping/Meshes/SM_Cube.SM_Cube,100x100x100
mesh,StaticMesh,/Game/LevelPrototyping/Meshes/SM_Cylinder.SM_Cylinder,100x100x100
mesh,StaticMesh,/Game/LevelPrototyping/Meshes/SM_Plane.SM_Plane,100x100x0
mesh,StaticMesh,/Game/LevelPrototyping/Meshes/SM_QuarterCylinder.SM_QuarterCylinder,50x50x100
mesh,StaticMesh,/Game/LevelPrototyping/Meshes/SM_QuarterCylinderOuter.SM_QuarterCylinderOuter,100x100x100
mesh,StaticMesh,/Game/LevelPrototyping/Meshes/SM_Ramp.SM_Ramp,100x100x100
mesh,StaticMesh,/Game/MayuRadialMenu/03_Mesh/SM_Cube.SM_Cube,100x100x100
mesh,StaticMesh,/Game/Med_Office_Desk/StaticMesh/SM_Med_Office_Desk.SM_Med_Office_Desk,81x166x75
mesh,StaticMesh,/Game/Megaplant_Library/Shrub_Greasewood/Instances/GW_Cluster_1.GW_Cluster_1,10x17x17
mesh,StaticMesh,/Game/Megaplant_Library/Shrub_Greasewood/Instances/GW_Cluster_10.GW_Cluster_10,8x12x28
mesh,StaticMesh,/Game/Megaplant_Library/Shrub_Greasewood/Instances/GW_Cluster_11.GW_Cluster_11,5x4x14
mesh,StaticMesh,/Game/Megaplant_Library/Shrub_Greasewood/Instances/GW_Cluster_12.GW_Cluster_12,2x4x10
mesh,StaticMesh,/Game/Megaplant_Library/Shrub_Greasewood/Instances/GW_Cluster_13.GW_Cluster_13,10x10x28
mesh,StaticMesh,/Game/Megaplant_Library/Shrub_Greasewood/Instances/GW_Cluster_2.GW_Cluster_2,9x18x21
mesh,StaticMesh,/Game/Megaplant_Library/Shrub_Greasewood/Instances/GW_Cluster_3.GW_Cluster_3,11x12x23
mesh,StaticMesh,/Game/Megaplant_Library/Shrub_Greasewood/Instances/GW_Cluster_4.GW_Cluster_4,8x10x14
mesh,StaticMesh,/Game/Megaplant_Library/Shrub_Greasewood/Instances/GW_Cluster_5.GW_Cluster_5,10x12x20
mesh,StaticMesh,/Game/Megaplant_Library/Shrub_Greasewood/Instances/GW_Cluster_6.GW_Cluster_6,12x10x24
mesh,StaticMesh,/Game/Megaplant_Library/Shrub_Greasewood/Instances/GW_Cluster_7.GW_Cluster_7,8x10x13
mesh,StaticMesh,/Game/Megaplant_Library/Shrub_Greasewood/Instances/GW_Cluster_8.GW_Cluster_8,9x11x19
mesh,StaticMesh,/Game/Megaplant_Library/Shrub_Greasewood/Instances/GW_Cluster_9.GW_Cluster_9,7x9x21
mesh,StaticMesh,/Game/Megaplant_Library/Tree_Baltic_Pine/Instances/Branch_Baltic_Pine_01.Branch_Baltic_Pine_01,31x21x46
mesh,StaticMesh,/Game/Megaplant_Library/Tree_Baltic_Pine/Instances/Branch_Baltic_Pine_02.Branch_Baltic_Pine_02,46x33x45
mesh,StaticMesh,/Game/Megaplant_Library/Tree_Baltic_Pine/Instances/Branch_Baltic_Pine_03.Branch_Baltic_Pine_03,56x37x50
mesh,StaticMesh,/Game/Megaplant_Library/Tree_Baltic_Pine/Instances/Branch_Baltic_Pine_04.Branch_Baltic_Pine_04,52x53x73
mesh,StaticMesh,/Game/Megaplant_Library/Tree_Baltic_Pine/Instances/Branch_Baltic_Pine_05.Branch_Baltic_Pine_05,53x53x71
mesh,StaticMesh,/Game/Megaplant_Library/Tree_Baltic_Pine/Instances/Branch_Baltic_Pine_Dead_01.Branch_Baltic_Pine_Dead_01,16x11x40
mesh,StaticMesh,/Game/Megaplant_Library/Tree_Baltic_Pine/Instances/Branch_Baltic_Pine_Dead_02.Branch_Baltic_Pine_Dead_02,42x29x40
mesh,StaticMesh,/Game/Megaplant_Library/Tree_Baltic_Pine/Instances/Branch_Baltic_Pine_Dead_03.Branch_Baltic_Pine_Dead_03,32x22x34
mesh,StaticMesh,/Game/Megaplant_Library/Tree_Baltic_Pine/Instances/Branch_Baltic_Pine_Decay_01.Branch_Baltic_Pine_Decay_01,56x37x45
mesh,StaticMesh,/Game/Megaplant_Library/Tree_Baltic_Pine/Instances/Branch_Baltic_Pine_Decay_02.Branch_Baltic_Pine_Decay_02,42x31x38
mesh,StaticMesh,/Game/Megaplant_Library/Tree_Baltic_Pine/Instances/Branch_Baltic_Pine_Decay_03.Branch_Baltic_Pine_Decay_03,30x22x46
mesh,StaticMesh,/Game/Megaplant_Library/Tree_Baltic_Pine/Instances/Decoration_Baltic_Pine_01.Decoration_Baltic_Pine_01,36x94x177
mesh,StaticMesh,/Game/Megaplant_Library/Tree_Baltic_Pine/Instances/Decoration_Baltic_Pine_02.Decoration_Baltic_Pine_02,22x23x137
mesh,StaticMesh,/Game/Megaplant_Library/Tree_Baltic_Pine/Instances/Decoration_Baltic_Pine_03.Decoration_Baltic_Pine_03,17x17x61
mesh,StaticMesh,/Game/Megaplant_Library/Tree_Baltic_Pine/Instances/Decoration_Baltic_Pine_04.Decoration_Baltic_Pine_04,10x40x62
mesh,StaticMesh,/Game/Megaplant_Library/Tree_Baltic_Pine/Instances/Decoration_Baltic_Pine_05.Decoration_Baltic_Pine_05,12x12x34
mesh,StaticMesh,/Game/Megaplant_Library/Tree_Baltic_Pine/Instances/Decoration_Baltic_Pine_06.Decoration_Baltic_Pine_06,18x16x38
mesh,StaticMesh,/Game/Megaplant_Library/Tree_Baltic_Pine/Instances/Decoration_Baltic_Pine_07.Decoration_Baltic_Pine_07,21x19x35
mesh,StaticMesh,/Game/Megaplant_Library/Tree_Baltic_Pine/Instances/Decoration_Baltic_Pine_08.Decoration_Baltic_Pine_08,12x13x64
mesh,StaticMesh,/Game/Megaplant_Library/Tree_Baltic_Pine/Instances/Needle_Baltic_Pine_01.Needle_Baltic_Pine_01,1x0x3
mesh,StaticMesh,/Game/Megaplant_Library/Tree_Baltic_Pine/Instances/Needle_Baltic_Pine_02.Needle_Baltic_Pine_02,1x0x3
mesh,StaticMesh,/Game/Megaplant_Library/Tree_Baltic_Pine/Instances/Twig_Baltic_Pine_01.Twig_Baltic_Pine_01,20x20x33
mesh,StaticMesh,/Game/Megaplant_Library/Tree_Baltic_Pine/Instances/Twig_Baltic_Pine_02.Twig_Baltic_Pine_02,21x19x26
mesh,StaticMesh,/Game/Megaplant_Library/Tree_Baltic_Pine/Instances/Twig_Baltic_Pine_03.Twig_Baltic_Pine_03,15x15x21
mesh,StaticMesh,/Game/Megaplant_Library/Tree_Common_Hazel/Instances/Branch_Common_Hazel_01.Branch_Common_Hazel_01,68x26x98
mesh,StaticMesh,/Game/Megaplant_Library/Tree_Common_Hazel/Instances/Branch_Common_Hazel_02.Branch_Common_Hazel_02,44x21x64
mesh,StaticMesh,/Game/Megaplant_Library/Tree_Common_Hazel/Instances/Branch_Common_Hazel_Dead_01.Branch_Common_Hazel_Dead_01,27x42x82
mesh,StaticMesh,/Game/Megaplant_Library/Tree_Common_Hazel/Instances/Branch_Common_Hazel_Dead_02.Branch_Common_Hazel_Dead_02,1x5x46
mesh,StaticMesh,/Game/Megaplant_Library/Tree_Common_Hazel/Instances/Branch_Common_Hazel_Nut_01.Branch_Common_Hazel_Nut_01,62x24x77
mesh,StaticMesh,/Game/Megaplant_Library/Tree_Common_Hazel/Instances/Branch_Common_Hazel_Up_01.Branch_Common_Hazel_Up_01,40x33x86
mesh,StaticMesh,/Game/Megaplant_Library/Tree_Common_Hazel/Instances/Branch_Common_Hazel_Up_02.Branch_Common_Hazel_Up_02,30x23x55
mesh,StaticMesh,/Game/Megaplant_Library/Tree_Common_Hazel/Instances/Leaf_Common_Hazel_01.Leaf_Common_Hazel_01,13x4x22
mesh,StaticMesh,/Game/Megaplant_Library/Tree_Common_Hazel/Instances/Leaf_Common_Hazel_02.Leaf_Common_Hazel_02,24x8x39
mesh,StaticMesh,/Game/Megaplant_Library/Tree_Common_Hazel/Instances/Leaf_Common_Hazel_03.Leaf_Common_Hazel_03,14x3x21
mesh,StaticMesh,/Game/Megaplant_Library/Tree_Common_Hazel/Instances/Leaf_Common_Hazel_04.Leaf_Common_Hazel_04,14x4x24
mesh,StaticMesh,/Game/Megaplant_Library/Tree_Common_Hazel/Instances/Leaf_Common_Hazel_05.Leaf_Common_Hazel_05,27x9x34
mesh,StaticMesh,/Game/Megaplant_Library/Tree_Common_Hazel/Instances/Leaf_Common_Hazel_06.Leaf_Common_Hazel_06,18x6x29
mesh,StaticMesh,/Game/Megaplant_Library/Tree_Common_Hazel/Instances/Leaf_Common_Hazel_07.Leaf_Common_Hazel_07,10x1x15
mesh,StaticMesh,/Game/Megaplant_Library/Tree_Common_Hazel/Instances/Leaf_Common_Hazel_08.Leaf_Common_Hazel_08,6x2x9
mesh,StaticMesh,/Game/Megaplant_Library/Tree_Common_Hazel/Instances/Leaf_Common_Hazel_09.Leaf_Common_Hazel_09,15x5x23
mesh,StaticMesh,/Game/Megaplant_Library/Tree_Common_Hazel/Instances/Twig_Common_Hazel_01.Twig_Common_Hazel_01,30x9x50
mesh,StaticMesh,/Game/Megaplant_Library/Tree_Common_Hazel/Instances/Twig_Common_Hazel_02.Twig_Common_Hazel_02,33x11x29
mesh,StaticMesh,/Game/Megaplant_Library/Tree_Dead_Pine/Instances/Bark_Dead_Pine_00.Bark_Dead_Pine_00,5x15x2
mesh,StaticMesh,/Game/Megaplant_Library/Tree_Dead_Pine/Instances/Bark_Dead_Pine_01.Bark_Dead_Pine_01,6x16x1
mesh,StaticMesh,/Game/Megaplant_Library/Tree_Dead_Pine/Instances/Bark_Dead_Pine_02.Bark_Dead_Pine_02,6x16x1
mesh,StaticMesh,/Game/Megaplant_Library/Tree_Dead_Pine/Instances/Bark_Dead_Pine_03.Bark_Dead_Pine_03,7x14x3
mesh,StaticMesh,/Game/Megaplant_Library/Tree_Dead_Pine/Instances/Bark_Dead_Pine_04.Bark_Dead_Pine_04,2x5x1
mesh,StaticMesh,/Game/Megaplant_Library/Tree_Dead_Pine/Instances/Bark_Dead_Pine_05.Bark_Dead_Pine_05,6x27x2
mesh,StaticMesh,/Game/Megaplant_Library/Tree_Dead_Pine/Instances/Bark_Dead_Pine_06.Bark_Dead_Pine_06,9x19x4
mesh,StaticMesh,/Game/Megaplant_Library/Tree_Dead_Pine/Instances/Branch_Dead_Pine_00.Branch_Dead_Pine_00,16x11x40
mesh,StaticMesh,/Game/Megaplant_Library/Tree_Dead_Pine/Instances/Branch_Dead_Pine_01.Branch_Dead_Pine_01,42x29x40
mesh,StaticMesh,/Game/Megaplant_Library/Tree_Dead_Pine/Instances/Branch_Dead_Pine_02.Branch_Dead_Pine_02,32x22x34
mesh,StaticMesh,/Game/Megaplant_Library/Tree_Dead_Pine/Instances/Branch_Dead_Pine_03.Branch_Dead_Pine_03,4x11x9
mesh,StaticMesh,/Game/Megaplant_Library/Tree_Dead_Pine/Instances/Branch_Dead_Pine_04.Branch_Dead_Pine_04,7x8x26
mesh,StaticMesh,/Game/Megaplant_Library/Tree_Dead_Pine/Instances/Branch_Dead_Pine_05.Branch_Dead_Pine_05,7x23x23
mesh,StaticMesh,/Game/Megaplant_Library/Tree_Dead_Pine/Instances/Branch_Dead_Pine_06.Branch_Dead_Pine_06,6x6x15
mesh,StaticMesh,/Game/Megaplant_Library/Tree_Dead_Pine/Instances/Branch_Dead_Pine_07.Branch_Dead_Pine_07,3x4x11
mesh,StaticMesh,/Game/Megaplant_Library/Tree_Dead_Pine/Instances/Branch_Dead_Pine_08.Branch_Dead_Pine_08,8x10x3
mesh,StaticMesh,/Game/Megaplant_Library/Tree_Dead_Pine/Instances/Branch_Dead_Pine_09.Branch_Dead_Pine_09,6x6x1
mesh,StaticMesh,/Game/Megaplant_Library/Tree_Dead_Pine/Instances/Branch_Dead_Pine_10.Branch_Dead_Pine_10,7x6x2
mesh,StaticMesh,/Game/Megaplant_Library/Tree_Ginkgo/Instances/Ginkgo_Branch_01.Ginkgo_Branch_01,36x37x106
mesh,StaticMesh,/Game/Megaplant_Library/Tree_Ginkgo/Instances/Ginkgo_Branch_02.Ginkgo_Branch_02,36x28x95
mesh,StaticMesh,/Game/Megaplant_Library/Tree_Ginkgo/Instances/Ginkgo_Branch_03.Ginkgo_Branch_03,34x30x66
mesh,StaticMesh,/Game/Megaplant_Library/Tree_Ginkgo/Instances/Ginkgo_Branch_04.Ginkgo_Branch_04,31x23x45
mesh,StaticMesh,/Game/Megaplant_Library/Tree_Ginkgo/Instances/Ginkgo_Branch_05.Ginkgo_Branch_05,41x34x78
mesh,StaticMesh,/Game/Megaplant_Library/Tree_Ginkgo/Instances/Ginkgo_Dead_Branch.Ginkgo_Dead_Branch,4x5x52
mesh,StaticMesh,/Game/Megaplant_Library/Tree_Ginkgo/Instances/Ginkgo_Spur_01.Ginkgo_Spur_01,53x60x39
mesh,StaticMesh,/Game/Megaplant_Library/Tree_Ginkgo/Instances/Ginkgo_Spur_02.Ginkgo_Spur_02,58x53x31
mesh,StaticMesh,/Game/Megaplant_Library/Tree_Ginkgo/Instances/Ginkgo_Spur_03.Ginkgo_Spur_03,41x44x33
mesh,StaticMesh,/Game/Megaplant_Library/Tree_Ginkgo/Instances/Ginkgo_Spur_04.Ginkgo_Spur_04,60x53x26
mesh,StaticMesh,/Game/Megaplant_Library/Tree_Ginkgo/Instances/Ginkgo_Spur_05.Ginkgo_Spur_05,31x27x25
mesh,StaticMesh,/Game/Megaplant_Library/Tree_Japanese_Cypress/Instances/Japanese_Cypress_Decorations_01_A.Japanese_Cypress_Decorations_01_A,12x12x35
mesh,StaticMesh,/Game/Megaplant_Library/Tree_Japanese_Cypress/Instances/Japanese_Cypress_Decorations_01_B.Japanese_Cypress_Decorations_01_B,18x25x11
mesh,StaticMesh,/Game/Megaplant_Library/Tree_Japanese_Cypress/Instances/Japanese_Cypress_Decorations_01_C.Japanese_Cypress_Decorations_01_C,17x20x17
mesh,StaticMesh,/Game/Megaplant_Library/Tree_Japanese_Cypress/Instances/Japanese_Cypress_Decorations_01_D.Japanese_Cypress_Decorations_01_D,14x22x21
mesh,StaticMesh,/Game/Megaplant_Library/Tree_Japanese_Cypress/Instances/Japanese_Cypress_Decorations_01_E.Japanese_Cypress_Decorations_01_E,24x35x12
mesh,StaticMesh,/Game/Megaplant_Library/Tree_Japanese_Cypress/Instances/Tree_Japanese_Cypress_Branch_01.Tree_Japanese_Cypress_Branch_01,86x49x120
mesh,StaticMesh,/Game/Megaplant_Library/Tree_Japanese_Cypress/Instances/Tree_Japanese_Cypress_Branch_02.Tree_Japanese_Cypress_Branch_02,70x35x80
mesh,StaticMesh,/Game/Megaplant_Library/Tree_Japanese_Cypress/Instances/Tree_Japanese_Cypress_Branch_03.Tree_Japanese_Cypress_Branch_03,78x40x85
mesh,StaticMesh,/Game/Megaplant_Library/Tree_Japanese_Cypress/Instances/Tree_Japanese_Cypress_Branch_04.Tree_Japanese_Cypress_Branch_04,67x36x105
mesh,StaticMesh,/Game/Megaplant_Library/Tree_Japanese_Cypress/Instances/Tree_Japanese_Cypress_Branch_05.Tree_Japanese_Cypress_Branch_05,41x21x95
mesh,StaticMesh,/Game/Megaplant_Library/Tree_Japanese_Cypress/Instances/Tree_Japanese_Cypress_Branch_06.Tree_Japanese_Cypress_Branch_06,35x16x57
mesh,StaticMesh,/Game/Megaplant_Library/Tree_Norway_Spruce/Instances/Branch_Norway_Spruce_01.Branch_Norway_Spruce_01,49x75x96
mesh,StaticMesh,/Game/Megaplant_Library/Tree_Norway_Spruce/Instances/Branch_Norway_Spruce_02.Branch_Norway_Spruce_02,55x62x110
mesh,StaticMesh,/Game/Megaplant_Library/Tree_Norway_Spruce/Instances/Branch_Norway_Spruce_03.Branch_Norway_Spruce_03,48x75x103
mesh,StaticMesh,/Game/Megaplant_Library/Tree_Norway_Spruce/Instances/Branch_Norway_Spruce_04.Branch_Norway_Spruce_04,43x75x90
mesh,StaticMesh,/Game/Megaplant_Library/Tree_Norway_Spruce/Instances/Branch_Norway_Spruce_05.Branch_Norway_Spruce_05,53x74x114
mesh,StaticMesh,/Game/Megaplant_Library/Tree_Norway_Spruce/Instances/Branch_Norway_Spruce_06.Branch_Norway_Spruce_06,45x80x101
mesh,StaticMesh,/Game/Megaplant_Library/Tree_Norway_Spruce/Instances/Branch_Norway_Spruce_07.Branch_Norway_Spruce_07,39x47x79
mesh,StaticMesh,/Game/Megaplant_Library/Tree_Norway_Spruce/Instances/Branch_Norway_Spruce_08.Branch_Norway_Spruce_08,47x42x104
mesh,StaticMesh,/Game/Megaplant_Library/Tree_Norway_Spruce/Instances/Branch_Norway_Spruce_09.Branch_Norway_Spruce_09,47x69x102
mesh,StaticMesh,/Game/Megaplant_Library/Tree_Norway_Spruce/Instances/Branch_Norway_Spruce_10.Branch_Norway_Spruce_10,29x51x60
mesh,StaticMesh,/Game/Megaplant_Library/Tree_Norway_Spruce/Instances/Branch_Norway_Spruce_11.Branch_Norway_Spruce_11,24x31x46
mesh,StaticMesh,/Game/Megaplant_Library/Tree_Norway_Spruce/Instances/Branch_Norway_Spruce_12.Branch_Norway_Spruce_12,36x21x25
mesh,StaticMesh,/Game/Megaplant_Library/Tree_Norway_Spruce/Instances/Branch_Norway_Spruce_13.Branch_Norway_Spruce_13,11x16x15
mesh,StaticMesh,/Game/Megaplant_Library/Tree_Norway_Spruce/Instances/Branch_Norway_Spruce_14.Branch_Norway_Spruce_14,18x15x20
mesh,StaticMesh,/Game/Megaplant_Library/Tree_Norway_Spruce/Instances/Branch_Norway_Spruce_15.Branch_Norway_Spruce_15,18x19x23
mesh,StaticMesh,/Game/Megaplant_Library/Tree_Norway_Spruce/Instances/Branch_Norway_Spruce_Dead_01.Branch_Norway_Spruce_Dead_01,26x34x74
mesh,StaticMesh,/Game/Megaplant_Library/Tree_Norway_Spruce/Instances/Branch_Norway_Spruce_Dead_02.Branch_Norway_Spruce_Dead_02,3x4x12
mesh,StaticMesh,/Game/Megaplant_Library/Tree_Norway_Spruce/Instances/Branch_Norway_Spruce_Dead_03.Branch_Norway_Spruce_Dead_03,4x4x12
mesh,StaticMesh,/Game/Megaplant_Library/Tree_Norway_Spruce/Instances/Branch_Norway_Spruce_Hanging_01.Branch_Norway_Spruce_Hanging_01,10x9x39
mesh,StaticMesh,/Game/Megaplant_Library/Tree_Norway_Spruce/Instances/Branch_Norway_Spruce_Hanging_02.Branch_Norway_Spruce_Hanging_02,24x19x42
mesh,StaticMesh,/Game/Megaplant_Library/Tree_Norway_Spruce/Instances/Branch_Norway_Spruce_Hanging_03.Branch_Norway_Spruce_Hanging_03,25x19x30
mesh,StaticMesh,/Game/Megaplant_Library/Tree_Norway_Spruce/Instances/Branch_Norway_Spruce_Hanging_04.Branch_Norway_Spruce_Hanging_04,14x10x12
mesh,StaticMesh,/Game/Megaplant_Library/Tree_Norway_Spruce/Instances/Branch_Norway_Spruce_Hanging_05.Branch_Norway_Spruce_Hanging_05,14x10x17
mesh,StaticMesh,/Game/Megaplant_Library/Tree_Norway_Spruce/Instances/Branch_Norway_Spruce_Hanging_Dead_01.Branch_Norway_Spruce_Hanging_Dead_01,3x5x16
mesh,StaticMesh,/Game/Megaplant_Library/Tree_Norway_Spruce/Instances/Branch_Norway_Spruce_Hanging_Dead_02.Branch_Norway_Spruce_Hanging_Dead_02,6x7x22
mesh,StaticMesh,/Game/Megaplant_Library/Tree_Norway_Spruce/Instances/Branch_Norway_Spruce_Top_01.Branch_Norway_Spruce_Top_01,109x96x129
mesh,StaticMesh,/Game/Megaplant_Library/Tree_Norway_Spruce/Instances/Branch_Norway_Spruce_Top_02.Branch_Norway_Spruce_Top_02,128x131x144
mesh,StaticMesh,/Game/Megaplant_Library/Tree_Norway_Spruce/Instances/Decoration_Norway_Spruce_01.Decoration_Norway_Spruce_01,7x20x43
mesh,StaticMesh,/Game/Megaplant_Library/Tree_Norway_Spruce/Instances/Decoration_Norway_Spruce_02.Decoration_Norway_Spruce_02,14x29x94
mesh,StaticMesh,/Game/Megaplant_Library/Tree_Norway_Spruce/Instances/Decoration_Norway_Spruce_03.Decoration_Norway_Spruce_03,9x22x65
mesh,StaticMesh,/Game/Megaplant_Library/Tree_Norway_Spruce/Instances/Decoration_Norway_Spruce_04.Decoration_Norway_Spruce_04,15x31x102
mesh,StaticMesh,/Game/Megaplant_Library/Tree_Norway_Spruce/Instances/Decoration_Norway_Spruce_05.Decoration_Norway_Spruce_05,7x26x61
mesh,StaticMesh,/Game/Megaplant_Library/Tree_Norway_Spruce/Instances/Decoration_Norway_Spruce_06.Decoration_Norway_Spruce_06,7x21x30
mesh,StaticMesh,/Game/Megaplant_Library/Tree_Norway_Spruce/Instances/Decoration_Norway_Spruce_07.Decoration_Norway_Spruce_07,8x14x12
mesh,StaticMesh,/Game/Megaplant_Library/Tree_Norway_Spruce/Instances/Decoration_Norway_Spruce_08.Decoration_Norway_Spruce_08,6x11x17
mesh,StaticMesh,/Game/Megaplant_Library/Tree_Norway_Spruce/Instances/Decoration_Norway_Spruce_09.Decoration_Norway_Spruce_09,6x8x11
mesh,StaticMesh,/Game/Megaplant_Library/Tree_Norway_Spruce/Instances/Decoration_Norway_Spruce_10.Decoration_Norway_Spruce_10,4x5x6
mesh,StaticMesh,/Game/Megaplant_Library/Tree_Norway_Spruce/Instances/Twig_Norway_Spruce_01.Twig_Norway_Spruce_01,24x19x34
mesh,StaticMesh,/Game/Megaplant_Library/Tree_Norway_Spruce/Instances/Twig_Norway_Spruce_02.Twig_Norway_Spruce_02,8x8x21
mesh,StaticMesh,/Game/Megaplant_Library/Tree_Norway_Spruce/Instances/Twig_Norway_Spruce_03.Twig_Norway_Spruce_03,30x20x41
mesh,StaticMesh,/Game/Megaplant_Library/Tree_Norway_Spruce/Instances/Twig_Norway_Spruce_04.Twig_Norway_Spruce_04,15x10x18
mesh,StaticMesh,/Game/Megaplant_Library/Tree_Norway_Spruce/Instances/Twig_Norway_Spruce_05.Twig_Norway_Spruce_05,28x20x29
mesh,StaticMesh,/Game/Megaplant_Library/Tree_Norway_Spruce/Instances/Twig_Norway_Spruce_06.Twig_Norway_Spruce_06,7x8x21
mesh,StaticMesh,/Game/Megaplant_Library/Tree_Norway_Spruce/Instances/Twig_Norway_Spruce_07.Twig_Norway_Spruce_07,27x19x29
mesh,StaticMesh,/Game/Megaplant_Library/Tree_Norway_Spruce/Instances/Twig_Norway_Spruce_Dead_01.Twig_Norway_Spruce_Dead_01,1x2x11
mesh,StaticMesh,/Game/Megaplant_Library/Tree_Norway_Spruce/Instances/Twig_Norway_Spruce_Dead_02.Twig_Norway_Spruce_Dead_02,1x1x5
mesh,StaticMesh,/Game/Megaplant_Library/Tree_Norway_Spruce/Instances/Twig_Norway_Spruce_Dead_03.Twig_Norway_Spruce_Dead_03,1x0x3
mesh,StaticMesh,/Game/NY_Subway/Meshes/SM_RSG_Subway_Charging_01.SM_RSG_Subway_Charging_01,90x31x290
mesh,StaticMesh,/Game/NY_Subway/Meshes/SM_RSG_Subway_Help_Point_01.SM_RSG_Subway_Help_Point_01,20x26x155
mesh,StaticMesh,/Game/NY_Subway/Meshes/SM_RSG_Subway_Information_Stand_01.SM_RSG_Subway_Information_Stand_01,227x54x244
mesh,StaticMesh,/Game/NY_Subway/Meshes/SM_RSG_Subway_Lightbox_01.SM_RSG_Subway_Lightbox_01,96x16x176
mesh,StaticMesh,/Game/NY_Subway/Meshes/SM_RSG_Subway_Ticket_Vending_01.SM_RSG_Subway_Ticket_Vending_01,112x65x200
mesh,StaticMesh,/Game/NY_Subway/Meshes/SM_RSG_Subway_Turnstile_01.SM_RSG_Subway_Turnstile_01,232x183x255
mesh,StaticMesh,/Game/NY_Subway/Meshes/SM_RSG_Subway_Turnstile_02.SM_RSG_Subway_Turnstile_02,232x183x255
mesh,StaticMesh,/Game/NY_Subway/Meshes/SM_RSG_Subway_Turnstile_Base_02.SM_RSG_Subway_Turnstile_Base_02,98x183x185
mesh,StaticMesh,/Game/NY_Subway/Meshes/SM_RSG_Subway_Turnstile_Full_01.SM_RSG_Subway_Turnstile_Full_01,551x184x255
mesh,StaticMesh,/Game/NY_Subway/Meshes/SM_RSG_Subway_Turnstile_Separate_rsg_subway_Turnstile_Base_03.SM_RSG_Subway_Turnstile_Separate_rsg_subway_Turnstile_Base_03,38x183x185
mesh,StaticMesh,/Game/NY_Subway/Meshes/SM_RSG_Subway_Turnstile_Separate_rsg_subway_Turnstile_Door.SM_RSG_Subway_Turnstile_Separate_rsg_subway_Turnstile_Door,88x5x92
mesh,StaticMesh,/Game/NY_Subway/Meshes/SM_RSG_Subway_Turnstile_Separate_rsg_subway_Turnstile_Rails.SM_RSG_Subway_Turnstile_Separate_rsg_subway_Turnstile_Rails,125x19x70
mesh,StaticMesh,/Game/NY_Subway/Meshes/SM_RSG_Subway_Vending_Machine_Snacks.SM_RSG_Subway_Vending_Machine_Snacks,121x88x194
mesh,StaticMesh,/Game/NY_Subway/Meshes/SM_RSG_Subway_Vending_Machine_Water.SM_RSG_Subway_Vending_Machine_Water,124x98x236
mesh,StaticMesh,/Game/Rock_Collection_04/Meshes/Rock_01/StaticMeshes/SM_Rock_01.SM_Rock_01,412x291x169
mesh,StaticMesh,/Game/Rock_Collection_04/Meshes/Rock_02/StaticMeshes/SM_Rock_02.SM_Rock_02,292x375x201
mesh,StaticMesh,/Game/Rock_Collection_04/Meshes/Rock_03/StaticMeshes/SM_Rock_03.SM_Rock_03,209x232x239
mesh,StaticMesh,/Game/Rock_Collection_04/Meshes/Rock_04/StaticMeshes/SM_Rock_04.SM_Rock_04,333x247x178
mesh,StaticMesh,/Game/Rock_Collection_04/Meshes/Rock_05/StaticMeshes/SM_Rock_05.SM_Rock_05,368x316x190
mesh,StaticMesh,/Game/Rock_Collection_04/Meshes/Rock_06/StaticMeshes/SM_Rock_06.SM_Rock_06,342x255x214
mesh,StaticMesh,/Game/Rock_Collection_04/Meshes/Rock_07/StaticMeshes/SM_Rock_07.SM_Rock_07,336x243x231
mesh,StaticMesh,/Game/SD_Art/Industrial_Infrastructure/Assets/Beams/SM_Beam_40x20_2M.SM_Beam_40x20_2M,20x200x40
mesh,StaticMesh,/Game/SD_Art/Industrial_Infrastructure/Assets/Beams/SM_Beam_40x20_3M.SM_Beam_40x20_3M,20x300x40
mesh,StaticMesh,/Game/SD_Art/Industrial_Infrastructure/Assets/Beams/SM_Beam_40x20_4M.SM_Beam_40x20_4M,20x401x40
mesh,StaticMesh,/Game/SD_Art/Industrial_Infrastructure/Assets/Beams/SM_Beam_40x20_6M.SM_Beam_40x20_6M,20x600x40
mesh,StaticMesh,/Game/SD_Art/Industrial_Infrastructure/Assets/Beams/SM_Beam_40x20_Connection.SM_Beam_40x20_Connection,11x80x36
mesh,StaticMesh,/Game/SD_Art/Industrial_Infrastructure/Assets/Beams/SM_Beam_40x20_Connection_CornerLeft.SM_Beam_40x20_Connection_CornerLeft,33x38x35
mesh,StaticMesh,/Game/SD_Art/Industrial_Infrastructure/Assets/Beams/SM_Beam_40x20_Connection_CornerRight.SM_Beam_40x20_Connection_CornerRight,32x38x35
mesh,StaticMesh,/Game/SD_Art/Industrial_Infrastructure/Assets/Beams/SM_Beam_40x20_Connection_T.SM_Beam_40x20_Connection_T,38x56x46
mesh,StaticMesh,/Game/SD_Art/Industrial_Infrastructure/Assets/Beams/SM_Beam_40x20_Connection_Vertical.SM_Beam_40x20_Connection_Vertical,20x80x32
mesh,StaticMesh,/Game/SD_Art/Industrial_Infrastructure/Assets/Beams/SM_Beam_40x20_Connection_Vertical_Corner_A.SM_Beam_40x20_Connection_Vertical_Corner_A,9x35x32
mesh,StaticMesh,/Game/SD_Art/Industrial_Infrastructure/Assets/Beams/SM_Beam_40x20_Connection_Vertical_Corner_B.SM_Beam_40x20_Connection_Vertical_Corner_B,29x17x31
mesh,StaticMesh,/Game/SD_Art/Industrial_Infrastructure/Assets/Beams/SM_Beam_40x20_Connection_X.SM_Beam_40x20_Connection_X,56x56x46
mesh,StaticMesh,/Game/SD_Art/Industrial_Infrastructure/Assets/Beams/SM_Beam_80x40_12M.SM_Beam_80x40_12M,41x1201x80
mesh,StaticMesh,/Game/SD_Art/Industrial_Infrastructure/Assets/Beams/SM_Beam_80x40_2M.SM_Beam_80x40_2M,40x200x80
mesh,StaticMesh,/Game/SD_Art/Industrial_Infrastructure/Assets/Beams/SM_Beam_80x40_3M.SM_Beam_80x40_3M,40x301x80
mesh,StaticMesh,/Game/SD_Art/Industrial_Infrastructure/Assets/Beams/SM_Beam_80x40_4M.SM_Beam_80x40_4M,40x401x80
mesh,StaticMesh,/Game/SD_Art/Industrial_Infrastructure/Assets/Beams/SM_Beam_80x40_6M.SM_Beam_80x40_6M,40x601x80
mesh,StaticMesh,/Game/SD_Art/Industrial_Infrastructure/Assets/Beams/SM_Beam_80x40_Connection.SM_Beam_80x40_Connection,11x80x73
mesh,StaticMesh,/Game/SD_Art/Industrial_Infrastructure/Assets/Beams/SM_Beam_80x40_Connection_CornerLeft.SM_Beam_80x40_Connection_CornerLeft,44x60x73
mesh,StaticMesh,/Game/SD_Art/Industrial_Infrastructure/Assets/Beams/SM_Beam_80x40_Connection_CornerRight.SM_Beam_80x40_Connection_CornerRight,44x60x73
mesh,StaticMesh,/Game/SD_Art/Industrial_Infrastructure/Assets/Beams/SM_Beam_80x40_Connection_T.SM_Beam_80x40_Connection_T,60x80x87
mesh,StaticMesh,/Game/SD_Art/Industrial_Infrastructure/Assets/Beams/SM_Beam_80x40_Connection_X.SM_Beam_80x40_Connection_X,80x80x87
mesh,StaticMesh,/Game/SD_Art/Industrial_Infrastructure/Assets/Beams/SM_Beam_80x40_Diagonal_Connector.SM_Beam_80x40_Diagonal_Connector,20x79x79
mesh,StaticMesh,/Game/SD_Art/Industrial_Infrastructure/Assets/Beams/SM_Beam_80x40_Small_Support.SM_Beam_80x40_Small_Support,82x20x46
mesh,StaticMesh,/Game/SD_Art/Industrial_Infrastructure/Assets/Catwalks/SM_Catwalk_0_5M.SM_Catwalk_0_5M,50x150x120
mesh,StaticMesh,/Game/SD_Art/Industrial_Infrastructure/Assets/Catwalks/SM_Catwalk_1M.SM_Catwalk_1M,100x151x120
mesh,StaticMesh,/Game/SD_Art/Industrial_Infrastructure/Assets/Catwalks/SM_Catwalk_1_5M.SM_Catwalk_1_5M,150x155x120
mesh,StaticMesh,/Game/SD_Art/Industrial_Infrastructure/Assets/Catwalks/SM_Catwalk_2M.SM_Catwalk_2M,201x151x120
mesh,StaticMesh,/Game/SD_Art/Industrial_Infrastructure/Assets/Catwalks/SM_Catwalk_2x2M_45_Corner.SM_Catwalk_2x2M_45_Corner,200x200x121
mesh,StaticMesh,/Game/SD_Art/Industrial_Infrastructure/Assets/Catwalks/SM_Catwalk_3M.SM_Catwalk_3M,301x151x121
mesh,StaticMesh,/Game/SD_Art/Industrial_Infrastructure/Assets/Catwalks/SM_Catwalk_3x3M_45_Corner.SM_Catwalk_3x3M_45_Corner,300x300x120
mesh,StaticMesh,/Game/SD_Art/Industrial_Infrastructure/Assets/Catwalks/SM_Catwalk_Connector.SM_Catwalk_Connector,20x5x27
mesh,StaticMesh,/Game/SD_Art/Industrial_Infrastructure/Assets/Catwalks/SM_Catwalk_Connector_Long.SM_Catwalk_Connector_Long,20x17x27
mesh,StaticMesh,/Game/SD_Art/Industrial_Infrastructure/Assets/Catwalks/SM_Catwalk_Corner.SM_Catwalk_Corner,151x151x120
mesh,StaticMesh,/Game/SD_Art/Industrial_Infrastructure/Assets/Catwalks/SM_Catwalk_Floor_0_5M.SM_Catwalk_Floor_0_5M,50x150x23
mesh,StaticMesh,/Game/SD_Art/Industrial_Infrastructure/Assets/Catwalks/SM_Catwalk_Floor_1M.SM_Catwalk_Floor_1M,100x151x24
mesh,StaticMesh,/Game/SD_Art/Industrial_Infrastructure/Assets/Catwalks/SM_Catwalk_Floor_1_5M.SM_Catwalk_Floor_1_5M,150x151x23
mesh,StaticMesh,/Game/SD_Art/Industrial_Infrastructure/Assets/Catwalks/SM_Catwalk_Floor_1x1M_Beams.SM_Catwalk_Floor_1x1M_Beams,100x100x20
mesh,StaticMesh,/Game/SD_Art/Industrial_Infrastructure/Assets/Catwalks/SM_Catwalk_Floor_1x1M_Metal_Grid_Bent_01.SM_Catwalk_Floor_1x1M_Metal_Grid_Bent_01,100x100x4
mesh,StaticMesh,/Game/SD_Art/Industrial_Infrastructure/Assets/Catwalks/SM_Catwalk_Floor_1x1M_Metal_Grid_Bent_02.SM_Catwalk_Floor_1x1M_Metal_Grid_Bent_02,100x100x7
mesh,StaticMesh,/Game/SD_Art/Industrial_Infrastructure/Assets/Catwalks/SM_Catwalk_Floor_1x1M_Metal_Grid_Perfect.SM_Catwalk_Floor_1x1M_Metal_Grid_Perfect,99x100x2
mesh,StaticMesh,/Game/SD_Art/Industrial_Infrastructure/Assets/Catwalks/SM_Catwalk_Floor_2M.SM_Catwalk_Floor_2M,201x151x24
mesh,StaticMesh,/Game/SD_Art/Industrial_Infrastructure/Assets/Catwalks/SM_Catwalk_Floor_2X2M_Metal_Grid_Bent_01.SM_Catwalk_Floor_2X2M_Metal_Grid_Bent_01,200x201x4
mesh,StaticMesh,/Game/SD_Art/Industrial_Infrastructure/Assets/Catwalks/SM_Catwalk_Floor_2x2M.SM_Catwalk_Floor_2x2M,200x201x24
mesh,StaticMesh,/Game/SD_Art/Industrial_Infrastructure/Assets/Catwalks/SM_Catwalk_Floor_2x2M_Beams.SM_Catwalk_Floor_2x2M_Beams,200x200x20
mesh,StaticMesh,/Game/SD_Art/Industrial_Infrastructure/Assets/Catwalks/SM_Catwalk_Floor_2x2M_Metal_Grid_Bent_02.SM_Catwalk_Floor_2x2M_Metal_Grid_Bent_02,200x201x7
mesh,StaticMesh,/Game/SD_Art/Industrial_Infrastructure/Assets/Catwalks/SM_Catwalk_Floor_2x2M_Metal_Grid_Perfect.SM_Catwalk_Floor_2x2M_Metal_Grid_Perfect,200x199x2
mesh,StaticMesh,/Game/SD_Art/Industrial_Infrastructure/Assets/Catwalks/SM_Catwalk_Floor_3M.SM_Catwalk_Floor_3M,300x152x25
mesh,StaticMesh,/Game/SD_Art/Industrial_Infrastructure/Assets/Catwalks/SM_Catwalk_Floor_4x2M.SM_Catwalk_Floor_4x2M,400x201x25
mesh,StaticMesh,/Game/SD_Art/Industrial_Infrastructure/Assets/Catwalks/SM_Catwalk_Floor_4x4M_01_.SM_Catwalk_Floor_4x4M_01_,404x405x23
mesh,StaticMesh,/Game/SD_Art/Industrial_Infrastructure/Assets/Catwalks/SM_Catwalk_Floor_4x4M_02_.SM_Catwalk_Floor_4x4M_02_,400x401x25
mesh,StaticMesh,/Game/SD_Art/Industrial_Infrastructure/Assets/Catwalks/SM_Catwalk_Floor_Railing_0_25M.SM_Catwalk_Floor_Railing_0_25M,19x9x115
mesh,StaticMesh,/Game/SD_Art/Industrial_Infrastructure/Assets/Catwalks/SM_Catwalk_Floor_Railing_0_5M.SM_Catwalk_Floor_Railing_0_5M,44x10x115
mesh,StaticMesh,/Game/SD_Art/Industrial_Infrastructure/Assets/Catwalks/SM_Catwalk_Floor_Railing_1M.SM_Catwalk_Floor_Railing_1M,94x10x116
mesh,StaticMesh,/Game/SD_Art/Industrial_Infrastructure/Assets/Catwalks/SM_Catwalk_Floor_Railing_1_5M.SM_Catwalk_Floor_Railing_1_5M,144x10x116
mesh,StaticMesh,/Game/SD_Art/Industrial_Infrastructure/Assets/Catwalks/SM_Catwalk_Floor_Railing_2M.SM_Catwalk_Floor_Railing_2M,194x10x116
mesh,StaticMesh,/Game/SD_Art/Industrial_Infrastructure/Assets/Catwalks/SM_Catwalk_Stairs_0_4M_NoRailing.SM_Catwalk_Stairs_0_4M_NoRailing,141x40x60
mesh,StaticMesh,/Game/SD_Art/Industrial_Infrastructure/Assets/Catwalks/SM_Catwalk_Stairs_1M.SM_Catwalk_Stairs_1M,150x100x211
mesh,StaticMesh,/Game/SD_Art/Industrial_Infrastructure/Assets/Catwalks/SM_Catwalk_Stairs_1M_NoRailing.SM_Catwalk_Stairs_1M_NoRailing,142x100x120
mesh,StaticMesh,/Game/SD_Art/Industrial_Infrastructure/Assets/Catwalks/SM_Catwalk_Stairs_2M.SM_Catwalk_Stairs_2M,150x200x311
mesh,StaticMesh,/Game/SD_Art/Industrial_Infrastructure/Assets/Catwalks/SM_Catwalk_Stairs_Support_1_5M.SM_Catwalk_Stairs_Support_1_5M,193x172x443
mesh,StaticMesh,/Game/SD_Art/Industrial_Infrastructure/Assets/Floor/SM_Floor_1_5x0_5M.SM_Floor_1_5x0_5M,50x150x32
mesh,StaticMesh,/Game/SD_Art/Industrial_Infrastructure/Assets/Floor/SM_Floor_1_5x1M.SM_Floor_1_5x1M,100x150x32
mesh,StaticMesh,/Game/SD_Art/Industrial_Infrastructure/Assets/Floor/SM_Floor_1_5x2M.SM_Floor_1_5x2M,200x150x32
mesh,StaticMesh,/Game/SD_Art/Industrial_Infrastructure/Assets/Floor/SM_Floor_1x1M.SM_Floor_1x1M,100x100x32
mesh,StaticMesh,/Game/SD_Art/Industrial_Infrastructure/Assets/Floor/SM_Floor_1x1M_Beams.SM_Floor_1x1M_Beams,100x100x30
mesh,StaticMesh,/Game/SD_Art/Industrial_Infrastructure/Assets/Floor/SM_Floor_1x1M_Beams_Corrugated_Sheet.SM_Floor_1x1M_Beams_Corrugated_Sheet,100x100x30
mesh,StaticMesh,/Game/SD_Art/Industrial_Infrastructure/Assets/Floor/SM_Floor_1x1M_Corner_Left.SM_Floor_1x1M_Corner_Left,100x100x32
mesh,StaticMesh,/Game/SD_Art/Industrial_Infrastructure/Assets/Floor/SM_Floor_1x1M_Corner_Right.SM_Floor_1x1M_Corner_Right,100x100x32
mesh,StaticMesh,/Game/SD_Art/Industrial_Infrastructure/Assets/Floor/SM_Floor_1x1M_Metal_Sheet_Bent_01_.SM_Floor_1x1M_Metal_Sheet_Bent_01_,100x100x3
mesh,StaticMesh,/Game/SD_Art/Industrial_Infrastructure/Assets/Floor/SM_Floor_1x1M_Metal_Sheet_Bent_02_.SM_Floor_1x1M_Metal_Sheet_Bent_02_,100x100x4
mesh,StaticMesh,/Game/SD_Art/Industrial_Infrastructure/Assets/Floor/SM_Floor_1x1M_Metal_Sheet_Perfect.SM_Floor_1x1M_Metal_Sheet_Perfect,100x100x2
mesh,StaticMesh,/Game/SD_Art/Industrial_Infrastructure/Assets/Floor/SM_Floor_2x1M.SM_Floor_2x1M,101x200x32
mesh,StaticMesh,/Game/SD_Art/Industrial_Infrastructure/Assets/Floor/SM_Floor_2x2M.SM_Floor_2x2M,200x201x32
mesh,StaticMesh,/Game/SD_Art/Industrial_Infrastructure/Assets/Floor/SM_Floor_2x2M_Beams.SM_Floor_2x2M_Beams,200x200x30
mesh,StaticMesh,/Game/SD_Art/Industrial_Infrastructure/Assets/Floor/SM_Floor_2x2M_Beams_Corrugated_Sheet.SM_Floor_2x2M_Beams_Corrugated_Sheet,200x201x30
mesh,StaticMesh,/Game/SD_Art/Industrial_Infrastructure/Assets/Floor/SM_Floor_2x2M_Corner_Left.SM_Floor_2x2M_Corner_Left,200x200x32
mesh,StaticMesh,/Game/SD_Art/Industrial_Infrastructure/Assets/Floor/SM_Floor_2x2M_Corner_Right.SM_Floor_2x2M_Corner_Right,200x201x33
mesh,StaticMesh,/Game/SD_Art/Industrial_Infrastructure/Assets/Floor/SM_Floor_2x2M_Metal_Sheet_Bent_01_.SM_Floor_2x2M_Metal_Sheet_Bent_01_,200x200x3
mesh,StaticMesh,/Game/SD_Art/Industrial_Infrastructure/Assets/Floor/SM_Floor_2x2M_Metal_Sheet_Bent_02_.SM_Floor_2x2M_Metal_Sheet_Bent_02_,200x200x5
mesh,StaticMesh,/Game/SD_Art/Industrial_Infrastructure/Assets/Floor/SM_Floor_2x2M_Metal_Sheet_Perfect.SM_Floor_2x2M_Metal_Sheet_Perfect,200x200x2
mesh,StaticMesh,/Game/SD_Art/Industrial_Infrastructure/Assets/Floor/SM_Floor_4x2M.SM_Floor_4x2M,400x200x33
mesh,StaticMesh,/Game/SD_Art/Industrial_Infrastructure/Assets/Floor/SM_Floor_4x4M.SM_Floor_4x4M,400x401x33
mesh,StaticMesh,/Game/SD_Art/Industrial_Infrastructure/Assets/Ladders/SM_Ladder_Cage_Module_1.SM_Ladder_Cage_Module_1,109x87x179
mesh,StaticMesh,/Game/SD_Art/Industrial_Infrastructure/Assets/Ladders/SM_Ladder_Cage_Module_2.SM_Ladder_Cage_Module_2,91x82x207
mesh,StaticMesh,/Game/SD_Art/Industrial_Infrastructure/Assets/Ladders/SM_Ladder_Cage_Module_3.SM_Ladder_Cage_Module_3,134x94x320
mesh,StaticMesh,/Game/SD_Art/Industrial_Infrastructure/Assets/Ladders/SM_Ladder_Cage_Module_3_End.SM_Ladder_Cage_Module_3_End,89x81x7
mesh,StaticMesh,/Game/SD_Art/Industrial_Infrastructure/Assets/Ladders/SM_Ladder_Module_1.SM_Ladder_Module_1,27x64x210
mesh,StaticMesh,/Game/SD_Art/Industrial_Infrastructure/Assets/Ladders/SM_Ladder_Module_2.SM_Ladder_Module_2,27x64x210
mesh,StaticMesh,/Game/SD_Art/Industrial_Infrastructure/Assets/Ladders/SM_Ladder_Module_3.SM_Ladder_Module_3,27x64x200
mesh,StaticMesh,/Game/SD_Art/Industrial_Infrastructure/Assets/SkySphere/SM_Skysphere.SM_Skysphere,4000000x4000000x4000000
mesh,StaticMesh,/Game/SD_Art/Industrial_Infrastructure/Assets/Support_Columns/SM_Column_Large_10M.SM_Column_Large_10M,1010x161x161
mesh,StaticMesh,/Game/SD_Art/Industrial_Infrastructure/Assets/Support_Columns/SM_Column_Large_5M.SM_Column_Large_5M,510x161x160
mesh,StaticMesh,/Game/SD_Art/Industrial_Infrastructure/Assets/Support_Columns/SM_Column_Large_Ceiling_Connector.SM_Column_Large_Ceiling_Connector,152x37x151
mesh,StaticMesh,/Game/SD_Art/Industrial_Infrastructure/Assets/Support_Columns/SM_Column_Large_Corner.SM_Column_Large_Corner,100x162x167
mesh,StaticMesh,/Game/SD_Art/Industrial_Infrastructure/Assets/Support_Columns/SM_Column_Large_Merged_01_.SM_Column_Large_Merged_01_,1191x162x3868
mesh,StaticMesh,/Game/SD_Art/Industrial_Infrastructure/Assets/Support_Columns/SM_Column_Large_Merged_02_.SM_Column_Large_Merged_02_,1191x162x3868
mesh,StaticMesh,/Game/SD_Art/Industrial_Infrastructure/Assets/Support_Columns/SM_Column_Large_Merged_03_.SM_Column_Large_Merged_03_,1191x162x3868
mesh,StaticMesh,/Game/SD_Art/Industrial_Infrastructure/Assets/Support_Columns/SM_Column_Large_Merged_04_.SM_Column_Large_Merged_04_,1191x162x3868
mesh,StaticMesh,/Game/SD_Art/Industrial_Infrastructure/Assets/Support_Columns/SM_Column_Large_Merged_Straight_01_.SM_Column_Large_Merged_Straight_01_,162x162x4028
mesh,StaticMesh,/Game/SD_Art/Industrial_Infrastructure/Assets/Support_Columns/SM_Column_Large_Weld_Connector.SM_Column_Large_Weld_Connector,34x85x87
mesh,StaticMesh,/Game/SD_Art/Industrial_Infrastructure/Assets/Support_Columns/SM_Column_Large_Weld_Ring.SM_Column_Large_Weld_Ring,7x162x162
mesh,StaticMesh,/Game/SD_Art/Industrial_Infrastructure/Assets/Support_Columns/SM_Column_Medium_10M.SM_Column_Medium_10M,1006x80x81
mesh,StaticMesh,/Game/SD_Art/Industrial_Infrastructure/Assets/Support_Columns/SM_Column_Medium_5M.SM_Column_Medium_5M,506x80x81
mesh,StaticMesh,/Game/SD_Art/Industrial_Infrastructure/Assets/Support_Columns/SM_Column_Medium_Weld_Connector.SM_Column_Medium_Weld_Connector,13x33x32
mesh,StaticMesh,/Game/SD_Art/Industrial_Infrastructure/Assets/Support_Columns/SM_Column_Medium_Weld_Ring.SM_Column_Medium_Weld_Ring,4x81x81
mesh,StaticMesh,/Game/SD_Art/Industrial_Infrastructure/Assets/Support_Columns/SM_Column_Small_10M.SM_Column_Small_10M,1004x30x30
mesh,StaticMesh,/Game/SD_Art/Industrial_Infrastructure/Assets/Support_Columns/SM_Column_Small_5M.SM_Column_Small_5M,504x30x30
mesh,StaticMesh,/Game/SD_Art/Industrial_Infrastructure/Assets/Support_Columns/SM_Column_Underwater_Merged_01_.SM_Column_Underwater_Merged_01_,191x191x4043
mesh,StaticMesh,/Game/SD_Art/Industrial_Infrastructure/Assets/Support_Columns/SM_Column_Underwater_Merged_02_.SM_Column_Underwater_Merged_02_,1006x94x92
mesh,StaticMesh,/Game/SD_Art/Industrial_Infrastructure/Assets/Support_Columns/SM_Columns_Small_Merged_01_.SM_Columns_Small_Merged_01_,42x1060x430
mesh,StaticMesh,/Game/SD_Art/Industrial_Infrastructure/Assets/Support_Columns/SM_Columns_Small_Merged_02_.SM_Columns_Small_Merged_02_,42x1059x429
mesh,StaticMesh,/Game/SD_Art/Industrial_Infrastructure/Assets/Support_Columns/SM_Columns_Small_Merged_03_.SM_Columns_Small_Merged_03_,193x159x422
mesh,StaticMesh,/Game/SD_Art/Industrial_Infrastructure/Assets/Support_Columns/SM_Columns_Small_Merged_04_.SM_Columns_Small_Merged_04_,31x1056x210
mesh,StaticMesh,/Game/SD_Art/Industrial_Infrastructure/Assets/Support_Columns/SM_Weld_Strip.SM_Weld_Strip,142x2x1
mesh,StaticMesh,/Game/SD_Art/Industrial_Infrastructure/Assets/Wall_Panels/SM_Beam_2M.SM_Beam_2M,20x200x30
mesh,StaticMesh,/Game/SD_Art/Industrial_Infrastructure/Assets/Wall_Panels/SM_Beam_4M.SM_Beam_4M,20x400x30
mesh,StaticMesh,/Game/SD_Art/Industrial_Infrastructure/Assets/Wall_Panels/SM_Beam_8M.SM_Beam_8M,20x800x30
mesh,StaticMesh,/Game/SD_Art/Industrial_Infrastructure/Assets/Wall_Panels/SM_Beam_Corner_Left_4M.SM_Beam_Corner_Left_4M,18x18x400
mesh,StaticMesh,/Game/SD_Art/Industrial_Infrastructure/Assets/Wall_Panels/SM_Beam_Corner_Right_4M.SM_Beam_Corner_Right_4M,18x18x400
mesh,StaticMesh,/Game/SD_Art/Industrial_Infrastructure/Assets/Wall_Panels/SM_Beam_Left_2M.SM_Beam_Left_2M,20x200x30
mesh,StaticMesh,/Game/SD_Art/Industrial_Infrastructure/Assets/Wall_Panels/SM_Beam_Right_2M.SM_Beam_Right_2M,20x200x30
mesh,StaticMesh,/Game/SD_Art/Industrial_Infrastructure/Assets/Wall_Panels/SM_Door.SM_Door,15x79x201
mesh,StaticMesh,/Game/SD_Art/Industrial_Infrastructure/Assets/Wall_Panels/SM_Door_Fake.SM_Door_Fake,28x96x212
mesh,StaticMesh,/Game/SD_Art/Industrial_Infrastructure/Assets/Wall_Panels/SM_Door_Windowed.SM_Door_Windowed,15x79x201
mesh,StaticMesh,/Game/SD_Art/Industrial_Infrastructure/Assets/Wall_Panels/SM_Door_Windowed_Fake.SM_Door_Windowed_Fake,29x96x212
mesh,StaticMesh,/Game/SD_Art/Industrial_Infrastructure/Assets/Wall_Panels/SM_Wall_Building_Merged_01_.SM_Wall_Building_Merged_01_,637x1283x522
mesh,StaticMesh,/Game/SD_Art/Industrial_Infrastructure/Assets/Wall_Panels/SM_Wall_Building_Merged_02_.SM_Wall_Building_Merged_02_,334x616x354
mesh,StaticMesh,/Game/SD_Art/Industrial_Infrastructure/Assets/Wall_Panels/SM_Wall_Panel_4x2M.SM_Wall_Panel_4x2M,12x200x400
mesh,StaticMesh,/Game/SD_Art/Industrial_Infrastructure/Assets/Wall_Panels/SM_Wall_Panel_4x2M_Left.SM_Wall_Panel_4x2M_Left,18x198x400
mesh,StaticMesh,/Game/SD_Art/Industrial_Infrastructure/Assets/Wall_Panels/SM_Wall_Panel_4x2M_Right.SM_Wall_Panel_4x2M_Right,18x198x400
mesh,StaticMesh,/Game/SD_Art/Industrial_Infrastructure/Assets/Wall_Panels/SM_Wall_Panel_4x4M.SM_Wall_Panel_4x4M,11x400x400
mesh,StaticMesh,/Game/SD_Art/Industrial_Infrastructure/Assets/Wall_Panels/SM_Wall_Panel_4x8M.SM_Wall_Panel_4x8M,13x800x401
mesh,StaticMesh,/Game/SD_Art/Industrial_Infrastructure/Assets/Wall_Panels/SM_Wall_Panel_Beams_4x2M.SM_Wall_Panel_Beams_4x2M,21x200x400
mesh,StaticMesh,/Game/SD_Art/Industrial_Infrastructure/Assets/Wall_Panels/SM_Wall_Panel_Beams_4x4M.SM_Wall_Panel_Beams_4x4M,21x400x400
mesh,StaticMesh,/Game/SD_Art/Industrial_Infrastructure/Assets/Wall_Panels/SM_Wall_Panel_Beams_4x8M.SM_Wall_Panel_Beams_4x8M,23x800x400
mesh,StaticMesh,/Game/SD_Art/Industrial_Infrastructure/Assets/Wall_Panels/SM_Wall_Panel_Beams_Connector.SM_Wall_Panel_Beams_Connector,19x60x396
mesh,StaticMesh,/Game/SD_Art/Industrial_Infrastructure/Assets/Wall_Panels/SM_Wall_Panel_Beams_Door_Center_4x4M.SM_Wall_Panel_Beams_Door_Center_4x4M,29x400x400
mesh,StaticMesh,/Game/SD_Art/Industrial_Infrastructure/Assets/Wall_Panels/SM_Wall_Panel_Beams_Door_Left_4x4M.SM_Wall_Panel_Beams_Door_Left_4x4M,29x400x400
mesh,StaticMesh,/Game/SD_Art/Industrial_Infrastructure/Assets/Wall_Panels/SM_Wall_Panel_Beams_Door_Right_4x4M.SM_Wall_Panel_Beams_Door_Right_4x4M,29x400x400
mesh,StaticMesh,/Game/SD_Art/Industrial_Infrastructure/Assets/Wall_Panels/SM_Wall_Panel_Beams_ElectricalBox_4x2M.SM_Wall_Panel_Beams_ElectricalBox_4x2M,66x200x400
mesh,StaticMesh,/Game/SD_Art/Industrial_Infrastructure/Assets/Wall_Panels/SM_Wall_Panel_Beams_Left_4x2M.SM_Wall_Panel_Beams_Left_4x2M,20x200x400
mesh,StaticMesh,/Game/SD_Art/Industrial_Infrastructure/Assets/Wall_Panels/SM_Wall_Panel_Beams_Right_4x2M.SM_Wall_Panel_Beams_Right_4x2M,20x200x400
mesh,StaticMesh,/Game/SD_Art/Industrial_Infrastructure/Assets/Wall_Panels/SM_Wall_Panel_Beams_Vent_4x2M.SM_Wall_Panel_Beams_Vent_4x2M,20x200x400
mesh,StaticMesh,/Game/SD_Art/Industrial_Infrastructure/Assets/Wall_Panels/SM_Wall_Panel_Beams_Windows_4x2M.SM_Wall_Panel_Beams_Windows_4x2M,21x200x400
mesh,StaticMesh,/Game/SD_Art/Industrial_Infrastructure/Assets/Wall_Panels/SM_Wall_Panel_Beams_Windows_4x4M.SM_Wall_Panel_Beams_Windows_4x4M,22x400x400
mesh,StaticMesh,/Game/SD_Art/Industrial_Infrastructure/Assets/Wall_Panels/SM_Wall_Panel_Connector.SM_Wall_Panel_Connector,15x60x400
mesh,StaticMesh,/Game/SD_Art/Industrial_Infrastructure/Assets/Wall_Panels/SM_Wall_Vent_Medium.SM_Wall_Vent_Medium,16x60x68
mesh,StaticMesh,/Game/SD_Art/Industrial_Infrastructure/Assets/Wall_Panels/SM_Wall_Vent_Medium_Cover.SM_Wall_Vent_Medium_Cover,82x60x126
mesh,StaticMesh,/Game/SD_Art/Industrial_Infrastructure/Assets/Wall_Panels/SM_Wall_Vent_Small.SM_Wall_Vent_Small,7x12x41
mesh,StaticMesh,/Game/SD_Art/_SD_Models/Scale_Character/SM_Scale_Character.SM_Scale_Character,34x151x192
mesh,StaticMesh,/Game/SD_Art/_SD_Models/Skysphere/SM_Skysphere.SM_Skysphere,4000000x4000000x4000000
mesh,StaticMesh,/Game/SM_Tiles_02/Scene/SM_Display.SM_Display,104x104x104
mesh,StaticMesh,/Game/Scene_Warehouse/Assets/Custom/Ind_War_Beam/Ind_War_L-Shape_Beam.Ind_War_L-Shape_Beam,305x21x21
mesh,StaticMesh,/Game/Scene_Warehouse/Assets/Custom/Ind_War_Bolt/Ind_War_Bolt_Bolt.Ind_War_Bolt_Bolt,6x7x5
mesh,StaticMesh,/Game/Scene_Warehouse/Assets/Custom/Ind_War_Bolt/Ind_War_Bolt_Nut.Ind_War_Bolt_Nut,5x5x5
mesh,StaticMesh,/Game/Scene_Warehouse/Assets/Custom/Ind_War_Cable/SM_Ind_War_Wire.SM_Ind_War_Wire,2x2x60
mesh,StaticMesh,/Game/Scene_Warehouse/Assets/Custom/Ind_War_Wall/Ind_War_Wall_01.Ind_War_Wall_01,700x20x300
mesh,StaticMesh,/Game/Scene_Warehouse/Assets/MS/3D/Ind_Aba_Box_Dusty_Metal_Pristine_01/SM_Ind_Aba_Box_Dusty_Metal_Pristine_01.SM_Ind_Aba_Box_Dusty_Metal_Pristine_01,39x43x26
mesh,StaticMesh,/Game/Scene_Warehouse/Assets/MS/3D/Ind_Aba_Chain_Metal_Hanging_01/SM_Ind_Aba_Chain_Metal_Hanging_01.SM_Ind_Aba_Chain_Metal_Hanging_01,11x8x181
mesh,StaticMesh,/Game/Scene_Warehouse/Assets/MS/3D/Ind_Aba_Storage_Barrel_Metal_Blue_01/SM_Ind_Aba_Storage_Barrel_Metal_Blue_01.SM_Ind_Aba_Storage_Barrel_Metal_Blue_01,58x58x87
mesh,StaticMesh,/Game/Scene_Warehouse/Assets/MS/3D/Ind_Aba_Storage_Barrel_Metal_Buckled_01/SM_Ind_Aba_Storage_Barrel_Metal_Buckled_01.SM_Ind_Aba_Storage_Barrel_Metal_Buckled_01,62x66x87
mesh,StaticMesh,/Game/Scene_Warehouse/Assets/MS/3D/Ind_Aba_Storage_Barrel_Metal_Green_01/SM_Ind_Aba_Storage_Barrel_Metal_Green_01.SM_Ind_Aba_Storage_Barrel_Metal_Green_01,59x59x88
mesh,StaticMesh,/Game/Scene_Warehouse/Assets/MS/3D/Ind_Aba_Storage_Barrel_Metal_Rust_01/SM_Ind_Aba_Storage_Barrel_Metal_Rust_01.SM_Ind_Aba_Storage_Barrel_Metal_Rust_01,58x58x84
mesh,StaticMesh,/Game/Scene_Warehouse/Assets/MS/3D/Ind_Aba_Tank_Gas_Metal_Worn_02/SM_Ind_Aba_Tank_Gas_Metal_Worn_02.SM_Ind_Aba_Tank_Gas_Metal_Worn_02,31x31x45
mesh,StaticMesh,/Game/Scene_Warehouse/Assets/MS/3D/Ind_Aba_Tarp_Wrinkled_01/SM_Ind_Aba_Tarp_Wrinkled_01.SM_Ind_Aba_Tarp_Wrinkled_01,277x151x10
mesh,StaticMesh,/Game/Scene_Warehouse/Assets/MS/3D/Ind_Con_Supplies_Beam_Metal_Rusty_01/SM_Ind_Con_Supplies_Beam_Metal_Rusty_01.SM_Ind_Con_Supplies_Beam_Metal_Rusty_01,362x15x14
mesh,StaticMesh,/Game/Scene_Warehouse/Assets/MS/3D/Ind_Fac_Container_Drum_Metal_Worn_01/SM_Ind_Fac_Container_Drum_Metal_Worn_01.SM_Ind_Fac_Container_Drum_Metal_Worn_01,58x60x88
mesh,StaticMesh,/Game/Scene_Warehouse/Assets/MS/3D/Ind_Fac_Container_Drum_Metal_Worn_02/SM_Ind_Fac_Container_Drum_Metal_Worn_02.SM_Ind_Fac_Container_Drum_Metal_Worn_02,57x61x88
mesh,StaticMesh,/Game/Scene_Warehouse/Assets/MS/3D/Ind_Fac_Panel_ElectricalBox_Metal_Worn_03/SM_Ind_Fac_Panel_ElectricalBox_Metal_Worn_03.SM_Ind_Fac_Panel_ElectricalBox_Metal_Worn_03,64x41x47
mesh,StaticMesh,/Game/Scene_Warehouse/Assets/MS/3D/Ind_Sto_Barrel_Metal_Rust_03/SM_Ind_Sto_Barrel_Metal_Rust_03.SM_Ind_Sto_Barrel_Metal_Rust_03,59x59x85
mesh,StaticMesh,/Game/Scene_Warehouse/Assets/MS/3D/Ind_War_Bulkhead_Metal_Caged_01/SM_Ind_War_Bulkhead_Metal_Caged_01.SM_Ind_War_Bulkhead_Metal_Caged_01,14x13x21
mesh,StaticMesh,/Game/Scene_Warehouse/Assets/MS/3D/Ind_War_Cabinet_Electric_Metal_Dirty_01/SM_Ind_War_Cabinet_Electric_Metal_Dirty_01.SM_Ind_War_Cabinet_Electric_Metal_Dirty_01,129x33x163
mesh,StaticMesh,/Game/Scene_Warehouse/Assets/MS/3D/Ind_War_Cable_Power_Rubber_Weathered_03/SM_Ind_War_Cable_Power_Rubber_Weathered_03.SM_Ind_War_Cable_Power_Rubber_Weathered_03,58x32x9
mesh,StaticMesh,/Game/Scene_Warehouse/Assets/MS/3D/Ind_War_Container_Jerrycan_Metal_Red_03/SM_Ind_War_Container_Jerrycan_Metal_Red_03.SM_Ind_War_Container_Jerrycan_Metal_Red_03,38x26x23
mesh,StaticMesh,/Game/Scene_Warehouse/Assets/MS/3D/Ind_War_Equipment_Handtruck_Metal_Worn_02/SM_Ind_War_Equipment_Handtruck_Metal_Worn_02_A.SM_Ind_War_Equipment_Handtruck_Metal_Worn_02_A,51x63x105
mesh,StaticMesh,/Game/Scene_Warehouse/Assets/MS/3D/Ind_War_Equipment_Handtruck_Metal_Worn_02/SM_Ind_War_Equipment_Handtruck_Metal_Worn_02_B.SM_Ind_War_Equipment_Handtruck_Metal_Worn_02_B,6x16x16
mesh,StaticMesh,/Game/Scene_Warehouse/Assets/MS/3D/Ind_War_Equipment_Handtruck_Metal_Worn_02/SM_Ind_War_Equipment_Handtruck_Metal_Worn_02_C.SM_Ind_War_Equipment_Handtruck_Metal_Worn_02_C,6x16x16
mesh,StaticMesh,/Game/Scene_Warehouse/Assets/MS/3D/Ind_War_Equipment_Ladder_Metal_03/SM_Ind_War_Equipment_Ladder_Metal_03.SM_Ind_War_Equipment_Ladder_Metal_03,49x108x172
mesh,StaticMesh,/Game/Scene_Warehouse/Assets/MS/3D/Ind_War_Equipment_Ladder_Metal_Worn_01/SM_Ind_War_Equipment_Ladder_Metal_Worn_01.SM_Ind_War_Equipment_Ladder_Metal_Worn_01,258x37x12
mesh,StaticMesh,/Game/Scene_Warehouse/Assets/MS/3D/Ind_War_Equipment_RadioCable_01/SM_Ind_War_Equipment_RadioCable_01.SM_Ind_War_Equipment_RadioCable_01,32x29x5
mesh,StaticMesh,/Game/Scene_Warehouse/Assets/MS/3D/Ind_War_Furniture_Table_Wood_Worn_01/SM_Ind_War_Furniture_Table_Wood_Worn_01_A.SM_Ind_War_Furniture_Table_Wood_Worn_01_A,52x82x12
mesh,StaticMesh,/Game/Scene_Warehouse/Assets/MS/3D/Ind_War_Furniture_Table_Wood_Worn_01/SM_Ind_War_Furniture_Table_Wood_Worn_01_B.SM_Ind_War_Furniture_Table_Wood_Worn_01_B,152x86x77
mesh,StaticMesh,/Game/Scene_Warehouse/Assets/MS/3D/Ind_War_Furniture_Table_Wood_Worn_01/SM_Ind_War_Furniture_Table_Wood_Worn_01_C.SM_Ind_War_Furniture_Table_Wood_Worn_01_C,53x65x12
mesh,StaticMesh,/Game/Scene_Warehouse/Assets/MS/3D/Ind_War_Light_Ceiling_Metal_Hanging_01/SM_Ind_War_Light_Ceiling_Metal_Hanging_01.SM_Ind_War_Light_Ceiling_Metal_Hanging_01,13x51x8
mesh,StaticMesh,/Game/Scene_Warehouse/Assets/MS/3D/Ind_War_Light_Ceiling_Metal_Hanging_02/SM_Ind_War_Light_Ceiling_Metal_Hanging_02.SM_Ind_War_Light_Ceiling_Metal_Hanging_02,32x32x28
mesh,StaticMesh,/Game/Scene_Warehouse/Assets/MS/3D/Ind_War_Pallet_Shelf_Metal_Modular_01/SM_Ind_War_Pallet_Shelf_Metal_Modular_01_A.SM_Ind_War_Pallet_Shelf_Metal_Modular_01_A,147x8x26
mesh,StaticMesh,/Game/Scene_Warehouse/Assets/MS/3D/Ind_War_Pallet_Shelf_Metal_Modular_01/SM_Ind_War_Pallet_Shelf_Metal_Modular_01_B.SM_Ind_War_Pallet_Shelf_Metal_Modular_01_B,147x6x25
mesh,StaticMesh,/Game/Scene_Warehouse/Assets/MS/3D/Ind_War_Pallet_Shelf_Metal_Modular_01/SM_Ind_War_Pallet_Shelf_Metal_Modular_01_C.SM_Ind_War_Pallet_Shelf_Metal_Modular_01_C,147x7x25
mesh,StaticMesh,/Game/Scene_Warehouse/Assets/MS/3D/Ind_War_Pallet_Shelf_Metal_Modular_01/SM_Ind_War_Pallet_Shelf_Metal_Modular_01_D.SM_Ind_War_Pallet_Shelf_Metal_Modular_01_D,147x6x25
mesh,StaticMesh,/Game/Scene_Warehouse/Assets/MS/3D/Ind_War_Pallet_Shelf_Metal_Modular_01/SM_Ind_War_Pallet_Shelf_Metal_Modular_01_E.SM_Ind_War_Pallet_Shelf_Metal_Modular_01_E,147x7x25
mesh,StaticMesh,/Game/Scene_Warehouse/Assets/MS/3D/Ind_War_Pallet_Shelf_Metal_Modular_01/SM_Ind_War_Pallet_Shelf_Metal_Modular_01_F.SM_Ind_War_Pallet_Shelf_Metal_Modular_01_F,147x8x25
mesh,StaticMesh,/Game/Scene_Warehouse/Assets/MS/3D/Ind_War_Pallet_Shelf_Metal_Modular_01/SM_Ind_War_Pallet_Shelf_Metal_Modular_01_G.SM_Ind_War_Pallet_Shelf_Metal_Modular_01_G,10x104x259
mesh,StaticMesh,/Game/Scene_Warehouse/Assets/MS/3D/Ind_War_Pallet_Shelf_Metal_Modular_01/SM_Ind_War_Pallet_Shelf_Metal_Modular_01_H.SM_Ind_War_Pallet_Shelf_Metal_Modular_01_H,10x104x259
mesh,StaticMesh,/Game/Scene_Warehouse/Assets/MS/3D/Ind_War_Spool_Rope_S_01/SM_Ind_War_Spool_Rope_S_01.SM_Ind_War_Spool_Rope_S_01,16x16x16
mesh,StaticMesh,/Game/Scene_Warehouse/Assets/MS/3D/Ind_War_Storage_Barrel_Plastic_Blue_01/SM_Ind_War_Storage_Barrel_Plastic_Blue_01.SM_Ind_War_Storage_Barrel_Plastic_Blue_01,48x34x58
mesh,StaticMesh,/Game/Scene_Warehouse/Assets/MS/3D/Ind_War_Storage_Barrel_Plastic_Blue_04/SM_Ind_War_Storage_Barrel_Plastic_Blue_04.SM_Ind_War_Storage_Barrel_Plastic_Blue_04,53x52x70
mesh,StaticMesh,/Game/Scene_Warehouse/Assets/MS/3D/Ind_War_Storage_Barrel_Plastic_Blue_21/SM_Ind_War_Storage_Barrel_Plastic_Blue_21.SM_Ind_War_Storage_Barrel_Plastic_Blue_21,48x48x64
mesh,StaticMesh,/Game/Scene_Warehouse/Assets/MS/3D/Ind_War_Storage_Box_Cardboard_S_01/SM_Ind_War_Storage_Box_Cardboard_S_01.SM_Ind_War_Storage_Box_Cardboard_S_01,46x60x13
mesh,StaticMesh,/Game/Scene_Warehouse/Assets/MS/3D/Ind_War_Storage_Box_Cardboard_S_05/SM_Ind_War_Storage_Box_Cardboard_S_05.SM_Ind_War_Storage_Box_Cardboard_S_05,57x47x14
mesh,StaticMesh,/Game/Scene_Warehouse/Assets/MS/3D/Ind_War_Storage_Box_Cardboard_Set_01/SM_Ind_War_Storage_Box_Cardboard_Set_01_A.SM_Ind_War_Storage_Box_Cardboard_Set_01_A,19x16x15
mesh,StaticMesh,/Game/Scene_Warehouse/Assets/MS/3D/Ind_War_Storage_Box_Cardboard_Set_01/SM_Ind_War_Storage_Box_Cardboard_Set_01_B.SM_Ind_War_Storage_Box_Cardboard_Set_01_B,19x12x3
mesh,StaticMesh,/Game/Scene_Warehouse/Assets/MS/3D/Ind_War_Storage_Box_Cardboard_Set_01/SM_Ind_War_Storage_Box_Cardboard_Set_01_C.SM_Ind_War_Storage_Box_Cardboard_Set_01_C,23x17x8
mesh,StaticMesh,/Game/Scene_Warehouse/Assets/MS/3D/Ind_War_Storage_Box_Cardboard_Set_01/SM_Ind_War_Storage_Box_Cardboard_Set_01_D.SM_Ind_War_Storage_Box_Cardboard_Set_01_D,24x34x18
mesh,StaticMesh,/Game/Scene_Warehouse/Assets/MS/3D/Ind_War_Storage_Box_Cardboard_Set_01/SM_Ind_War_Storage_Box_Cardboard_Set_01_E.SM_Ind_War_Storage_Box_Cardboard_Set_01_E,23x32x17
mesh,StaticMesh,/Game/Scene_Warehouse/Assets/MS/3D/Ind_War_Storage_Box_Cardboard_Set_01/SM_Ind_War_Storage_Box_Cardboard_Set_01_F.SM_Ind_War_Storage_Box_Cardboard_Set_01_F,9x8x7
mesh,StaticMesh,/Game/Scene_Warehouse/Assets/MS/3D/Ind_War_Storage_Box_Cardboard_Set_01/SM_Ind_War_Storage_Box_Cardboard_Set_01_G.SM_Ind_War_Storage_Box_Cardboard_Set_01_G,18x8x7
mesh,StaticMesh,/Game/Scene_Warehouse/Assets/MS/3D/Ind_War_Storage_Box_Cardboard_Set_02/SM_Ind_War_Storage_Box_Cardboard_Set_02_A.SM_Ind_War_Storage_Box_Cardboard_Set_02_A,18x15x11
mesh,StaticMesh,/Game/Scene_Warehouse/Assets/MS/3D/Ind_War_Storage_Box_Cardboard_Set_02/SM_Ind_War_Storage_Box_Cardboard_Set_02_B.SM_Ind_War_Storage_Box_Cardboard_Set_02_B,20x20x20
mesh,StaticMesh,/Game/Scene_Warehouse/Assets/MS/3D/Ind_War_Storage_Box_Cardboard_Set_02/SM_Ind_War_Storage_Box_Cardboard_Set_02_C.SM_Ind_War_Storage_Box_Cardboard_Set_02_C,18x11x5
mesh,StaticMesh,/Game/Scene_Warehouse/Assets/MS/3D/Ind_War_Storage_Box_Cardboard_Set_02/SM_Ind_War_Storage_Box_Cardboard_Set_02_D.SM_Ind_War_Storage_Box_Cardboard_Set_02_D,13x13x10
mesh,StaticMesh,/Game/Scene_Warehouse/Assets/MS/3D/Ind_War_Storage_Box_Cardboard_Set_02/SM_Ind_War_Storage_Box_Cardboard_Set_02_E.SM_Ind_War_Storage_Box_Cardboard_Set_02_E,9x9x9
mesh,StaticMesh,/Game/Scene_Warehouse/Assets/MS/3D/Ind_War_Storage_Box_Cardboard_Set_02/SM_Ind_War_Storage_Box_Cardboard_Set_02_F.SM_Ind_War_Storage_Box_Cardboard_Set_02_F,12x10x9
mesh,StaticMesh,/Game/Scene_Warehouse/Assets/MS/3D/Ind_War_Storage_Box_Cardboard_Set_03/SM_Ind_War_Storage_Box_Cardboard_Set_03_A.SM_Ind_War_Storage_Box_Cardboard_Set_03_A,33x21x17
mesh,StaticMesh,/Game/Scene_Warehouse/Assets/MS/3D/Ind_War_Storage_Box_Cardboard_Set_03/SM_Ind_War_Storage_Box_Cardboard_Set_03_B.SM_Ind_War_Storage_Box_Cardboard_Set_03_B,34x25x20
mesh,StaticMesh,/Game/Scene_Warehouse/Assets/MS/3D/Ind_War_Storage_Box_Cardboard_Set_03/SM_Ind_War_Storage_Box_Cardboard_Set_03_C.SM_Ind_War_Storage_Box_Cardboard_Set_03_C,22x12x15
mesh,StaticMesh,/Game/Scene_Warehouse/Assets/MS/3D/Ind_War_Storage_Box_Cardboard_Set_03/SM_Ind_War_Storage_Box_Cardboard_Set_03_D.SM_Ind_War_Storage_Box_Cardboard_Set_03_D,25x17x11
mesh,StaticMesh,/Game/Scene_Warehouse/Assets/MS/3D/Ind_War_Storage_Box_Cardboard_Set_03/SM_Ind_War_Storage_Box_Cardboard_Set_03_E.SM_Ind_War_Storage_Box_Cardboard_Set_03_E,38x25x21
mesh,StaticMesh,/Game/Scene_Warehouse/Assets/MS/3D/Ind_War_Storage_Box_Cardboard_Worn_02/SM_Ind_War_Storage_Box_Cardboard_Worn_02.SM_Ind_War_Storage_Box_Cardboard_Worn_02,124x84x62
mesh,StaticMesh,/Game/Scene_Warehouse/Assets/MS/3D/Ind_War_Storage_Box_Plastic_Blue_04/SM_Ind_War_Storage_Box_Plastic_Blue_04.SM_Ind_War_Storage_Box_Plastic_Blue_04,38x29x25
mesh,StaticMesh,/Game/Scene_Warehouse/Assets/MS/3D/Ind_War_Storage_Cabinet_Metal_Rusty_01/SM_Ind_War_Storage_Cabinet_Metal_Rusty_01.SM_Ind_War_Storage_Cabinet_Metal_Rusty_01,68x52x174
mesh,StaticMesh,/Game/Scene_Warehouse/Assets/MS/3D/Ind_War_Storage_Crate_Plastic_Blue_01/SM_Ind_War_Storage_Crate_Plastic_Blue_01.SM_Ind_War_Storage_Crate_Plastic_Blue_01,41x31x27
mesh,StaticMesh,/Game/Scene_Warehouse/Assets/MS/3D/Ind_War_Storage_Crate_Plastic_Teal_01/SM_Ind_War_Storage_Crate_Plastic_Teal_01.SM_Ind_War_Storage_Crate_Plastic_Teal_01,62x42x26
mesh,StaticMesh,/Game/Scene_Warehouse/Assets/MS/3D/Ind_War_Storage_Crate_Plastic_White_01/SM_Ind_War_Storage_Crate_Plastic_White_01.SM_Ind_War_Storage_Crate_Plastic_White_01,40x31x27
mesh,StaticMesh,/Game/Scene_Warehouse/Assets/MS/3D/Ind_War_Storage_Crate_Trap_Covered_01/SM_Ind_War_Storage_Crate_Trap_Covered_01.SM_Ind_War_Storage_Crate_Trap_Covered_01,83x66x77
mesh,StaticMesh,/Game/Scene_Warehouse/Assets/MS/3D/Ind_War_Storage_Crate_Trap_Covered_02/SM_Ind_War_Storage_Crate_Trap_Covered_02.SM_Ind_War_Storage_Crate_Trap_Covered_02,89x72x73
mesh,StaticMesh,/Game/Scene_Warehouse/Assets/MS/3D/Ind_War_Storage_Pallet_Wood_Worn_01/SM_Ind_War_Storage_Pallet_Wood_Worn_01.SM_Ind_War_Storage_Pallet_Wood_Worn_01,116x76x13
mesh,StaticMesh,/Game/Scene_Warehouse/Assets/MS/3D/Ind_War_Storage_Pallet_Wood_Worn_04/SM_Ind_War_Storage_Pallet_Wood_Worn_04.SM_Ind_War_Storage_Pallet_Wood_Worn_04,124x118x14
mesh,StaticMesh,/Game/Scene_Warehouse/Assets/MS/3D/Ind_War_Storage_Pallet_Wood_Worn_07/SM_Ind_War_Storage_Pallet_Wood_Worn_07.SM_Ind_War_Storage_Pallet_Wood_Worn_07,105x76x13
mesh,StaticMesh,/Game/Scene_Warehouse/Assets/MS/3D/Ind_War_Storage_Sheet_Cardboard_Flattened_03/SM_Ind_War_Storage_Sheet_Cardboard_Flattened_03.SM_Ind_War_Storage_Sheet_Cardboard_Flattened_03,53x31x4
mesh,StaticMesh,/Game/Scene_Warehouse/Assets/MS/3D/Ind_War_Storage_Sheet_Cardboard_Flattened_04/SM_Ind_War_Storage_Sheet_Cardboard_Flattened_04.SM_Ind_War_Storage_Sheet_Cardboard_Flattened_04,65x49x6
mesh,StaticMesh,/Game/Scene_Warehouse/Assets/MS/3D/Ind_War_Storage_Sheet_Cardboard_Flattened_05/SM_Ind_War_Storage_Sheet_Cardboard_Flattened_05.SM_Ind_War_Storage_Sheet_Cardboard_Flattened_05,80x79x3
mesh,StaticMesh,/Game/Scene_Warehouse/Assets/MS/3D/Ind_War_Storage_Shelf_Metal_Rusted_02/SM_Ind_War_Storage_Shelf_Metal_Rusted_02.SM_Ind_War_Storage_Shelf_Metal_Rusted_02,203x76x180
mesh,StaticMesh,/Game/Scene_Warehouse/Assets/MS/3D/Ind_War_Strap_Lashing_Weathered_06/SM_Ind_War_Strap_Lashing_Weathered_06.SM_Ind_War_Strap_Lashing_Weathered_06,14x14x4
mesh,StaticMesh,/Game/Scene_Warehouse/Assets/MS/3D/Ind_War_Trash_Bin_Metal_Worn_02/SM_Ind_War_Trash_Bin_Metal_Worn_02_A.SM_Ind_War_Trash_Bin_Metal_Worn_02_A,27x26x34
mesh,StaticMesh,/Game/Scene_Warehouse/Assets/MS/3D/Ind_War_Trash_Bin_Metal_Worn_02/SM_Ind_War_Trash_Bin_Metal_Worn_02_B.SM_Ind_War_Trash_Bin_Metal_Worn_02_B,27x27x4
mesh,StaticMesh,/Game/Scene_Warehouse/Assets/MS/3D/Res_Fur_Stool_Metal_Worn_01/SM_Res_Fur_Stool_Metal_Worn_01.SM_Res_Fur_Stool_Metal_Worn_01,39x35x58
mesh,StaticMesh,/Game/Scene_Warehouse/Assets/MS/3D/Res_Gar_Storage_Toolbox_Wood_Worn_01/SM_Res_Gar_Storage_Toolbox_Wood_Worn_01.SM_Res_Gar_Storage_Toolbox_Wood_Worn_01,36x24x33
mesh,StaticMesh,/Game/Scene_Warehouse/Assets/MS/3D/Urb_Roa_Debris_Concrete_Damaged_04/SM_Urb_Roa_Debris_Concrete_Damaged_04.SM_Urb_Roa_Debris_Concrete_Damaged_04,8x7x4
mesh,StaticMesh,/Game/Scene_Warehouse/Assets/MS/3D/Urb_Str_ElectricalBox_Metal_Worn_01/SM_Urb_Str_ElectricalBox_Metal_Worn_01.SM_Urb_Str_ElectricalBox_Metal_Worn_01,48x34x179
mesh,StaticMesh,/Game/Scene_Warehouse/VisualFramework/DemoRoom/Meshes/Display_Corner_B.Display_Corner_B,9x100x100
mesh,StaticMesh,/Game/Scene_Warehouse/VisualFramework/DemoRoom/Meshes/Display_Corner_C.Display_Corner_C,5x100x100
mesh,StaticMesh,/Game/Scene_Warehouse/VisualFramework/DemoRoom/Meshes/Display_Curve_B.Display_Curve_B,100x200x100
mesh,StaticMesh,/Game/Scene_Warehouse/VisualFramework/DemoRoom/Meshes/Display_Curve_C.Display_Curve_C,95x200x95
mesh,StaticMesh,/Game/Scene_Warehouse/VisualFramework/DemoRoom/Meshes/Display_EdgeCurve_B.Display_EdgeCurve_B,100x100x100
mesh,StaticMesh,/Game/Scene_Warehouse/VisualFramework/DemoRoom/Meshes/Display_EdgeCurve_C.Display_EdgeCurve_C,95x100x95
mesh,StaticMesh,/Game/Scene_Warehouse/VisualFramework/DemoRoom/Meshes/Display_Main_B.Display_Main_B,10x200x200
mesh,StaticMesh,/Game/Scene_Warehouse/VisualFramework/DemoRoom/Meshes/Display_Main_C.Display_Main_C,5x200x200
mesh,StaticMesh,/Game/Scene_Warehouse/VisualFramework/DemoRoom/Meshes/Display_Side_B.Display_Side_B,10x200x100
mesh,StaticMesh,/Game/Scene_Warehouse/VisualFramework/DemoRoom/Meshes/Display_Side_C.Display_Side_C,5x200x100
mesh,StaticMesh,/Game/Scene_Warehouse/VisualFramework/DemoRoom/Meshes/Floor_Corner.Floor_Corner,200x200x50
mesh,StaticMesh,/Game/Scene_Warehouse/VisualFramework/DemoRoom/Meshes/Floor_Edge.Floor_Edge,1000x200x50
mesh,StaticMesh,/Game/Scene_Warehouse/VisualFramework/DemoRoom/Meshes/Pipe.Pipe,1000x15x15
mesh,StaticMesh,/Game/Scene_Warehouse/VisualFramework/DemoRoom/Meshes/Podium_01.Podium_01,266x266x58
mesh,StaticMesh,/Game/Scene_Warehouse/VisualFramework/DemoRoom/Meshes/Podium_02.Podium_02,200x200x58
mesh,StaticMesh,/Game/Scene_Warehouse/VisualFramework/DemoRoom/Meshes/QuixelLogo.QuixelLogo,18x372x435
mesh,StaticMesh,/Game/Scene_Warehouse/VisualFramework/DemoRoom/Meshes/SM_DisplayFrame_Corner.SM_DisplayFrame_Corner,30x61x61
mesh,StaticMesh,/Game/Scene_Warehouse/VisualFramework/DemoRoom/Meshes/SM_DisplayFrame_Corner_Bottom.SM_DisplayFrame_Corner_Bottom,30x58x58
mesh,StaticMesh,/Game/Scene_Warehouse/VisualFramework/DemoRoom/Meshes/SM_DisplayFrame_Corner_Top.SM_DisplayFrame_Corner_Top,1x61x61
mesh,StaticMesh,/Game/Scene_Warehouse/VisualFramework/DemoRoom/Meshes/SM_DisplayFrame_Side.SM_DisplayFrame_Side,30x201x23
mesh,StaticMesh,/Game/Scene_Warehouse/VisualFramework/DemoRoom/Meshes/SM_DisplayFrame_Side_Bottom.SM_DisplayFrame_Side_Bottom,30x200x17
mesh,StaticMesh,/Game/Scene_Warehouse/VisualFramework/DemoRoom/Meshes/SM_DisplayFrame_Side_Top.SM_DisplayFrame_Side_Top,1x200x23
mesh,StaticMesh,/Game/Scene_Warehouse/VisualFramework/DemoRoom/Meshes/ShadowBox_1MPanel.ShadowBox_1MPanel,100x18x500
mesh,StaticMesh,/Game/Scene_Warehouse/VisualFramework/DemoRoom/Meshes/ShadowBox_1MPanel2.ShadowBox_1MPanel2,100x16x500
mesh,StaticMesh,/Game/Scene_Warehouse/VisualFramework/DemoRoom/Meshes/ShadowBox_RoundEdge.ShadowBox_RoundEdge,100x116x116
mesh,StaticMesh,/Game/Scene_Warehouse/VisualFramework/DemoRoom/Meshes/Splitter_Curve.Splitter_Curve,1000x200x200
mesh,StaticMesh,/Game/Scene_Warehouse/VisualFramework/DemoRoom/Meshes/Splitter_Wall.Splitter_Wall,1000x100x500
mesh,StaticMesh,/Game/Scene_Warehouse/VisualFramework/DemoRoom/Meshes/Splitter_Wall2.Splitter_Wall2,1000x100x500
mesh,StaticMesh,/Game/Scene_Warehouse/VisualFramework/DemoRoom/Meshes/TagBar_Middle.TagBar_Middle,25x100x32
mesh,StaticMesh,/Game/Scene_Warehouse/VisualFramework/DemoRoom/Meshes/TagBar_TitleCap.TagBar_TitleCap,25x50x32
mesh,StaticMesh,/Game/Scene_Warehouse/VisualFramework/DemoRoom/Meshes/TagBar_TitleCap1.TagBar_TitleCap1,25x50x32
mesh,StaticMesh,/Game/Scene_Warehouse/VisualFramework/DemoRoom/Meshes/Tile_10MPillar_B.Tile_10MPillar_B,50x100x1000
mesh,StaticMesh,/Game/Scene_Warehouse/VisualFramework/DemoRoom/Meshes/Tile_10MPillar_B_2.Tile_10MPillar_B_2,50x94x1000
mesh,StaticMesh,/Game/Scene_Warehouse/VisualFramework/DemoRoom/Meshes/Tile_10MWall.Tile_10MWall,1000x100x1000
mesh,StaticMesh,/Game/Scene_Warehouse/VisualFramework/DemoRoom/Meshes/Tile_Edge.Tile_Edge,100x50x1000
mesh,StaticMesh,/Game/Scene_Warehouse/VisualFramework/DemoRoom/Meshes/Tile_Edge_2.Tile_Edge_2,100x50x1000
mesh,StaticMesh,/Game/Scene_Warehouse/VisualFramework/DemoRoom/Meshes/Tile_InnerCurveEdge.Tile_InnerCurveEdge,50x200x200
mesh,StaticMesh,/Game/Scene_Warehouse/VisualFramework/DemoRoom/Meshes/Tile_InnerCurveEdge2.Tile_InnerCurveEdge2,50x200x200
mesh,StaticMesh,/Game/Scene_Warehouse/VisualFramework/DemoRoom/Meshes/Tile_InnerCurveEdge_2.Tile_InnerCurveEdge_2,50x200x200
mesh,StaticMesh,/Game/Scene_Warehouse/VisualFramework/DemoRoom/Meshes/Tile_InnerCurve_B.Tile_InnerCurve_B,1000x400x250
mesh,StaticMesh,/Game/Scene_Warehouse/VisualFramework/DemoRoom/Meshes/TrimFeature_MetalTrim_Bend.TrimFeature_MetalTrim_Bend,57x151x151
mesh,StaticMesh,/Game/Scene_Warehouse/VisualFramework/DemoRoom/Meshes/TrimFeature_MetalTrim_Bend_B.TrimFeature_MetalTrim_Bend_B,57x151x151
mesh,StaticMesh,/Game/Scene_Warehouse/VisualFramework/DemoRoom/Meshes/TrimFeature_MetalTrim_Straight.TrimFeature_MetalTrim_Straight,57x2x200
mesh,StaticMesh,/Game/Scene_Warehouse/VisualFramework/DemoRoom/Meshes/TrimFeature_MetalTrim_Straight_B.TrimFeature_MetalTrim_Straight_B,57x2x200
mesh,StaticMesh,/Game/Scene_Warehouse/VisualFramework/DemoRoom/Meshes/UELogo.UELogo,18x393x396
mesh,StaticMesh,/Game/Sci_Fi_Light/Static_Meshes/SM_Sci_Fi_Battery_Unit/Mesh/SM_Sci_Fi_Battery_Unit.SM_Sci_Fi_Battery_Unit,61x32x41
mesh,StaticMesh,/Game/Sci_Fi_Light/Static_Meshes/SM_Sci_Fi_Bollard_Light/Mesh/SM_Sci_Fi_Bollard_Light.SM_Sci_Fi_Bollard_Light,8x8x42
mesh,StaticMesh,/Game/Sci_Fi_Light/Static_Meshes/SM_Sci_Fi_Chevron_Luminaire/Mesh/SM_Sci_Fi_Chevron_Luminaire.SM_Sci_Fi_Chevron_Luminaire,113x6x39
mesh,StaticMesh,/Game/Sci_Fi_Light/Static_Meshes/SM_Sci_Fi_Corridor_Ceiling_Strip/Mesh/SM_Sci_Fi_Corridor_Ceiling_Strip.SM_Sci_Fi_Corridor_Ceiling_Strip,92x38x20
mesh,StaticMesh,/Game/Sci_Fi_Light/Static_Meshes/SM_Sci_Fi_Dome_Light/Mesh/SM_Sci_Fi_Dome_Light.SM_Sci_Fi_Dome_Light,31x31x9
mesh,StaticMesh,/Game/Sci_Fi_Light/Static_Meshes/SM_Sci_Fi_Heavy_Duty_Linear_Beacon/Mesh/SM_Sci_Fi_Heavy_Duty_Linear_Beacon.SM_Sci_Fi_Heavy_Duty_Linear_Beacon,103x7x37
mesh,StaticMesh,/Game/Sci_Fi_Light/Static_Meshes/SM_Sci_Fi_Hub_Luminaire/Mesh/SM_Sci_Fi_Hub_Luminaire.SM_Sci_Fi_Hub_Luminaire,122x111x88
mesh,StaticMesh,/Game/Sci_Fi_Light/Static_Meshes/SM_Sci_Fi_Info_Terminal/Mesh/SM_Sci_Fi_Info_Terminal.SM_Sci_Fi_Info_Terminal,10x4x16
mesh,StaticMesh,/Game/Sci_Fi_Light/Static_Meshes/SM_Sci_Fi_Linear_Baseboard_Light/Mesh/SM_Sci_Fi_Linear_Baseboard_Light.SM_Sci_Fi_Linear_Baseboard_Light,46x12x10
mesh,StaticMesh,/Game/Sci_Fi_Light/Static_Meshes/SM_Sci_Fi_Louver_Light/Mesh/SM_Sci_Fi_Louver_Light.SM_Sci_Fi_Louver_Light,42x4x92
mesh,StaticMesh,/Game/Sci_Fi_Light/Static_Meshes/SM_Sci_Fi_Monolith_Light/Mesh/SM_Sci_Fi_Monolith_Light.SM_Sci_Fi_Monolith_Light,9x9x40
mesh,StaticMesh,/Game/Sci_Fi_Light/Static_Meshes/SM_Sci_Fi_Patterned_Wall_Light/Mesh/SM_Sci_Fi_Patterned_Wall_Light.SM_Sci_Fi_Patterned_Wall_Light,61x6x33
mesh,StaticMesh,/Game/Sci_Fi_Light/Static_Meshes/SM_Sci_Fi_Step_Light/Mesh/SM_Sci_Fi_Step_Light.SM_Sci_Fi_Step_Light,92x13x11
mesh,StaticMesh,/Game/Sci_Fi_Light/Static_Meshes/SM_Sci_Fi_Tri_Diamond_Wall_Light/Mesh/SM_Sci_Fi_Tri_Diamond_Wall_Light.SM_Sci_Fi_Tri_Diamond_Wall_Light,61x1x45
mesh,StaticMesh,/Game/Sci_Fi_Light/Static_Meshes/SM_Sci_Fi_X_Frame_Neon_Sign/Mesh/SM_Sci_Fi_X_Frame_Neon_Sign.SM_Sci_Fi_X_Frame_Neon_Sign,61x4x61
mesh,StaticMesh,/Game/Sci_Fi_Light/Static_Meshes/SM_Segmented_Ceiling_Beam/Mesh/SM_Segmented_Ceiling_Beam.SM_Segmented_Ceiling_Beam,136x11x40
mesh,StaticMesh,/Game/Sci_Fi_Light/Static_Meshes/SM_Suspended_Neon_Tube/Mesh/SM_Suspended_Neon_Tube.SM_Suspended_Neon_Tube,142x4x37
mesh,StaticMesh,/Game/Singapore_Canal/Meshes/SM_Bamboo_01.SM_Bamboo_01,16x16x99
mesh,StaticMesh,/Game/Singapore_Canal/Meshes/SM_Bamboo_02.SM_Bamboo_02,14x14x120
mesh,StaticMesh,/Game/Singapore_Canal/Meshes/SM_Bamboo_03.SM_Bamboo_03,55x8x121
mesh,StaticMesh,/Game/Singapore_Canal/Meshes/SM_Bamboo_04.SM_Bamboo_04,58x22x121
mesh,StaticMesh,/Game/Singapore_Canal/Meshes/SM_Banner_01.SM_Banner_01,105x39x334
mesh,StaticMesh,/Game/Singapore_Canal/Meshes/SM_Barrel_01.SM_Barrel_01,78x78x104
mesh,StaticMesh,/Game/Singapore_Canal/Meshes/SM_Barrel_01_Ropes_01.SM_Barrel_01_Ropes_01,84x83x104
mesh,StaticMesh,/Game/Singapore_Canal/Meshes/SM_Barrel_01_Ropes_02.SM_Barrel_01_Ropes_02,83x84x104
mesh,StaticMesh,/Game/Singapore_Canal/Meshes/SM_Barrel_01_Top.SM_Barrel_01_Top,70x68x10
mesh,StaticMesh,/Game/Singapore_Canal/Meshes/SM_Basket_01.SM_Basket_01,57x48x161
mesh,StaticMesh,/Game/Singapore_Canal/Meshes/SM_Basket_02.SM_Basket_02,55x48x48
mesh,StaticMesh,/Game/Singapore_Canal/Meshes/SM_Beamx1_01_Corner.SM_Beamx1_01_Corner,109x109x20
mesh,StaticMesh,/Game/Singapore_Canal/Meshes/SM_Beamx2_01.SM_Beamx2_01,200x16x20
mesh,StaticMesh,/Game/Singapore_Canal/Meshes/SM_BigDoor_01.SM_BigDoor_01,420x35x420
mesh,StaticMesh,/Game/Singapore_Canal/Meshes/SM_BigWood_01.SM_BigWood_01,49x23x467
mesh,StaticMesh,/Game/Singapore_Canal/Meshes/SM_BigWood_01_RED.SM_BigWood_01_RED,49x23x467
mesh,StaticMesh,/Game/Singapore_Canal/Meshes/SM_Bridge_Long_01.SM_Bridge_Long_01,209x200x59
mesh,StaticMesh,/Game/Singapore_Canal/Meshes/SM_Bridge_Side_01.SM_Bridge_Side_01,209x201x357
mesh,StaticMesh,/Game/Singapore_Canal/Meshes/SM_Bucket_01.SM_Bucket_01,28x36x37
mesh,StaticMesh,/Game/Singapore_Canal/Meshes/SM_Ceiling1x2_01.SM_Ceiling1x2_01,100x200x0
mesh,StaticMesh,/Game/Singapore_Canal/Meshes/SM_Ceiling2x2_01.SM_Ceiling2x2_01,200x200x0
mesh,StaticMesh,/Game/Singapore_Canal/Meshes/SM_ClothFloor_01.SM_ClothFloor_01,156x199x8
mesh,StaticMesh,/Game/Singapore_Canal/Meshes/SM_ClothFloor_02.SM_ClothFloor_02,89x142x10
mesh,StaticMesh,/Game/Singapore_Canal/Meshes/SM_ClothFloor_03.SM_ClothFloor_03,262x245x9
mesh,StaticMesh,/Game/Singapore_Canal/Meshes/SM_ClothFloor_2.SM_ClothFloor_2,156x199x8
mesh,StaticMesh,/Game/Singapore_Canal/Meshes/SM_ClothFloor_3.SM_ClothFloor_3,89x142x10
mesh,StaticMesh,/Game/Singapore_Canal/Meshes/SM_ClothFloor_4.SM_ClothFloor_4,262x245x9
mesh,StaticMesh,/Game/Singapore_Canal/Meshes/SM_ClothLay_01.SM_ClothLay_01,206x101x112
mesh,StaticMesh,/Game/Singapore_Canal/Meshes/SM_ClothLay_02.SM_ClothLay_02,101x97x133
mesh,StaticMesh,/Game/Singapore_Canal/Meshes/SM_ClothLay_03.SM_ClothLay_03,121x99x109
mesh,StaticMesh,/Game/Singapore_Canal/Meshes/SM_ClothLay_2.SM_ClothLay_2,206x101x112
mesh,StaticMesh,/Game/Singapore_Canal/Meshes/SM_ClothLay_3.SM_ClothLay_3,101x97x133
mesh,StaticMesh,/Game/Singapore_Canal/Meshes/SM_ClothLay_4.SM_ClothLay_4,121x99x109
mesh,StaticMesh,/Game/Singapore_Canal/Meshes/SM_ClothLay_5.SM_ClothLay_5,121x99x109
mesh,StaticMesh,/Game/Singapore_Canal/Meshes/SM_ClothLay_6.SM_ClothLay_6,206x101x112
mesh,StaticMesh,/Game/Singapore_Canal/Meshes/SM_ClothLay_7.SM_ClothLay_7,101x97x133
mesh,StaticMesh,/Game/Singapore_Canal/Meshes/SM_ClothesHanged_01.SM_ClothesHanged_01,196x36x85
mesh,StaticMesh,/Game/Singapore_Canal/Meshes/SM_ClothesHanged_02.SM_ClothesHanged_02,199x37x99
mesh,StaticMesh,/Game/Singapore_Canal/Meshes/SM_ClothesHanged_03.SM_ClothesHanged_03,198x36x113
mesh,StaticMesh,/Game/Singapore_Canal/Meshes/SM_ClothesHanged_2.SM_ClothesHanged_2,196x36x85
mesh,StaticMesh,/Game/Singapore_Canal/Meshes/SM_ClothesHanged_3.SM_ClothesHanged_3,199x37x99
mesh,StaticMesh,/Game/Singapore_Canal/Meshes/SM_ClothesHanged_4.SM_ClothesHanged_4,198x36x113
mesh,StaticMesh,/Game/Singapore_Canal/Meshes/SM_ClothesHanged_5.SM_ClothesHanged_5,196x36x85
mesh,StaticMesh,/Game/Singapore_Canal/Meshes/SM_ClothesHanged_6.SM_ClothesHanged_6,199x37x99
mesh,StaticMesh,/Game/Singapore_Canal/Meshes/SM_ClothesHanged_7.SM_ClothesHanged_7,198x36x113
mesh,StaticMesh,/Game/Singapore_Canal/Meshes/SM_ColumnBase_01.SM_ColumnBase_01,201x63x52
mesh,StaticMesh,/Game/Singapore_Canal/Meshes/SM_ColumnBase_01_Corner.SM_ColumnBase_01_Corner,207x206x53
mesh,StaticMesh,/Game/Singapore_Canal/Meshes/SM_ColumnRopes_01.SM_ColumnRopes_01,44x44x30
mesh,StaticMesh,/Game/Singapore_Canal/Meshes/SM_ColumnRopes_02.SM_ColumnRopes_02,45x45x42
mesh,StaticMesh,/Game/Singapore_Canal/Meshes/SM_ColumnStone_01.SM_ColumnStone_01,30x30x300
mesh,StaticMesh,/Game/Singapore_Canal/Meshes/SM_Column_01.SM_Column_01,44x44x400
mesh,StaticMesh,/Game/Singapore_Canal/Meshes/SM_Column_01_RAW.SM_Column_01_RAW,44x44x400
mesh,StaticMesh,/Game/Singapore_Canal/Meshes/SM_Column_01_RED.SM_Column_01_RED,44x44x400
mesh,StaticMesh,/Game/Singapore_Canal/Meshes/SM_Column_02.SM_Column_02,37x37x400
mesh,StaticMesh,/Game/Singapore_Canal/Meshes/SM_Column_02_RED.SM_Column_02_RED,37x37x400
mesh,StaticMesh,/Game/Singapore_Canal/Meshes/SM_Column_03.SM_Column_03,37x37x400
mesh,StaticMesh,/Game/Singapore_Canal/Meshes/SM_Column_03_RED.SM_Column_03_RED,37x37x400
mesh,StaticMesh,/Game/Singapore_Canal/Meshes/SM_Column_04.SM_Column_04,48x48x400
mesh,StaticMesh,/Game/Singapore_Canal/Meshes/SM_Column_04_RED.SM_Column_04_RED,48x48x400
mesh,StaticMesh,/Game/Singapore_Canal/Meshes/SM_Column_05.SM_Column_05,48x48x400
mesh,StaticMesh,/Game/Singapore_Canal/Meshes/SM_Column_05_RED.SM_Column_05_RED,48x48x400
mesh,StaticMesh,/Game/Singapore_Canal/Meshes/SM_Column_06.SM_Column_06,43x43x400
mesh,StaticMesh,/Game/Singapore_Canal/Meshes/SM_Column_06_RED.SM_Column_06_RED,43x43x400
mesh,StaticMesh,/Game/Singapore_Canal/Meshes/SM_Column_07.SM_Column_07,62x36x400
mesh,StaticMesh,/Game/Singapore_Canal/Meshes/SM_CrateSmall_01.SM_CrateSmall_01,91x65x12
mesh,StaticMesh,/Game/Singapore_Canal/Meshes/SM_Crate_01.SM_Crate_01,126x81x61
mesh,StaticMesh,/Game/Singapore_Canal/Meshes/SM_Door1_01.SM_Door1_01,200x22x300
mesh,StaticMesh,/Game/Singapore_Canal/Meshes/SM_Fence_01.SM_Fence_01,209x17x108
mesh,StaticMesh,/Game/Singapore_Canal/Meshes/SM_Fence_01_Column_01.SM_Fence_01_Column_01,17x17x108
mesh,StaticMesh,/Game/Singapore_Canal/Meshes/SM_Floor1x2_01.SM_Floor1x2_01,100x200x0
mesh,StaticMesh,/Game/Singapore_Canal/Meshes/SM_Floor2x2_01.SM_Floor2x2_01,200x200x0
mesh,StaticMesh,/Game/Singapore_Canal/Meshes/SM_Floor2x2_01_Triangle.SM_Floor2x2_01_Triangle,200x200x0
mesh,StaticMesh,/Game/Singapore_Canal/Meshes/SM_Ladder_01.SM_Ladder_01,80x20x300
mesh,StaticMesh,/Game/Singapore_Canal/Meshes/SM_Lantern_01.SM_Lantern_01,34x30x101
mesh,StaticMesh,/Game/Singapore_Canal/Meshes/SM_Lantern_02.SM_Lantern_02,54x54x80
mesh,StaticMesh,/Game/Singapore_Canal/Meshes/SM_LionStatue_01.SM_LionStatue_01,250x366x419
mesh,StaticMesh,/Game/Singapore_Canal/Meshes/SM_Mud_01.SM_Mud_01,210x68x50
mesh,StaticMesh,/Game/Singapore_Canal/Meshes/SM_Plank_01.SM_Plank_01,25x149x4
mesh,StaticMesh,/Game/Singapore_Canal/Meshes/SM_Plank_02.SM_Plank_02,25x150x5
mesh,StaticMesh,/Game/Singapore_Canal/Meshes/SM_Plank_03.SM_Plank_03,25x150x4
mesh,StaticMesh,/Game/Singapore_Canal/Meshes/SM_Plank_04.SM_Plank_04,25x149x4
mesh,StaticMesh,/Game/Singapore_Canal/Meshes/SM_PlanksBig_01.SM_PlanksBig_01,177x158x10
mesh,StaticMesh,/Game/Singapore_Canal/Meshes/SM_PlanksBig_01_Ropes.SM_PlanksBig_01_Ropes,180x158x13
mesh,StaticMesh,/Game/Singapore_Canal/Meshes/SM_PlanksBig_01_RopesDark.SM_PlanksBig_01_RopesDark,180x158x13
mesh,StaticMesh,/Game/Singapore_Canal/Meshes/SM_PlanksBig_02.SM_PlanksBig_02,162x155x11
mesh,StaticMesh,/Game/Singapore_Canal/Meshes/SM_PlanksBig_03.SM_PlanksBig_03,152x152x9
mesh,StaticMesh,/Game/Singapore_Canal/Meshes/SM_PlanksTandem_01.SM_PlanksTandem_01,93x21x300
mesh,StaticMesh,/Game/Singapore_Canal/Meshes/SM_Pot_01.SM_Pot_01,72x76x194
mesh,StaticMesh,/Game/Singapore_Canal/Meshes/SM_Pot_02.SM_Pot_02,39x34x120
mesh,StaticMesh,/Game/Singapore_Canal/Meshes/SM_Pot_03.SM_Pot_03,34x34x31
mesh,StaticMesh,/Game/Singapore_Canal/Meshes/SM_Pot_04.SM_Pot_04,41x31x141
mesh,StaticMesh,/Game/Singapore_Canal/Meshes/SM_Pot_05.SM_Pot_05,38x31x45
mesh,StaticMesh,/Game/Singapore_Canal/Meshes/SM_Pot_06.SM_Pot_06,39x34x193
mesh,StaticMesh,/Game/Singapore_Canal/Meshes/SM_River_2x2.SM_River_2x2,200x200x0
mesh,StaticMesh,/Game/Singapore_Canal/Meshes/SM_Roof_01_Corner.SM_Roof_01_Corner,223x223x214
mesh,StaticMesh,/Game/Singapore_Canal/Meshes/SM_Roof_01_Long_01.SM_Roof_01_Long_01,116x200x143
mesh,StaticMesh,/Game/Singapore_Canal/Meshes/SM_Roof_01_Long_02.SM_Roof_01_Long_02,116x200x171
mesh,StaticMesh,/Game/Singapore_Canal/Meshes/SM_Roof_01_Side_01.SM_Roof_01_Side_01,131x244x204
mesh,StaticMesh,/Game/Singapore_Canal/Meshes/SM_Roof_01_Side_02.SM_Roof_01_Side_02,131x244x239
mesh,StaticMesh,/Game/Singapore_Canal/Meshes/SM_Roof_01_Straight.SM_Roof_01_Straight,200x221x205
mesh,StaticMesh,/Game/Singapore_Canal/Meshes/SM_Roof_02_Corner.SM_Roof_02_Corner,223x223x238
mesh,StaticMesh,/Game/Singapore_Canal/Meshes/SM_Roof_02_Long_01.SM_Roof_02_Long_01,106x201x169
mesh,StaticMesh,/Game/Singapore_Canal/Meshes/SM_Roof_02_Side_01.SM_Roof_02_Side_01,156x308x256
mesh,StaticMesh,/Game/Singapore_Canal/Meshes/SM_Roof_02_Straight.SM_Roof_02_Straight,200x229x238
mesh,StaticMesh,/Game/Singapore_Canal/Meshes/SM_RopesHanging_01.SM_RopesHanging_01,155x58x304
mesh,StaticMesh,/Game/Singapore_Canal/Meshes/SM_Ropes_01.SM_Ropes_01,325x263x10
mesh,StaticMesh,/Game/Singapore_Canal/Meshes/SM_Ropes_02.SM_Ropes_02,360x295x13
mesh,StaticMesh,/Game/Singapore_Canal/Meshes/SM_Ropes_03.SM_Ropes_03,219x211x6
mesh,StaticMesh,/Game/Singapore_Canal/Meshes/SM_Sack_01.SM_Sack_01,57x28x14
mesh,StaticMesh,/Game/Singapore_Canal/Meshes/SM_Sack_02.SM_Sack_02,57x30x11
mesh,StaticMesh,/Game/Singapore_Canal/Meshes/SM_SacksPacked_01.SM_SacksPacked_01,114x72x44
mesh,StaticMesh,/Game/Singapore_Canal/Meshes/SM_SacksPacked_02.SM_SacksPacked_02,119x71x56
mesh,StaticMesh,/Game/Singapore_Canal/Meshes/SM_SmallRoofCorner_01.SM_SmallRoofCorner_01,99x101x51
mesh,StaticMesh,/Game/Singapore_Canal/Meshes/SM_SmallRoofCorner_02.SM_SmallRoofCorner_02,99x101x51
mesh,StaticMesh,/Game/Singapore_Canal/Meshes/SM_SmallRoof_01.SM_SmallRoof_01,200x96x50
mesh,StaticMesh,/Game/Singapore_Canal/Meshes/SM_SmallRoof_02.SM_SmallRoof_02,200x96x50
mesh,StaticMesh,/Game/Singapore_Canal/Meshes/SM_SmallRoof_03.SM_SmallRoof_03,200x96x50
mesh,StaticMesh,/Game/Singapore_Canal/Meshes/SM_Stairsx3_01.SM_Stairsx3_01,201x98x62
mesh,StaticMesh,/Game/Singapore_Canal/Meshes/SM_Stand_01.SM_Stand_01,433x297x340
mesh,StaticMesh,/Game/Singapore_Canal/Meshes/SM_Stand_02.SM_Stand_02,442x313x341
mesh,StaticMesh,/Game/Singapore_Canal/Meshes/SM_StoneFence_01_Column.SM_StoneFence_01_Column,39x39x95
mesh,StaticMesh,/Game/Singapore_Canal/Meshes/SM_StoneFence_01_Long.SM_StoneFence_01_Long,196x19x83
mesh,StaticMesh,/Game/Singapore_Canal/Meshes/SM_Stonex1_01.SM_Stonex1_01,111x44x28
mesh,StaticMesh,/Game/Singapore_Canal/Meshes/SM_Stonex2_01.SM_Stonex2_01,222x55x28
mesh,StaticMesh,/Game/Singapore_Canal/Meshes/SM_Torch_01.SM_Torch_01,15x32x68
mesh,StaticMesh,/Game/Singapore_Canal/Meshes/SM_Toro_01.SM_Toro_01,49x49x142
mesh,StaticMesh,/Game/Singapore_Canal/Meshes/SM_Tub_01.SM_Tub_01,129x129x69
mesh,StaticMesh,/Game/Singapore_Canal/Meshes/SM_Tub_02.SM_Tub_02,129x129x69
mesh,StaticMesh,/Game/Singapore_Canal/Meshes/SM_Wall3x2_Simple_01.SM_Wall3x2_Simple_01,200x0x300
mesh,StaticMesh,/Game/Singapore_Canal/Meshes/SM_Wall4x2_01.SM_Wall4x2_01,200x21x400
mesh,StaticMesh,/Game/Singapore_Canal/Meshes/SM_Wall4x2_02.SM_Wall4x2_02,200x61x400
mesh,StaticMesh,/Game/Singapore_Canal/Meshes/SM_Wall4x2_03.SM_Wall4x2_03,200x11x400
mesh,StaticMesh,/Game/Singapore_Canal/Meshes/SM_Wall4x2_03_RED.SM_Wall4x2_03_RED,200x11x400
mesh,StaticMesh,/Game/Singapore_Canal/Meshes/SM_Wall4x2_04.SM_Wall4x2_04,200x41x400
mesh,StaticMesh,/Game/Singapore_Canal/Meshes/SM_Wall4x2_05.SM_Wall4x2_05,200x21x400
mesh,StaticMesh,/Game/Singapore_Canal/Meshes/SM_Wall4x2_06.SM_Wall4x2_06,200x21x400
mesh,StaticMesh,/Game/Singapore_Canal/Meshes/SM_Wall4x2_Simple_02.SM_Wall4x2_Simple_02,200x0x400
mesh,StaticMesh,/Game/Singapore_Canal/Meshes/SM_Wall4x2_Simple_03.SM_Wall4x2_Simple_03,200x21x400
mesh,StaticMesh,/Game/Singapore_Canal/Meshes/SM_Wall4x2_Window_01.SM_Wall4x2_Window_01,200x22x400
mesh,StaticMesh,/Game/Singapore_Canal/Meshes/SM_Wall4x2_Window_02.SM_Wall4x2_Window_02,200x22x400
mesh,StaticMesh,/Game/Singapore_Canal/Meshes/SM_Wall4x2_Window_03.SM_Wall4x2_Window_03,201x61x400
mesh,StaticMesh,/Game/Singapore_Canal/Meshes/SM_WallBase1x1_01.SM_WallBase1x1_01,100x106x109
mesh,StaticMesh,/Game/Singapore_Canal/Meshes/SM_WallBase1x2_01.SM_WallBase1x2_01,201x105x112
mesh,StaticMesh,/Game/Singapore_Canal/Meshes/SM_WallBase1x2_01_Corner.SM_WallBase1x2_01_Corner,207x203x112
mesh,StaticMesh,/Game/Singapore_Canal/Meshes/SM_WallBase1x2_02.SM_WallBase1x2_02,200x61x111
mesh,StaticMesh,/Game/Singapore_Canal/Meshes/SM_WallBase1x2_03.SM_WallBase1x2_03,201x40x111
mesh,StaticMesh,/Game/Singapore_Canal/Meshes/SM_WallBase2x1_01.SM_WallBase2x1_01,105x107x209
mesh,StaticMesh,/Game/Singapore_Canal/Meshes/SM_WallBase2x2_01.SM_WallBase2x2_01,200x105x208
mesh,StaticMesh,/Game/Singapore_Canal/Meshes/SM_WallBase2x2_01_Corner.SM_WallBase2x2_01_Corner,204x204x208
mesh,StaticMesh,/Game/Singapore_Canal/Meshes/SM_WallCanal2x2_01.SM_WallCanal2x2_01,200x120x200
mesh,StaticMesh,/Game/Singapore_Canal/Meshes/SM_WallCylinder_01.SM_WallCylinder_01,200x42x42
mesh,StaticMesh,/Game/Singapore_Canal/Meshes/SM_WallCylinder_01_RED.SM_WallCylinder_01_RED,200x42x42
mesh,StaticMesh,/Game/Singapore_Canal/Meshes/SM_WallDecor_01.SM_WallDecor_01,45x85x82
mesh,StaticMesh,/Game/Singapore_Canal/Meshes/SM_WallDecor_01_RAW.SM_WallDecor_01_RAW,45x85x82
mesh,StaticMesh,/Game/Singapore_Canal/Meshes/SM_WallDecor_01_RED.SM_WallDecor_01_RED,45x85x82
mesh,StaticMesh,/Game/Singapore_Canal/Meshes/SM_WallDecor_02.SM_WallDecor_02,11x86x51
mesh,StaticMesh,/Game/Singapore_Canal/Meshes/SM_WallDecor_02_RAW.SM_WallDecor_02_RAW,11x86x51
mesh,StaticMesh,/Game/Singapore_Canal/Meshes/SM_WallDecor_02_RED.SM_WallDecor_02_RED,11x86x51
mesh,StaticMesh,/Game/Singapore_Canal/Meshes/SM_WallDecor_03.SM_WallDecor_03,9x70x35
mesh,StaticMesh,/Game/Singapore_Canal/Meshes/SM_WallDecor_03_RAW.SM_WallDecor_03_RAW,9x70x35
mesh,StaticMesh,/Game/Singapore_Canal/Meshes/SM_WallDecor_03_RED.SM_WallDecor_03_RED,9x70x35
mesh,StaticMesh,/Game/Singapore_Canal/Meshes/SM_Wheelcart_01.SM_Wheelcart_01,266x129x112
mesh,StaticMesh,/Game/Singapore_Canal/Meshes/SM_Window_03.SM_Window_03,200x6x150
mesh,StaticMesh,/Game/Singapore_Canal/Meshes/SM_Window_03_RED.SM_Window_03_RED,200x6x150
mesh,StaticMesh,/Game/Singapore_Canal/Meshes/SM_Window_04.SM_Window_04,200x12x100
mesh,StaticMesh,/Game/Singapore_Canal/Meshes/SM_Window_04_RED.SM_Window_04_RED,200x12x100
mesh,StaticMesh,/Game/Singapore_Canal/Meshes/SM_WoodPanel1_5x2_01.SM_WoodPanel1_5x2_01,200x11x150
mesh,StaticMesh,/Game/Singapore_Canal/Meshes/SM_WoodPanel1_5x2_01_RED.SM_WoodPanel1_5x2_01_RED,200x11x150
mesh,StaticMesh,/Game/Singapore_Canal/Meshes/SM_WoodPanel1x2_01.SM_WoodPanel1x2_01,200x11x100
mesh,StaticMesh,/Game/Singapore_Canal/Meshes/SM_WoodPanel1x2_01_RED.SM_WoodPanel1x2_01_RED,200x11x100
mesh,StaticMesh,/Game/Singapore_Canal/Meshes/SM_WoodPanel1x2_02.SM_WoodPanel1x2_02,200x11x100
mesh,StaticMesh,/Game/Singapore_Canal/Meshes/SM_WoodPanel1x2_02_RED.SM_WoodPanel1x2_02_RED,200x11x100
mesh,StaticMesh,/Game/Singapore_Canal/Meshes/SM_WoodStructure_01.SM_WoodStructure_01,135x83x83
mesh,StaticMesh,/Game/Singapore_Canal/Meshes/SM_WoodStructure_02.SM_WoodStructure_02,135x123x100
mesh,StaticMesh,/Game/Singapore_Canal/Meshes/SM_WoodStructure_03.SM_WoodStructure_03,136x84x9
mesh,StaticMesh,/Game/Singapore_Canal/Meshes/SM_WoodStructure_04.SM_WoodStructure_04,135x110x9
mesh,StaticMesh,/Game/Singapore_Canal/Meshes/SM_WoodStructure_05.SM_WoodStructure_05,104x140x84
mesh,StaticMesh,/Game/StaticMeshes/SM_OldConditioner.SM_OldConditioner,105x54x106
mesh,StaticMesh,/Game/StaticMeshes/SM_OldConditioner_AtlasTexture.SM_OldConditioner_AtlasTexture,105x54x106
mesh,StaticMesh,/Game/Tools/StaticMesh/SM_Hammer.SM_Hammer,15x50x4
mesh,StaticMesh,/Game/Tools/StaticMesh/SM_Nut.SM_Nut,2x1x1
mesh,StaticMesh,/Game/Tools/StaticMesh/SM_Screw.SM_Screw,2x1x2
mesh,StaticMesh,/Game/Tools/StaticMesh/SM_Screwdriver.SM_Screwdriver,6x39x5
mesh,StaticMesh,/Game/Tools/StaticMesh/Spanner.Spanner,10x35x2
mesh,StaticMesh,/Game/Tools/StaticMesh/Tape.Tape,9x9x3
mesh,StaticMesh,/Game/Tools/StaticMesh/Wrench.Wrench,10x41x3
mesh,StaticMesh,/Game/UnrealBucket/Library/ArchViz/AntiqueVase/SM_AntiqueVase.SM_AntiqueVase,26x26x44
mesh,StaticMesh,/Game/UnrealBucket/Library/ArchViz/Armchair/SM_ArmChair.SM_ArmChair,85x77x107
mesh,StaticMesh,/Game/UnrealBucket/Library/ArchViz/Chair_01/SM_Chair_01.SM_Chair_01,67x66x106
mesh,StaticMesh,/Game/UnrealBucket/Library/ArchViz/Chair_02/SM_Chair.SM_Chair,52x53x81
mesh,StaticMesh,/Game/UnrealBucket/Library/ArchViz/Chandelier_01/SM_Chandelier_01.SM_Chandelier_01,75x82x80
mesh,StaticMesh,/Game/UnrealBucket/Library/ArchViz/ClassicConsole/SM_ClassicConsole.SM_ClassicConsole,141x54x87
mesh,StaticMesh,/Game/UnrealBucket/Library/ArchViz/CoffeeGrinder/SM_CoffeeGrinder.SM_CoffeeGrinder,16x18x23
mesh,StaticMesh,/Game/UnrealBucket/Library/ArchViz/CoffeeGrinder/SM_Grinder_Body.SM_Grinder_Body,13x13x15
mesh,StaticMesh,/Game/UnrealBucket/Library/ArchViz/CoffeeGrinder/SM_Grinder_Drawer.SM_Grinder_Drawer,8x9x3
mesh,StaticMesh,/Game/UnrealBucket/Library/ArchViz/CoffeeGrinder/SM_Grinder_Handle.SM_Grinder_Handle,16x3x9
mesh,StaticMesh,/Game/UnrealBucket/Library/ArchViz/DiningChair/SM_DiningChair.SM_DiningChair,47x63x106
mesh,StaticMesh,/Game/UnrealBucket/Library/ArchViz/ForestInAJar/SM_ForestInAJar.SM_ForestInAJar,24x24x53
mesh,StaticMesh,/Game/UnrealBucket/Library/ArchViz/GamingChair_01/SM_GamingChair_01.SM_GamingChair_01,73x77x135
mesh,StaticMesh,/Game/UnrealBucket/Library/ArchViz/GamingChair_01/SM_GamingChair_01_Part_A.SM_GamingChair_01_Part_A,50x32x83
mesh,StaticMesh,/Game/UnrealBucket/Library/ArchViz/GamingChair_01/SM_GamingChair_01_Part_B.SM_GamingChair_01_Part_B,58x56x35
mesh,StaticMesh,/Game/UnrealBucket/Library/ArchViz/GamingChair_01/SM_GamingChair_01_Part_C.SM_GamingChair_01_Part_C,69x72x30
mesh,StaticMesh,/Game/UnrealBucket/Library/ArchViz/GamingChair_01/SM_GamingChair_01_Part_D.SM_GamingChair_01_Part_D,11x28x22
mesh,StaticMesh,/Game/UnrealBucket/Library/ArchViz/GamingChair_01/SM_GamingChair_01_Part_E.SM_GamingChair_01_Part_E,11x28x22
mesh,StaticMesh,/Game/UnrealBucket/Library/ArchViz/GamingChair_01/SM_GamingChair_01_Part_F.SM_GamingChair_01_Part_F,6x2x5
mesh,StaticMesh,/Game/UnrealBucket/Library/ArchViz/GamingChair_01/SM_GamingChair_01_Part_G.SM_GamingChair_01_Part_G,6x4x6
mesh,StaticMesh,/Game/UnrealBucket/Library/ArchViz/GamingChair_01/SM_GamingChair_01_Part_H.SM_GamingChair_01_Part_H,30x13x20
mesh,StaticMesh,/Game/UnrealBucket/Library/ArchViz/GamingChair_01/SM_GamingChair_01_Part_I.SM_GamingChair_01_Part_I,24x12x15
mesh,StaticMesh,/Game/UnrealBucket/Library/ArchViz/GothicBed_01/SM_GothicBed_01.SM_GothicBed_01,149x204x153
mesh,StaticMesh,/Game/UnrealBucket/Library/ArchViz/GothicCabinet_01/SM_GothicCabinet_01.SM_GothicCabinet_01,146x86x201
mesh,StaticMesh,/Game/UnrealBucket/Library/ArchViz/GothicCabinet_01/SM_GothicCabinet_Base.SM_GothicCabinet_Base,146x86x201
mesh,StaticMesh,/Game/UnrealBucket/Library/ArchViz/GothicCabinet_01/SM_GothicCabinet_Door_A.SM_GothicCabinet_Door_A,60x4x76
mesh,StaticMesh,/Game/UnrealBucket/Library/ArchViz/GothicCabinet_01/SM_GothicCabinet_Door_B.SM_GothicCabinet_Door_B,62x4x76
mesh,StaticMesh,/Game/UnrealBucket/Library/ArchViz/GothicCabinet_01/SM_GothicCabinet_Door_C.SM_GothicCabinet_Door_C,60x4x76
mesh,StaticMesh,/Game/UnrealBucket/Library/ArchViz/GothicCabinet_01/SM_GothicCabinet_Door_D.SM_GothicCabinet_Door_D,62x4x76
mesh,StaticMesh,/Game/UnrealBucket/Library/ArchViz/GothicCommode_01/SM_Drawer_A.SM_Drawer_A,100x54x26
mesh,StaticMesh,/Game/UnrealBucket/Library/ArchViz/GothicCommode_01/SM_Drawer_B.SM_Drawer_B,100x55x26
mesh,StaticMesh,/Game/UnrealBucket/Library/ArchViz/GothicCommode_01/SM_Drawer_C.SM_Drawer_C,100x55x26
mesh,StaticMesh,/Game/UnrealBucket/Library/ArchViz/GothicCommode_01/SM_GothicCommode_01_A.SM_GothicCommode_01_A,120x59x121
mesh,StaticMesh,/Game/UnrealBucket/Library/ArchViz/GothicCommode_01/SM_GothicCommode_01_B.SM_GothicCommode_01_B,120x58x121
mesh,StaticMesh,/Game/UnrealBucket/Library/ArchViz/MetalFrameShelf/SM_MetalFrameShelf.SM_MetalFrameShelf,88x40x172
mesh,StaticMesh,/Game/UnrealBucket/Library/ArchViz/ModernCeilingLamp/SM_ModernCeilingLamp.SM_ModernCeilingLamp,36x36x79
mesh,StaticMesh,/Game/UnrealBucket/Library/ArchViz/MokaPot/SM_MokaPot.SM_MokaPot,11x19x24
mesh,StaticMesh,/Game/UnrealBucket/Library/ArchViz/MokaPot/SM_MokaPot_Base.SM_MokaPot_Base,11x19x21
mesh,StaticMesh,/Game/UnrealBucket/Library/ArchViz/MokaPot/SM_MokaPot_Lid.SM_MokaPot_Lid,11x15x5
mesh,StaticMesh,/Game/UnrealBucket/Library/ArchViz/NeoGothicBookcase/SM_Bookshelf.SM_Bookshelf,146x60x244
mesh,StaticMesh,/Game/UnrealBucket/Library/ArchViz/NeoGothicBookcase/SM_Drawer.SM_Drawer,35x27x11
mesh,StaticMesh,/Game/UnrealBucket/Library/ArchViz/NeoGothicBookcase/SM_LeftPanel.SM_LeftPanel,34x4x43
mesh,StaticMesh,/Game/UnrealBucket/Library/ArchViz/NeoGothicBookcase/SM_MiddlePanel.SM_MiddlePanel,39x6x54
mesh,StaticMesh,/Game/UnrealBucket/Library/ArchViz/NeoGothicBookcase/SM_NeoGothicBookcase.SM_NeoGothicBookcase,146x60x244
mesh,StaticMesh,/Game/UnrealBucket/Library/ArchViz/NeoGothicBookcase/SM_RightPanel.SM_RightPanel,34x4x43
mesh,StaticMesh,/Game/UnrealBucket/Library/ArchViz/Nightstand_01/SM_Nightstand_01.SM_Nightstand_01,57x42x70
mesh,StaticMesh,/Game/UnrealBucket/Library/ArchViz/Nightstand_01/SM_Nightstand_01_Base.SM_Nightstand_01_Base,57x42x70
mesh,StaticMesh,/Game/UnrealBucket/Library/ArchViz/Nightstand_01/SM_Nightstand_01_Drawer_A.SM_Nightstand_01_Drawer_A,42x37x15
mesh,StaticMesh,/Game/UnrealBucket/Library/ArchViz/Nightstand_01/SM_Nightstand_01_Drawer_B.SM_Nightstand_01_Drawer_B,42x37x15
mesh,StaticMesh,/Game/UnrealBucket/Library/ArchViz/OrnateMirror/SM_OrnateMirror.SM_OrnateMirror,49x3x74
mesh,StaticMesh,/Game/UnrealBucket/Library/ArchViz/VictorianArmchair/SM_VictorianArmchair.SM_VictorianArmchair,94x76x147
mesh,StaticMesh,/Game/UnrealBucket/Library/ArchViz/VictorianSofa/SM_VictorianSofa.SM_VictorianSofa,211x82x144
mesh,StaticMesh,/Game/UnrealBucket/Library/Electronics/WirelessHeadset/SM_WirelessHeadset_A.SM_WirelessHeadset_A,17x17x20
mesh,StaticMesh,/Game/UnrealBucket/Library/Electronics/WirelessHeadset/SM_WirelessHeadset_B.SM_WirelessHeadset_B,20x17x20
mesh,StaticMesh,/Game/UnrealBucket/Library/Industrial/Anvil/SM_Anvil.SM_Anvil,40x100x41
mesh,StaticMesh,/Game/UnrealBucket/Library/Industrial/FireExtinguisher/SM_FireExtinguisher.SM_FireExtinguisher,38x19x67
mesh,StaticMesh,/Game/UnrealBucket/Library/Tools/CarpenterTools/SM_Chisel_A.SM_Chisel_A,4x29x4
mesh,StaticMesh,/Game/UnrealBucket/Library/Tools/CarpenterTools/SM_Chisel_B.SM_Chisel_B,4x29x4
mesh,StaticMesh,/Game/UnrealBucket/Library/Tools/CarpenterTools/SM_Chisel_C.SM_Chisel_C,4x29x4
mesh,StaticMesh,/Game/UnrealBucket/Library/Tools/CarpenterTools/SM_Chisel_D.SM_Chisel_D,4x29x4
mesh,StaticMesh,/Game/UnrealBucket/Library/Tools/CarpenterTools/SM_File_A.SM_File_A,4x30x4
mesh,StaticMesh,/Game/UnrealBucket/Library/Tools/CarpenterTools/SM_File_B.SM_File_B,4x30x4
mesh,StaticMesh,/Game/UnrealBucket/Library/Tools/CarpenterTools/SM_File_C.SM_File_C,4x30x4
mesh,StaticMesh,/Game/UnrealBucket/Library/Tools/CarpenterTools/SM_HandDrill_A.SM_HandDrill_A,22x61x25
mesh,StaticMesh,/Game/UnrealBucket/Library/Tools/CarpenterTools/SM_HandDrill_B.SM_HandDrill_B,26x61x16
mesh,StaticMesh,/Game/UnrealBucket/Library/Tools/CarpenterTools/SM_HandSaw.SM_HandSaw,15x64x3
mesh,StaticMesh,/Game/UnrealBucket/Library/Tools/CarpenterTools/SM_WoodPlane.SM_WoodPlane,12x39x14
mesh,StaticMesh,/Game/UnrealBucket/Library/Various/Canteen/SM_Canteen.SM_Canteen,29x22x23
mesh,StaticMesh,/Game/UnrealBucket/Library/Various/Canteen/SM_Canteen_Base.SM_Canteen_Base,29x14x19
mesh,StaticMesh,/Game/UnrealBucket/Library/Various/Canteen/SM_Canteen_Handle.SM_Canteen_Handle,27x2x20
mesh,StaticMesh,/Game/UnrealBucket/Library/Various/Canteen/SM_Canteen_Lid.SM_Canteen_Lid,26x13x8
mesh,StaticMesh,/Game/UnrealBucket/Library/Various/Chest/Parts/SM_Chest_Base.SM_Chest_Base,116x48x30
mesh,StaticMesh,/Game/UnrealBucket/Library/Various/Chest/Parts/SM_Chest_Lockpad.SM_Chest_Lockpad,6x1x16
mesh,StaticMesh,/Game/UnrealBucket/Library/Various/Chest/Parts/SM_Chest_Top.SM_Chest_Top,108x47x20
mesh,StaticMesh,/Game/UnrealBucket/Library/Various/Chest/SM_Chest.SM_Chest,116x48x48
mesh,StaticMesh,/Game/UnrealBucket/Library/Various/Chest/SM_Chest_Open.SM_Chest_Open,116x84x70
mesh,StaticMesh,/Game/UnrealBucket/Library/Various/GrandfatherClock/SM_GrandfatherClock_Body.SM_GrandfatherClock_Body,63x43x219
mesh,StaticMesh,/Game/UnrealBucket/Library/Various/GrandfatherClock/SM_GrandfatherClock_HourHand.SM_GrandfatherClock_HourHand,2x0x9
mesh,StaticMesh,/Game/UnrealBucket/Library/Various/GrandfatherClock/SM_GrandfatherClock_MinuteHand.SM_GrandfatherClock_MinuteHand,1x0x17
mesh,StaticMesh,/Game/UnrealBucket/Library/Various/HandDryer/SM_HandDryer.SM_HandDryer,26x21x21
mesh,StaticMesh,/Game/UnrealBucket/Library/Various/Kettle/SM_Kettle_A.SM_Kettle_A,21x27x17
mesh,StaticMesh,/Game/UnrealBucket/Library/Various/Kettle/SM_Kettle_B.SM_Kettle_B,20x27x25
mesh,StaticMesh,/Game/UnrealBucket/Library/Various/Phonograph/SM_Phonograph.SM_Phonograph,52x62x85
mesh,StaticMesh,/Game/UnrealBucket/Library/Various/Phonograph/SM_Vinyl.SM_Vinyl,30x30x0
mesh,StaticMesh,/Game/UnrealBucket/Library/Various/Piano/SM_Piano_A.SM_Piano_A,152x61x125
mesh,StaticMesh,/Game/UnrealBucket/Library/Various/Piano/SM_Piano_B.SM_Piano_B,152x61x125
mesh,StaticMesh,/Game/UnrealBucket/Library/Various/Presents/SM_Present_A.SM_Present_A,46x35x16
mesh,StaticMesh,/Game/UnrealBucket/Library/Various/Presents/SM_Present_B.SM_Present_B,34x25x12
mesh,StaticMesh,/Game/UnrealBucket/Library/Various/Presents/SM_Present_C.SM_Present_C,26x25x26
mesh,StaticMesh,/Game/UnrealBucket/Library/Various/Presents/SM_Present_D.SM_Present_D,30x13x4
mesh,StaticMesh,/Game/UnrealBucket/Library/Various/Presents/SM_Present_E.SM_Present_E,25x25x19
mesh,StaticMesh,/Game/UnrealBucket/Library/Various/Presents/SM_Ribbon_A.SM_Ribbon_A,8x9x4
mesh,StaticMesh,/Game/UnrealBucket/Library/Various/Presents/SM_Ribbon_B.SM_Ribbon_B,18x13x3
mesh,StaticMesh,/Game/UnrealBucket/Library/Various/ShoppingCart/SM_ShoppingCart.SM_ShoppingCart,63x105x106
mesh,StaticMesh,/Game/UnrealBucket/Library/Various/ShoppingCart/SM_ShoppingCart_Body.SM_ShoppingCart_Body,63x105x91
mesh,StaticMesh,/Game/UnrealBucket/Library/Various/ShoppingCart/SM_ShoppingCart_ChildSeat.SM_ShoppingCart_ChildSeat,35x4x14
mesh,StaticMesh,/Game/UnrealBucket/Library/Various/ShoppingCart/SM_ShoppingCart_ChildSupport.SM_ShoppingCart_ChildSupport,40x12x46
mesh,StaticMesh,/Game/UnrealBucket/Library/Various/ShoppingCart/SM_ShoppingCart_Wheel.SM_ShoppingCart_Wheel,4x12x12
mesh,StaticMesh,/Game/UnrealBucket/Library/Various/ShoppingCart/SM_ShoppingCart_WheelBed.SM_ShoppingCart_WheelBed,7x10x14
mesh,StaticMesh,/Game/UnrealBucket/Library/Various/Trunk/SM_Trunk_Bottom.SM_Trunk_Bottom,85x40x17
mesh,StaticMesh,/Game/UnrealBucket/Library/Various/Trunk/SM_Trunk_Closed.SM_Trunk_Closed,85x40x26
mesh,StaticMesh,/Game/UnrealBucket/Library/Various/Trunk/SM_Trunk_Lid.SM_Trunk_Lid,82x41x9
mesh,StaticMesh,/Game/UnrealBucket/Library/Various/Trunk/SM_Trunk_Open.SM_Trunk_Open,85x47x55
mesh,StaticMesh,/Game/UnrealBucket/Library/Various/VikingHelmet/SM_VikingHelmet_A.SM_VikingHelmet_A,21x26x26
mesh,StaticMesh,/Game/UnrealBucket/Library/Various/VikingHelmet/SM_VikingHelmet_B.SM_VikingHelmet_B,21x29x20
mesh,StaticMesh,/Game/UnrealBucket/Library/Various/VikingShield/SM_VikingShield.SM_VikingShield,100x100x9
mesh,StaticMesh,/Game/UnrealBucket/Library/Various/VintageGlobe/SM_Globe_SM_Globe.SM_Globe_SM_Globe,87x87x87
mesh,StaticMesh,/Game/UnrealBucket/Library/Various/VintageGlobe/SM_Globe_SM_Globe_Body.SM_Globe_SM_Globe_Body,105x104x91
mesh,StaticMesh,/Game/UnrealBucket/Library/Various/VintageGlobe/SM_Globe_SM_Globe_RollHandle.SM_Globe_SM_Globe_RollHandle,13x94x94
mesh,StaticMesh,/Game/UnrealBucket/Library/Various/VintageGlobe/SM_VintageGlobe.SM_VintageGlobe,105x104x135
mesh,StaticMesh,/Game/UnrealBucket/Library/Various/VintageTelescope/SM_VintageTelescope.SM_VintageTelescope,127x68x148
mesh,StaticMesh,/Game/UnrealBucket/Library/Various/VintageTelescope/SM_VintageTelescope_TripodHousing.SM_VintageTelescope_TripodHousing,29x33x9
mesh,StaticMesh,/Game/UnrealBucket/Library/Various/VintageTelescope/SM_VintageTelescope_TripodLeg.SM_VintageTelescope_TripodLeg,5x8x88
mesh,StaticMesh,/Game/UnrealBucket/Library/Various/VintageTelescope/SM_VintageTelescope_Tube.SM_VintageTelescope_Tube,135x20x31
mesh,StaticMesh,/Game/UnrealBucket/Library/Various/VintageTelescope/SM_VintageTelescope_WenchArm.SM_VintageTelescope_WenchArm,3x25x8
mesh,StaticMesh,/Game/UnrealBucket/Library/Various/VintageTelescope/SM_VintageTelescope_WenchHouse.SM_VintageTelescope_WenchHouse,27x25x22
mesh,StaticMesh,/Game/UnrealBucket/Library/Weapon/Grenade/SM_Grenade.SM_Grenade,9x7x12
mesh,StaticMesh,/Game/UnrealBucket/Library/Weapon/Grenade/SM_Grenade_Body.SM_Grenade_Body,7x7x12
mesh,StaticMesh,/Game/UnrealBucket/Library/Weapon/Grenade/SM_Grenade_SafetyLever.SM_Grenade_SafetyLever,4x1x8
mesh,StaticMesh,/Game/UnrealBucket/Library/Weapon/Grenade/SM_Grenade_SafetyPin.SM_Grenade_SafetyPin,2x2x2
mesh,StaticMesh,/Game/UnrealBucket/Library/Weapon/Halberd/SM_Halberd.SM_Halberd,66x6x343
mesh,StaticMesh,/Game/UnrealBucket/Library/Weapon/MauserC96Pistol/SM_Bullet_A.SM_Bullet_A,1x1x5
mesh,StaticMesh,/Game/UnrealBucket/Library/Weapon/MauserC96Pistol/SM_Bullet_B.SM_Bullet_B,1x1x5
mesh,StaticMesh,/Game/UnrealBucket/Library/Weapon/MauserC96Pistol/SM_Bullet_Rail.SM_Bullet_Rail,2x1x14
mesh,StaticMesh,/Game/UnrealBucket/Library/Weapon/MauserC96Pistol/SM_Bullets.SM_Bullets,1x5x13
mesh,StaticMesh,/Game/UnrealBucket/Library/Weapon/MauserC96Pistol/SM_MauserC96_Pistol.SM_MauserC96_Pistol,5x40x24
mesh,StaticMesh,/Game/UnrealBucket/Library/Weapon/MauserC96Pistol/SM_MauserC96_Stock.SM_MauserC96_Stock,7x51x17
mesh,StaticMesh,/Game/UnrealBucket/Library/Weapon/ModularSwordsPack/Meshes/Blades/Longblades/Broken/SM_Blade_Broken_01.SM_Blade_Broken_01,4x1x36
mesh,StaticMesh,/Game/UnrealBucket/Library/Weapon/ModularSwordsPack/Meshes/Blades/Longblades/Broken/SM_Blade_Broken_02.SM_Blade_Broken_02,5x1x51
mesh,StaticMesh,/Game/UnrealBucket/Library/Weapon/ModularSwordsPack/Meshes/Blades/Longblades/Broken/SM_Blade_Broken_03.SM_Blade_Broken_03,5x1x41
mesh,StaticMesh,/Game/UnrealBucket/Library/Weapon/ModularSwordsPack/Meshes/Blades/Longblades/Broken/SM_Blade_Broken_04.SM_Blade_Broken_04,4x1x40
mesh,StaticMesh,/Game/UnrealBucket/Library/Weapon/ModularSwordsPack/Meshes/Blades/Longblades/Broken/SM_Blade_Broken_05.SM_Blade_Broken_05,5x1x38
mesh,StaticMesh,/Game/UnrealBucket/Library/Weapon/ModularSwordsPack/Meshes/Blades/Longblades/Broken/SM_Blade_Broken_06.SM_Blade_Broken_06,4x1x39
mesh,StaticMesh,/Game/UnrealBucket/Library/Weapon/ModularSwordsPack/Meshes/Blades/Longblades/Broken/SM_Blade_Broken_07.SM_Blade_Broken_07,4x1x54
mesh,StaticMesh,/Game/UnrealBucket/Library/Weapon/ModularSwordsPack/Meshes/Blades/Longblades/Broken/SM_Blade_Broken_08.SM_Blade_Broken_08,5x1x62
mesh,StaticMesh,/Game/UnrealBucket/Library/Weapon/ModularSwordsPack/Meshes/Blades/Longblades/Broken/SM_Blade_Broken_09.SM_Blade_Broken_09,6x1x49
mesh,StaticMesh,/Game/UnrealBucket/Library/Weapon/ModularSwordsPack/Meshes/Blades/Longblades/Broken/SM_Blade_Broken_10.SM_Blade_Broken_10,6x1x57
mesh,StaticMesh,/Game/UnrealBucket/Library/Weapon/ModularSwordsPack/Meshes/Blades/Longblades/Broken/SM_Blade_Broken_11.SM_Blade_Broken_11,5x1x39
mesh,StaticMesh,/Game/UnrealBucket/Library/Weapon/ModularSwordsPack/Meshes/Blades/Longblades/Broken/SM_Blade_Broken_12.SM_Blade_Broken_12,5x1x49
mesh,StaticMesh,/Game/UnrealBucket/Library/Weapon/ModularSwordsPack/Meshes/Blades/Longblades/Broken/SM_Blade_Broken_13.SM_Blade_Broken_13,7x1x41
mesh,StaticMesh,/Game/UnrealBucket/Library/Weapon/ModularSwordsPack/Meshes/Blades/Longblades/Broken/SM_Blade_Broken_14.SM_Blade_Broken_14,4x1x55
mesh,StaticMesh,/Game/UnrealBucket/Library/Weapon/ModularSwordsPack/Meshes/Blades/Longblades/Broken/SM_Blade_Broken_15.SM_Blade_Broken_15,5x1x65
mesh,StaticMesh,/Game/UnrealBucket/Library/Weapon/ModularSwordsPack/Meshes/Blades/Longblades/Complete/SM_Blade_01.SM_Blade_01,4x1x93
mesh,StaticMesh,/Game/UnrealBucket/Library/Weapon/ModularSwordsPack/Meshes/Blades/Longblades/Complete/SM_Blade_02.SM_Blade_02,5x1x93
mesh,StaticMesh,/Game/UnrealBucket/Library/Weapon/ModularSwordsPack/Meshes/Blades/Longblades/Complete/SM_Blade_03.SM_Blade_03,5x1x93
mesh,StaticMesh,/Game/UnrealBucket/Library/Weapon/ModularSwordsPack/Meshes/Blades/Longblades/Complete/SM_Blade_04.SM_Blade_04,4x1x96
mesh,StaticMesh,/Game/UnrealBucket/Library/Weapon/ModularSwordsPack/Meshes/Blades/Longblades/Complete/SM_Blade_05.SM_Blade_05,5x1x97
mesh,StaticMesh,/Game/UnrealBucket/Library/Weapon/ModularSwordsPack/Meshes/Blades/Longblades/Complete/SM_Blade_06.SM_Blade_06,4x1x93
mesh,StaticMesh,/Game/UnrealBucket/Library/Weapon/ModularSwordsPack/Meshes/Blades/Longblades/Complete/SM_Blade_07.SM_Blade_07,4x1x94
mesh,StaticMesh,/Game/UnrealBucket/Library/Weapon/ModularSwordsPack/Meshes/Blades/Longblades/Complete/SM_Blade_08.SM_Blade_08,5x1x93
mesh,StaticMesh,/Game/UnrealBucket/Library/Weapon/ModularSwordsPack/Meshes/Blades/Longblades/Complete/SM_Blade_09.SM_Blade_09,6x1x97
mesh,StaticMesh,/Game/UnrealBucket/Library/Weapon/ModularSwordsPack/Meshes/Blades/Longblades/Complete/SM_Blade_10.SM_Blade_10,6x1x98
mesh,StaticMesh,/Game/UnrealBucket/Library/Weapon/ModularSwordsPack/Meshes/Blades/Longblades/Complete/SM_Blade_11.SM_Blade_11,5x1x93
mesh,StaticMesh,/Game/UnrealBucket/Library/Weapon/ModularSwordsPack/Meshes/Blades/Longblades/Complete/SM_Blade_12.SM_Blade_12,5x1x90
mesh,StaticMesh,/Game/UnrealBucket/Library/Weapon/ModularSwordsPack/Meshes/Blades/Longblades/Complete/SM_Blade_13.SM_Blade_13,7x1x99
mesh,StaticMesh,/Game/UnrealBucket/Library/Weapon/ModularSwordsPack/Meshes/Blades/Longblades/Complete/SM_Blade_14.SM_Blade_14,4x1x94
mesh,StaticMesh,/Game/UnrealBucket/Library/Weapon/ModularSwordsPack/Meshes/Blades/Longblades/Complete/SM_Blade_15.SM_Blade_15,5x1x100
mesh,StaticMesh,/Game/UnrealBucket/Library/Weapon/ModularSwordsPack/Meshes/Blades/Shortblades/Broken/SM_Shortblade_Broken_01.SM_Shortblade_Broken_01,5x1x24
mesh,StaticMesh,/Game/UnrealBucket/Library/Weapon/ModularSwordsPack/Meshes/Blades/Shortblades/Broken/SM_Shortblade_Broken_02.SM_Shortblade_Broken_02,5x1x47
mesh,StaticMesh,/Game/UnrealBucket/Library/Weapon/ModularSwordsPack/Meshes/Blades/Shortblades/Broken/SM_Shortblade_Broken_03.SM_Shortblade_Broken_03,5x1x57
mesh,StaticMesh,/Game/UnrealBucket/Library/Weapon/ModularSwordsPack/Meshes/Blades/Shortblades/Broken/SM_Shortblade_Broken_04.SM_Shortblade_Broken_04,4x1x33
mesh,StaticMesh,/Game/UnrealBucket/Library/Weapon/ModularSwordsPack/Meshes/Blades/Shortblades/Complete/SM_Shortblade_01.SM_Shortblade_01,5x1x70
mesh,StaticMesh,/Game/UnrealBucket/Library/Weapon/ModularSwordsPack/Meshes/Blades/Shortblades/Complete/SM_Shortblade_02.SM_Shortblade_02,5x1x72
mesh,StaticMesh,/Game/UnrealBucket/Library/Weapon/ModularSwordsPack/Meshes/Blades/Shortblades/Complete/SM_Shortblade_03.SM_Shortblade_03,5x1x77
mesh,StaticMesh,/Game/UnrealBucket/Library/Weapon/ModularSwordsPack/Meshes/Blades/Shortblades/Complete/SM_Shortblade_04.SM_Shortblade_04,4x1x68
mesh,StaticMesh,/Game/UnrealBucket/Library/Weapon/ModularSwordsPack/Meshes/Crossguards/SM_Crossguard_1.SM_Crossguard_1,15x2x4
mesh,StaticMesh,/Game/UnrealBucket/Library/Weapon/ModularSwordsPack/Meshes/Crossguards/SM_Crossguard_10.SM_Crossguard_10,20x3x10
mesh,StaticMesh,/Game/UnrealBucket/Library/Weapon/ModularSwordsPack/Meshes/Crossguards/SM_Crossguard_11.SM_Crossguard_11,27x3x10
mesh,StaticMesh,/Game/UnrealBucket/Library/Weapon/ModularSwordsPack/Meshes/Crossguards/SM_Crossguard_12.SM_Crossguard_12,18x2x3
mesh,StaticMesh,/Game/UnrealBucket/Library/Weapon/ModularSwordsPack/Meshes/Crossguards/SM_Crossguard_13.SM_Crossguard_13,20x3x2
mesh,StaticMesh,/Game/UnrealBucket/Library/Weapon/ModularSwordsPack/Meshes/Crossguards/SM_Crossguard_14.SM_Crossguard_14,18x2x2
mesh,StaticMesh,/Game/UnrealBucket/Library/Weapon/ModularSwordsPack/Meshes/Crossguards/SM_Crossguard_15.SM_Crossguard_15,21x2x9
mesh,StaticMesh,/Game/UnrealBucket/Library/Weapon/ModularSwordsPack/Meshes/Crossguards/SM_Crossguard_16.SM_Crossguard_16,33x14x7
mesh,StaticMesh,/Game/UnrealBucket/Library/Weapon/ModularSwordsPack/Meshes/Crossguards/SM_Crossguard_17.SM_Crossguard_17,26x2x2
mesh,StaticMesh,/Game/UnrealBucket/Library/Weapon/ModularSwordsPack/Meshes/Crossguards/SM_Crossguard_18.SM_Crossguard_18,26x6x6
mesh,StaticMesh,/Game/UnrealBucket/Library/Weapon/ModularSwordsPack/Meshes/Crossguards/SM_Crossguard_19.SM_Crossguard_19,22x3x5
mesh,StaticMesh,/Game/UnrealBucket/Library/Weapon/ModularSwordsPack/Meshes/Crossguards/SM_Crossguard_2.SM_Crossguard_2,17x2x4
mesh,StaticMesh,/Game/UnrealBucket/Library/Weapon/ModularSwordsPack/Meshes/Crossguards/SM_Crossguard_20.SM_Crossguard_20,24x2x3
mesh,StaticMesh,/Game/UnrealBucket/Library/Weapon/ModularSwordsPack/Meshes/Crossguards/SM_Crossguard_3.SM_Crossguard_3,18x2x10
mesh,StaticMesh,/Game/UnrealBucket/Library/Weapon/ModularSwordsPack/Meshes/Crossguards/SM_Crossguard_4.SM_Crossguard_4,26x3x3
mesh,StaticMesh,/Game/UnrealBucket/Library/Weapon/ModularSwordsPack/Meshes/Crossguards/SM_Crossguard_5.SM_Crossguard_5,19x2x3
mesh,StaticMesh,/Game/UnrealBucket/Library/Weapon/ModularSwordsPack/Meshes/Crossguards/SM_Crossguard_6.SM_Crossguard_6,23x3x4
mesh,StaticMesh,/Game/UnrealBucket/Library/Weapon/ModularSwordsPack/Meshes/Crossguards/SM_Crossguard_7.SM_Crossguard_7,18x2x3
mesh,StaticMesh,/Game/UnrealBucket/Library/Weapon/ModularSwordsPack/Meshes/Crossguards/SM_Crossguard_8.SM_Crossguard_8,14x2x6
mesh,StaticMesh,/Game/UnrealBucket/Library/Weapon/ModularSwordsPack/Meshes/Crossguards/SM_Crossguard_9.SM_Crossguard_9,20x5x10
mesh,StaticMesh,/Game/UnrealBucket/Library/Weapon/ModularSwordsPack/Meshes/Grips/SM_Grip_01.SM_Grip_01,3x2x20
mesh,StaticMesh,/Game/UnrealBucket/Library/Weapon/ModularSwordsPack/Meshes/Grips/SM_Grip_02.SM_Grip_02,4x2x13
mesh,StaticMesh,/Game/UnrealBucket/Library/Weapon/ModularSwordsPack/Meshes/Grips/SM_Grip_03.SM_Grip_03,4x2x21
mesh,StaticMesh,/Game/UnrealBucket/Library/Weapon/ModularSwordsPack/Meshes/Grips/SM_Grip_04.SM_Grip_04,4x2x21
mesh,StaticMesh,/Game/UnrealBucket/Library/Weapon/ModularSwordsPack/Meshes/Grips/SM_Grip_05.SM_Grip_05,4x3x27
mesh,StaticMesh,/Game/UnrealBucket/Library/Weapon/ModularSwordsPack/Meshes/Grips/SM_Grip_06.SM_Grip_06,5x3x28
mesh,StaticMesh,/Game/UnrealBucket/Library/Weapon/ModularSwordsPack/Meshes/Grips/SM_Grip_07.SM_Grip_07,4x2x27
mesh,StaticMesh,/Game/UnrealBucket/Library/Weapon/ModularSwordsPack/Meshes/Grips/SM_Grip_08.SM_Grip_08,3x2x18
mesh,StaticMesh,/Game/UnrealBucket/Library/Weapon/ModularSwordsPack/Meshes/Pommels/SM_Pommel_01.SM_Pommel_01,6x4x7
mesh,StaticMesh,/Game/UnrealBucket/Library/Weapon/ModularSwordsPack/Meshes/Pommels/SM_Pommel_02.SM_Pommel_02,5x2x7
mesh,StaticMesh,/Game/UnrealBucket/Library/Weapon/ModularSwordsPack/Meshes/Pommels/SM_Pommel_03.SM_Pommel_03,5x3x12
mesh,StaticMesh,/Game/UnrealBucket/Library/Weapon/ModularSwordsPack/Meshes/Pommels/SM_Pommel_04.SM_Pommel_04,5x2x5
mesh,StaticMesh,/Game/UnrealBucket/Library/Weapon/ModularSwordsPack/Meshes/Pommels/SM_Pommel_05.SM_Pommel_05,7x2x6
mesh,StaticMesh,/Game/UnrealBucket/Library/Weapon/ModularSwordsPack/Meshes/Pommels/SM_Pommel_06.SM_Pommel_06,5x5x8
mesh,StaticMesh,/Game/UnrealBucket/Library/Weapon/ModularSwordsPack/Meshes/Pommels/SM_Pommel_07.SM_Pommel_07,4x2x6
mesh,StaticMesh,/Game/UnrealBucket/Library/Weapon/ModularSwordsPack/Meshes/Pommels/SM_Pommel_08.SM_Pommel_08,5x2x7
mesh,StaticMesh,/Game/UnrealBucket/Library/Weapon/ModularSwordsPack/Meshes/Pommels/SM_Pommel_09.SM_Pommel_09,4x4x6
mesh,StaticMesh,/Game/UnrealBucket/Library/Weapon/ModularSwordsPack/Meshes/Pommels/SM_Pommel_10.SM_Pommel_10,5x4x9
mesh,StaticMesh,/Game/UnrealBucket/Library/Weapon/ModularSwordsPack/Meshes/Pommels/SM_Pommel_11.SM_Pommel_11,6x3x6
mesh,StaticMesh,/Game/UnrealBucket/Library/Weapon/ModularSwordsPack/Meshes/Pommels/SM_Pommel_12.SM_Pommel_12,5x5x9
mesh,StaticMesh,/Game/UnrealBucket/Library/Weapon/ModularSwordsPack/Meshes/Pommels/SM_Pommel_13.SM_Pommel_13,5x3x8
mesh,StaticMesh,/Game/UnrealBucket/Library/Weapon/ModularSwordsPack/Meshes/Pommels/SM_Pommel_14.SM_Pommel_14,4x3x7
mesh,StaticMesh,/Game/UnrealBucket/Library/Weapon/ModularSwordsPack/Meshes/Pommels/SM_Pommel_15.SM_Pommel_15,5x4x9
mesh,StaticMesh,/Game/UnrealBucket/Library/Weapon/ModularSwordsPack/Meshes/Pommels/SM_Pommel_16.SM_Pommel_16,6x2x4
mesh,StaticMesh,/Game/UnrealBucket/Library/Weapon/Panzerfaust/SM_Panzerfaust.SM_Panzerfaust,15x104x15
mesh,StaticMesh,/Game/UnrealBucket/Library/Weapon/Panzerfaust/SM_Panzerfaust_Chest.SM_Panzerfaust_Chest,60x128x27
mesh,StaticMesh,/Game/UnrealBucket/Library/Weapon/Panzerfaust/SM_Panzerfaust_Chest_Base.SM_Panzerfaust_Chest_Base,62x132x24
mesh,StaticMesh,/Game/UnrealBucket/Library/Weapon/Panzerfaust/SM_Panzerfaust_Chest_Lid.SM_Panzerfaust_Chest_Lid,59x115x4
mesh,StaticMesh,/Game/UnrealBucket/Library/Weapon/Panzerfaust/SM_Panzerfaust_LauncherTube.SM_Panzerfaust_LauncherTube,5x81x10
mesh,StaticMesh,/Game/UnrealBucket/Library/Weapon/Panzerfaust/SM_Panzerfaust_Warhead.SM_Panzerfaust_Warhead,15x46x15
mesh,StaticMesh,/Game/UnrealBucket/Library/Weapon/Revolver/SM_Revolver.SM_Revolver,4x28x17
mesh,StaticMesh,/Game/UnrealBucket/Library/Weapon/Scabbards/Meshes/SM_Bottom_01.SM_Bottom_01,3x1x8
mesh,StaticMesh,/Game/UnrealBucket/Library/Weapon/Scabbards/Meshes/SM_Bottom_02.SM_Bottom_02,3x1x8
mesh,StaticMesh,/Game/UnrealBucket/Library/Weapon/Scabbards/Meshes/SM_Bottom_03.SM_Bottom_03,2x1x3
mesh,StaticMesh,/Game/UnrealBucket/Library/Weapon/Scabbards/Meshes/SM_Bottom_04.SM_Bottom_04,3x1x8
mesh,StaticMesh,/Game/UnrealBucket/Library/Weapon/Scabbards/Meshes/SM_LeatherBand.SM_LeatherBand,7x3x16
mesh,StaticMesh,/Game/UnrealBucket/Library/Weapon/Scabbards/Meshes/SM_Scabbard_Body.SM_Scabbard_Body,6x3x86
mesh,StaticMesh,/Game/UnrealBucket/Library/Weapon/Scabbards/Meshes/SM_Scabbard_Body_Short.SM_Scabbard_Body_Short,6x3x62
mesh,StaticMesh,/Game/UnrealBucket/Library/Weapon/Scabbards/Meshes/SM_Scabbard_Bottom.SM_Scabbard_Bottom,3x1x7
mesh,StaticMesh,/Game/UnrealBucket/Library/Weapon/Scabbards/Meshes/SM_Scabbard_Top.SM_Scabbard_Top,6x3x8
mesh,StaticMesh,/Game/UnrealBucket/Library/Weapon/Scabbards/Meshes/SM_Top_01.SM_Top_01,6x3x13
mesh,StaticMesh,/Game/UnrealBucket/Library/Weapon/Scabbards/Meshes/SM_Top_02.SM_Top_02,6x3x13
mesh,StaticMesh,/Game/UnrealBucket/Library/Weapon/Scabbards/Meshes/SM_Top_03.SM_Top_03,6x3x11
mesh,StaticMesh,/Game/UnrealBucket/Library/Weapon/Scabbards/Meshes/SM_Top_04.SM_Top_04,6x3x11
mesh,StaticMesh,/Game/UnrealBucket/Library/Weapon/Scabbards/Meshes/SM_Top_05.SM_Top_05,6x3x11
mesh,StaticMesh,/Game/UnrealBucket/Library/Weapon/Scabbards/Meshes/SM_Top_06.SM_Top_06,6x3x9
mesh,StaticMesh,/Game/UnrealBucket/Library/Weapon/Scabbards/Meshes/SM_Top_07.SM_Top_07,7x3x13
mesh,StaticMesh,/Game/UnrealBucket/Library/Weapon/Scabbards/Meshes/SM_Top_08.SM_Top_08,8x3x10
mesh,StaticMesh,/Game/Urban_Nomad/Demoscene/SM_Street_demo.SM_Street_demo,1415x1417x990
mesh,StaticMesh,/Game/VintageIndustrialWarehouseVol1Deprecated/Meshes/box1/SM_box1_v1.SM_box1_v1,77x77x77
mesh,StaticMesh,/Game/VintageIndustrialWarehouseVol1Deprecated/Meshes/box1/SM_box1_v1_open.SM_box1_v1_open,77x77x74
mesh,StaticMesh,/Game/VintageIndustrialWarehouseVol1Deprecated/Meshes/box1/SM_box1_v1_open_cap.SM_box1_v1_open_cap,77x77x6
mesh,StaticMesh,/Game/VintageIndustrialWarehouseVol1Deprecated/Meshes/box1/SM_box1_v2.SM_box1_v2,77x77x77
mesh,StaticMesh,/Game/VintageIndustrialWarehouseVol1Deprecated/Meshes/box1/SM_box1_v2_open.SM_box1_v2_open,77x77x74
mesh,StaticMesh,/Game/VintageIndustrialWarehouseVol1Deprecated/Meshes/box1/SM_box1_v2_open_cap.SM_box1_v2_open_cap,77x77x6
mesh,StaticMesh,/Game/VintageIndustrialWarehouseVol1Deprecated/Meshes/box1/SM_box1_v3.SM_box1_v3,77x77x77
mesh,StaticMesh,/Game/VintageIndustrialWarehouseVol1Deprecated/Meshes/box1/SM_box1_v3_open.SM_box1_v3_open,77x77x74
mesh,StaticMesh,/Game/VintageIndustrialWarehouseVol1Deprecated/Meshes/box1/SM_box1_v3_open_cap.SM_box1_v3_open_cap,77x77x6
mesh,StaticMesh,/Game/VintageIndustrialWarehouseVol1Deprecated/Meshes/box2/SM_box2_v1.SM_box2_v1,154x77x77
mesh,StaticMesh,/Game/VintageIndustrialWarehouseVol1Deprecated/Meshes/box2/SM_box2_v1_open.SM_box2_v1_open,153x77x74
mesh,StaticMesh,/Game/VintageIndustrialWarehouseVol1Deprecated/Meshes/box2/SM_box2_v1_open_cap.SM_box2_v1_open_cap,153x77x6
mesh,StaticMesh,/Game/VintageIndustrialWarehouseVol1Deprecated/Meshes/box2/SM_box2_v2.SM_box2_v2,153x77x77
mesh,StaticMesh,/Game/VintageIndustrialWarehouseVol1Deprecated/Meshes/box2/SM_box2_v2_open.SM_box2_v2_open,154x79x74
mesh,StaticMesh,/Game/VintageIndustrialWarehouseVol1Deprecated/Meshes/box2/SM_box2_v2_open_cap.SM_box2_v2_open_cap,153x79x6
mesh,StaticMesh,/Game/VintageIndustrialWarehouseVol1Deprecated/Meshes/box2/SM_box2_v3.SM_box2_v3,153x77x77
mesh,StaticMesh,/Game/VintageIndustrialWarehouseVol1Deprecated/Meshes/box2/SM_box2_v3_open.SM_box2_v3_open,153x79x74
mesh,StaticMesh,/Game/VintageIndustrialWarehouseVol1Deprecated/Meshes/box2/SM_box2_v3_open_cap.SM_box2_v3_open_cap,153x79x6
mesh,StaticMesh,/Game/VintageIndustrialWarehouseVol1Deprecated/Meshes/box2/SM_box2_v4.SM_box2_v4,154x77x77
mesh,StaticMesh,/Game/VintageIndustrialWarehouseVol1Deprecated/Meshes/box2/SM_box2_v4_open.SM_box2_v4_open,153x77x74
mesh,StaticMesh,/Game/VintageIndustrialWarehouseVol1Deprecated/Meshes/box2/SM_box2_v4_open_cap.SM_box2_v4_open_cap,154x77x6
mesh,StaticMesh,/Game/VintageIndustrialWarehouseVol1Deprecated/Meshes/box2/SM_box2_v5.SM_box2_v5,153x77x77
mesh,StaticMesh,/Game/VintageIndustrialWarehouseVol1Deprecated/Meshes/box2/SM_box2_v5_open.SM_box2_v5_open,153x77x74
mesh,StaticMesh,/Game/VintageIndustrialWarehouseVol1Deprecated/Meshes/box2/SM_box2_v5_open_cap.SM_box2_v5_open_cap,153x77x6
mesh,StaticMesh,/Game/VintageIndustrialWarehouseVol1Deprecated/Meshes/box2/SM_box2_v6.SM_box2_v6,153x77x77
mesh,StaticMesh,/Game/VintageIndustrialWarehouseVol1Deprecated/Meshes/box2/SM_box2_v6_open.SM_box2_v6_open,153x77x74
mesh,StaticMesh,/Game/VintageIndustrialWarehouseVol1Deprecated/Meshes/box2/SM_box2_v6_open_cap.SM_box2_v6_open_cap,153x77x6
mesh,StaticMesh,/Game/VintageIndustrialWarehouseVol1Deprecated/Meshes/box3/SM_box3_open_cap.SM_box3_open_cap,77x38x6
mesh,StaticMesh,/Game/VintageIndustrialWarehouseVol1Deprecated/Meshes/box3/SM_box3_v1.SM_box3_v1,77x38x53
mesh,StaticMesh,/Game/VintageIndustrialWarehouseVol1Deprecated/Meshes/box3/SM_box3_v1_open.SM_box3_v1_open,77x38x50
mesh,StaticMesh,/Game/VintageIndustrialWarehouseVol1Deprecated/Meshes/box3/SM_box3_v2.SM_box3_v2,77x38x53
mesh,StaticMesh,/Game/VintageIndustrialWarehouseVol1Deprecated/Meshes/box3/SM_box3_v2_open.SM_box3_v2_open,77x38x50
mesh,StaticMesh,/Game/VintageIndustrialWarehouseVol1Deprecated/Meshes/box3/SM_box3_v3.SM_box3_v3,77x38x53
mesh,StaticMesh,/Game/VintageIndustrialWarehouseVol1Deprecated/Meshes/box3/SM_box3_v3_open.SM_box3_v3_open,77x38x50
mesh,StaticMesh,/Game/VintageIndustrialWarehouseVol1Deprecated/Meshes/box4/SM_box4_v1.SM_box4_v1,54x39x24
mesh,StaticMesh,/Game/VintageIndustrialWarehouseVol1Deprecated/Meshes/box4/SM_box4_v1_cap.SM_box4_v1_cap,54x39x4
mesh,StaticMesh,/Game/VintageIndustrialWarehouseVol1Deprecated/Meshes/box4/SM_wooden_box4_v2.SM_wooden_box4_v2,54x39x24
mesh,StaticMesh,/Game/VintageIndustrialWarehouseVol1Deprecated/Meshes/box4/SM_wooden_box4_v2_cap.SM_wooden_box4_v2_cap,54x39x4
mesh,StaticMesh,/Game/VintageIndustrialWarehouseVol1Deprecated/Meshes/box4/SM_wooden_box4_v3.SM_wooden_box4_v3,53x40x25
mesh,StaticMesh,/Game/VintageIndustrialWarehouseVol1Deprecated/Meshes/box4/SM_wooden_box4_v3_cap.SM_wooden_box4_v3_cap,51x37x4
mesh,StaticMesh,/Game/VintageIndustrialWarehouseVol1Deprecated/Meshes/box4/SM_wooden_box4_v4.SM_wooden_box4_v4,53x39x25
mesh,StaticMesh,/Game/VintageIndustrialWarehouseVol1Deprecated/Meshes/box4/SM_wooden_box4_v4_cap.SM_wooden_box4_v4_cap,51x39x11
mesh,StaticMesh,/Game/VintageIndustrialWarehouseVol1Deprecated/Meshes/box4/SM_wooden_box4_v5.SM_wooden_box4_v5,56x38x24
mesh,StaticMesh,/Game/VintageIndustrialWarehouseVol1Deprecated/Meshes/box4/SM_wooden_box4_v5_cap.SM_wooden_box4_v5_cap,54x39x1
mesh,StaticMesh,/Game/VintageIndustrialWarehouseVol1Deprecated/Meshes/box4/SM_wooden_box4_v6.SM_wooden_box4_v6,56x38x25
mesh,StaticMesh,/Game/VintageIndustrialWarehouseVol1Deprecated/Meshes/box4/SM_wooden_box4_v6_cap.SM_wooden_box4_v6_cap,53x36x4
mesh,StaticMesh,/Game/VintageIndustrialWarehouseVol1Deprecated/Meshes/box4/SM_wooden_box4_v7.SM_wooden_box4_v7,56x40x25
mesh,StaticMesh,/Game/VintageIndustrialWarehouseVol1Deprecated/Meshes/box4/SM_wooden_box4_v7_cap.SM_wooden_box4_v7_cap,53x36x4
mesh,StaticMesh,/Game/VintageIndustrialWarehouseVol1Deprecated/Meshes/box4/SM_wooden_box4_v8.SM_wooden_box4_v8,53x38x25
mesh,StaticMesh,/Game/VintageIndustrialWarehouseVol1Deprecated/Meshes/box5/SM_wooden_box5_v1.SM_wooden_box5_v1,54x39x47
mesh,StaticMesh,/Game/VintageIndustrialWarehouseVol1Deprecated/Meshes/box5/SM_wooden_box5_v2.SM_wooden_box5_v2,53x38x47
mesh,StaticMesh,/Game/VintageIndustrialWarehouseVol1Deprecated/Meshes/box5/SM_wooden_box5_v2_cap.SM_wooden_box5_v2_cap,50x38x4
mesh,StaticMesh,/Game/VintageIndustrialWarehouseVol1Deprecated/Meshes/box5/SM_wooden_box5_v3.SM_wooden_box5_v3,53x38x48
mesh,StaticMesh,/Game/VintageIndustrialWarehouseVol1Deprecated/Meshes/box6/SM_wooden_box6_v1.SM_wooden_box6_v1,106x40x24
mesh,StaticMesh,/Game/VintageIndustrialWarehouseVol1Deprecated/Meshes/box6/SM_wooden_box6_v1_cap.SM_wooden_box6_v1_cap,106x38x3
mesh,StaticMesh,/Game/VintageIndustrialWarehouseVol1Deprecated/Meshes/box6/SM_wooden_box6_v1_handle.SM_wooden_box6_v1_handle,12x20x16
mesh,StaticMesh,/Game/VintageIndustrialWarehouseVol1Deprecated/Meshes/box6/SM_wooden_box6_v2.SM_wooden_box6_v2,107x40x23
mesh,StaticMesh,/Game/VintageIndustrialWarehouseVol1Deprecated/Meshes/box6/SM_wooden_box6_v2_cap.SM_wooden_box6_v2_cap,106x39x2
mesh,StaticMesh,/Game/VintageIndustrialWarehouseVol1Deprecated/Meshes/box6/SM_wooden_box6_v2_handle.SM_wooden_box6_v2_handle,8x18x11
mesh,StaticMesh,/Game/VintageIndustrialWarehouseVol1Deprecated/Meshes/box6/SM_wooden_box6_v3.SM_wooden_box6_v3,106x43x22
mesh,StaticMesh,/Game/VintageIndustrialWarehouseVol1Deprecated/Meshes/box6/SM_wooden_box6_v3_cap.SM_wooden_box6_v3_cap,107x43x2
mesh,StaticMesh,/Game/VintageIndustrialWarehouseVol1Deprecated/Meshes/pallets/SM_pallet1_v1.SM_pallet1_v1,94x96x12
mesh,StaticMesh,/Game/VintageIndustrialWarehouseVol1Deprecated/Meshes/pallets/SM_pallet1_v2.SM_pallet1_v2,178x94x12
mesh,StaticMesh,/Game/VintageIndustrialWarehouseVol1Deprecated/Meshes/pallets/SM_pallet2_v1.SM_pallet2_v1,94x94x12
mesh,StaticMesh,/Game/VintageIndustrialWarehouseVol1Deprecated/Meshes/pallets/SM_pallet2_v2.SM_pallet2_v2,177x94x12
mesh,StaticMesh,/Game/VintageIndustrialWarehouseVol1Deprecated/Meshes/rack1/SM_rack1_v1_cell0.SM_rack1_v1_cell0,59x42x30
mesh,StaticMesh,/Game/VintageIndustrialWarehouseVol1Deprecated/Meshes/rack1/SM_rack1_v1_cell1.SM_rack1_v1_cell1,59x42x30
mesh,StaticMesh,/Game/VintageIndustrialWarehouseVol1Deprecated/Meshes/rack1/SM_rack1_v1_cell2.SM_rack1_v1_cell2,59x42x30
mesh,StaticMesh,/Game/VintageIndustrialWarehouseVol1Deprecated/Meshes/rack1/SM_rack1_v2_cell0.SM_rack1_v2_cell0,59x42x30
mesh,StaticMesh,/Game/VintageIndustrialWarehouseVol1Deprecated/Meshes/rack1/SM_rack1_v2_cell1.SM_rack1_v2_cell1,59x43x30
mesh,StaticMesh,/Game/VintageIndustrialWarehouseVol1Deprecated/Meshes/rack1/SM_rack1_v2_cell2.SM_rack1_v2_cell2,59x42x30
mesh,StaticMesh,/Game/VintageIndustrialWarehouseVol1Deprecated/Meshes/rack1/SM_rack1_v3_cell0.SM_rack1_v3_cell0,59x42x30
mesh,StaticMesh,/Game/VintageIndustrialWarehouseVol1Deprecated/Meshes/rack1/SM_rack1_v3_cell1.SM_rack1_v3_cell1,59x42x30
mesh,StaticMesh,/Game/VintageIndustrialWarehouseVol1Deprecated/Meshes/rack1/SM_rack1_v3_cell2.SM_rack1_v3_cell2,59x42x30
mesh,StaticMesh,/Game/VintageIndustrialWarehouseVol1Deprecated/Meshes/rack1/SM_rack1_v4_cell0.SM_rack1_v4_cell0,59x42x30
mesh,StaticMesh,/Game/VintageIndustrialWarehouseVol1Deprecated/Meshes/rack1/SM_rack1_v4_cell1.SM_rack1_v4_cell1,59x42x30
mesh,StaticMesh,/Game/VintageIndustrialWarehouseVol1Deprecated/Meshes/rack1/SM_rack1_v4_cell2.SM_rack1_v4_cell2,59x42x30
mesh,StaticMesh,/Game/VintageIndustrialWarehouseVol1Deprecated/Meshes/rack2/SM_rack2_v1_cell0.SM_rack2_v1_cell0,84x43x59
mesh,StaticMesh,/Game/VintageIndustrialWarehouseVol1Deprecated/Meshes/rack2/SM_rack2_v1_cell1.SM_rack2_v1_cell1,84x43x59
mesh,StaticMesh,/Game/VintageIndustrialWarehouseVol1Deprecated/Meshes/rack2/SM_rack2_v1_cell2.SM_rack2_v1_cell2,84x43x59
mesh,StaticMesh,/Game/VintageIndustrialWarehouseVol1Deprecated/Meshes/rack2/SM_rack2_v2_cell0.SM_rack2_v2_cell0,84x43x59
mesh,StaticMesh,/Game/VintageIndustrialWarehouseVol1Deprecated/Meshes/rack2/SM_rack2_v2_cell1.SM_rack2_v2_cell1,84x43x59
mesh,StaticMesh,/Game/VintageIndustrialWarehouseVol1Deprecated/Meshes/rack2/SM_rack2_v2_cell2.SM_rack2_v2_cell2,84x43x59
mesh,StaticMesh,/Game/VintageIndustrialWarehouseVol1Deprecated/Meshes/rack2/SM_rack2_v3_cell0.SM_rack2_v3_cell0,84x43x59
mesh,StaticMesh,/Game/VintageIndustrialWarehouseVol1Deprecated/Meshes/rack2/SM_rack2_v3_cell1.SM_rack2_v3_cell1,84x43x59
mesh,StaticMesh,/Game/VintageIndustrialWarehouseVol1Deprecated/Meshes/rack2/SM_rack2_v3_cell2.SM_rack2_v3_cell2,84x43x59
mesh,StaticMesh,/Game/VintageIndustrialWarehouseVol1Deprecated/Meshes/rack2/SM_rack2_v4_cell0.SM_rack2_v4_cell0,84x43x59
mesh,StaticMesh,/Game/VintageIndustrialWarehouseVol1Deprecated/Meshes/rack2/SM_rack2_v4_cell1.SM_rack2_v4_cell1,84x43x59
mesh,StaticMesh,/Game/VintageIndustrialWarehouseVol1Deprecated/Meshes/rack2/SM_rack2_v4_cell2.SM_rack2_v4_cell2,84x43x59
mesh,StaticMesh,/Game/VintageIndustrialWarehouseVol1Deprecated/Meshes/rack3/SM_rack3_v1_cell0.SM_rack3_v1_cell0,194x96x118
mesh,StaticMesh,/Game/VintageIndustrialWarehouseVol1Deprecated/Meshes/rack3/SM_rack3_v1_cell1.SM_rack3_v1_cell1,194x96x118
mesh,StaticMesh,/Game/VintageIndustrialWarehouseVol1Deprecated/Meshes/rack3/SM_rack3_v1_cell2.SM_rack3_v1_cell2,194x96x118
mesh,StaticMesh,/Game/VintageIndustrialWarehouseVol1Deprecated/Meshes/rack3/SM_rack3_v2_cell0.SM_rack3_v2_cell0,194x96x118
mesh,StaticMesh,/Game/VintageIndustrialWarehouseVol1Deprecated/Meshes/rack3/SM_rack3_v2_cell1.SM_rack3_v2_cell1,194x96x118
mesh,StaticMesh,/Game/VintageIndustrialWarehouseVol1Deprecated/Meshes/rack3/SM_rack3_v2_cell2.SM_rack3_v2_cell2,194x96x118
mesh,StaticMesh,/Game/VintageIndustrialWarehouseVol1Deprecated/Meshes/rack4/SM_rack4_cell0.SM_rack4_cell0,111x43x35
mesh,StaticMesh,/Game/VintageIndustrialWarehouseVol1Deprecated/Meshes/rack4/SM_rack4_cell1.SM_rack4_cell1,111x43x29
mesh,StaticMesh,/Game/VintageIndustrialWarehouseVol1Deprecated/Meshes/rack4/SM_rack4_cell1_2.SM_rack4_cell1_2,110x42x29
mesh,StaticMesh,/Game/VintageIndustrialWarehouseVol1Deprecated/Meshes/rack4/SM_rack4_cell2.SM_rack4_cell2,111x43x5
mesh,StaticMesh,/Game/VintageIndustrialWarehouseVol1Deprecated/Meshes/ropes/SM_hanging_stand1_v1.SM_hanging_stand1_v1,24x143x49
mesh,StaticMesh,/Game/VintageIndustrialWarehouseVol1Deprecated/Meshes/ropes/SM_hanging_stand1_v2.SM_hanging_stand1_v2,85x286x53
mesh,StaticMesh,/Game/VintageIndustrialWarehouseVol1Deprecated/Meshes/ropes/SM_hanging_stand2_v1.SM_hanging_stand2_v1,24x142x49
mesh,StaticMesh,/Game/VintageIndustrialWarehouseVol1Deprecated/Meshes/ropes/SM_hanging_stand2_v2.SM_hanging_stand2_v2,84x286x54
mesh,StaticMesh,/Game/VintageIndustrialWarehouseVol1Deprecated/Meshes/ropes/SM_rope1_v1.SM_rope1_v1,97x5x82
mesh,StaticMesh,/Game/VintageIndustrialWarehouseVol1Deprecated/Meshes/ropes/SM_rope1_v2.SM_rope1_v2,178x5x82
mesh,StaticMesh,/Game/VintageIndustrialWarehouseVol1Deprecated/Meshes/ropes/SM_rope2_v1.SM_rope2_v1,71x97x114
mesh,StaticMesh,/Game/VintageIndustrialWarehouseVol1Deprecated/Meshes/ropes/SM_rope2_v2.SM_rope2_v2,71x178x114
mesh,StaticMesh,/Game/VintageIndustrialWarehouseVol1Deprecated/Meshes/ropes/SM_rope2_v3.SM_rope2_v3,97x71x114
mesh,StaticMesh,/Game/VintageIndustrialWarehouseVol1Deprecated/Meshes/ropes/SM_rope2_v4.SM_rope2_v4,178x66x114
mesh,StaticMesh,/Game/VintageIndustrialWarehouseVol1Deprecated/Meshes/ropes/SM_rope3_v1.SM_rope3_v1,60x97x114
mesh,StaticMesh,/Game/VintageIndustrialWarehouseVol1Deprecated/Meshes/ropes/SM_rope3_v2.SM_rope3_v2,60x179x114
mesh,StaticMesh,/Game/VintageIndustrialWarehouseVol1Deprecated/Meshes/ropes/SM_rope3_v3.SM_rope3_v3,97x60x114
mesh,StaticMesh,/Game/VintageIndustrialWarehouseVol1Deprecated/Meshes/ropes/SM_rope3_v4.SM_rope3_v4,181x70x114
mesh,StaticMesh,/Game/VintageIndustrialWarehouseVol1Deprecated/Meshes/ropes/SM_rope_hook_v1.SM_rope_hook_v1,6x10x131
mesh,StaticMesh,/Game/VintageIndustrialWarehouseVol1Deprecated/Meshes/ropes/SM_rope_hook_v2.SM_rope_hook_v2,7x45x131
mesh,StaticMesh,/Game/VintageIndustrialWarehouseVol1Deprecated/Meshes/ropes/SM_rope_hook_v3.SM_rope_hook_v3,7x122x130
mesh,StaticMesh,/Game/VintageIndustrialWarehouseVol1Deprecated/Meshes/ropes/SM_rope_loop.SM_rope_loop,6x5x17
mesh,StaticMesh,/Game/VintageIndustrialWarehouseVol1Deprecated/Meshes/tarpaulin/SM_tarpaulin1.SM_tarpaulin1,121x130x71
mesh,StaticMesh,/Game/VintageIndustrialWarehouseVol1Deprecated/Meshes/tarpaulin/SM_tarpaulin2.SM_tarpaulin2,194x123x73
mesh,StaticMesh,/Game/VintageIndustrialWarehouseVol1Deprecated/Meshes/tarpaulin/SM_tarpaulin3.SM_tarpaulin3,110x74x54
mesh,StaticMesh,/Game/VintageIndustrialWarehouseVol1Deprecated/Meshes/tarpaulin/SM_tarpaulin4.SM_tarpaulin4,158x151x161
mesh,StaticMesh,/Game/VintageIndustrialWarehouseVol1Deprecated/Meshes/tarpaulin/SM_tarpaulin5.SM_tarpaulin5,207x197x83
skeletal,SkeletalMesh,/Game/Characters/Mannequins/Meshes/SKM_Manny_Simple.SKM_Manny_Simple,
skeletal,SkeletalMesh,/Game/Characters/Mannequins/Meshes/SKM_Quinn_Simple.SKM_Quinn_Simple,
skeletal,SkeletalMesh,/Game/FreeAnimationLibrary/Demo/Characters/Mannequins/Meshes/SKM_Manny_Simple.SKM_Manny_Simple,
skeletal,SkeletalMesh,/Game/Handyman/Meshes/Full_bodies/SK_Handyman_full_ver1.SK_Handyman_full_ver1,
skeletal,SkeletalMesh,/Game/Handyman/Meshes/Full_bodies/SK_Handyman_full_ver2.SK_Handyman_full_ver2,
skeletal,SkeletalMesh,/Game/Handyman/Meshes/Full_bodies/SK_Handyman_full_ver3.SK_Handyman_full_ver3,
skeletal,SkeletalMesh,/Game/Handyman/Meshes/Full_bodies/SK_Handyman_full_ver4.SK_Handyman_full_ver4,
skeletal,SkeletalMesh,/Game/Handyman/Meshes/Modules/SK_Handyman_boots.SK_Handyman_boots,
skeletal,SkeletalMesh,/Game/Handyman/Meshes/Modules/SK_Handyman_cap.SK_Handyman_cap,
skeletal,SkeletalMesh,/Game/Handyman/Meshes/Modules/SK_Handyman_haircut.SK_Handyman_haircut,
skeletal,SkeletalMesh,/Game/Handyman/Meshes/Modules/SK_Handyman_head.SK_Handyman_head,
skeletal,SkeletalMesh,/Game/Handyman/Meshes/Modules/SK_Handyman_helmet.SK_Handyman_helmet,
skeletal,SkeletalMesh,/Game/Handyman/Meshes/Modules/SK_Handyman_overall.SK_Handyman_overall,
skeletal,SkeletalMesh,/Game/Handyman/Meshes/Modules/SK_Handyman_pants.SK_Handyman_pants,
skeletal,SkeletalMesh,/Game/Handyman/Meshes/Modules/SK_Handyman_shirt.SK_Handyman_shirt,
skeletal,SkeletalMesh,/Game/Handyman/Meshes/Modules/SK_Handyman_singlet.SK_Handyman_singlet,
skeletal,SkeletalMesh,/Game/Handyman/Meshes/Modules/SK_Handyman_toolbelt.SK_Handyman_toolbelt,
skeletal,SkeletalMesh,/Game/Megaplant_Library/Shrub_Greasewood/Instances/SKM_GW_Cluster_1.SKM_GW_Cluster_1,
skeletal,SkeletalMesh,/Game/Megaplant_Library/Shrub_Greasewood/Instances/SKM_GW_Cluster_10.SKM_GW_Cluster_10,
skeletal,SkeletalMesh,/Game/Megaplant_Library/Shrub_Greasewood/Instances/SKM_GW_Cluster_11.SKM_GW_Cluster_11,
skeletal,SkeletalMesh,/Game/Megaplant_Library/Shrub_Greasewood/Instances/SKM_GW_Cluster_12.SKM_GW_Cluster_12,
skeletal,SkeletalMesh,/Game/Megaplant_Library/Shrub_Greasewood/Instances/SKM_GW_Cluster_13.SKM_GW_Cluster_13,
skeletal,SkeletalMesh,/Game/Megaplant_Library/Shrub_Greasewood/Instances/SKM_GW_Cluster_2.SKM_GW_Cluster_2,
skeletal,SkeletalMesh,/Game/Megaplant_Library/Shrub_Greasewood/Instances/SKM_GW_Cluster_3.SKM_GW_Cluster_3,
skeletal,SkeletalMesh,/Game/Megaplant_Library/Shrub_Greasewood/Instances/SKM_GW_Cluster_4.SKM_GW_Cluster_4,
skeletal,SkeletalMesh,/Game/Megaplant_Library/Shrub_Greasewood/Instances/SKM_GW_Cluster_5.SKM_GW_Cluster_5,
skeletal,SkeletalMesh,/Game/Megaplant_Library/Shrub_Greasewood/Instances/SKM_GW_Cluster_6.SKM_GW_Cluster_6,
skeletal,SkeletalMesh,/Game/Megaplant_Library/Shrub_Greasewood/Instances/SKM_GW_Cluster_7.SKM_GW_Cluster_7,
skeletal,SkeletalMesh,/Game/Megaplant_Library/Shrub_Greasewood/Instances/SKM_GW_Cluster_8.SKM_GW_Cluster_8,
skeletal,SkeletalMesh,/Game/Megaplant_Library/Shrub_Greasewood/Instances/SKM_GW_Cluster_9.SKM_GW_Cluster_9,
skeletal,SkeletalMesh,/Game/Megaplant_Library/Shrub_Greasewood/Shrub_Greasewood_01/SK_Greasewood_01_A.SK_Greasewood_01_A,
skeletal,SkeletalMesh,/Game/Megaplant_Library/Shrub_Greasewood/Shrub_Greasewood_01/SK_Greasewood_01_B.SK_Greasewood_01_B,
skeletal,SkeletalMesh,/Game/Megaplant_Library/Shrub_Greasewood/Shrub_Greasewood_01/SK_Greasewood_01_C.SK_Greasewood_01_C,
skeletal,SkeletalMesh,/Game/Megaplant_Library/Shrub_Greasewood/Shrub_Greasewood_01/SK_Greasewood_01_D.SK_Greasewood_01_D,
skeletal,SkeletalMesh,/Game/Megaplant_Library/Tree_Baltic_Pine/Instances/SKM_Branch_Baltic_Pine_01.SKM_Branch_Baltic_Pine_01,
skeletal,SkeletalMesh,/Game/Megaplant_Library/Tree_Baltic_Pine/Instances/SKM_Branch_Baltic_Pine_02.SKM_Branch_Baltic_Pine_02,
skeletal,SkeletalMesh,/Game/Megaplant_Library/Tree_Baltic_Pine/Instances/SKM_Branch_Baltic_Pine_03.SKM_Branch_Baltic_Pine_03,
skeletal,SkeletalMesh,/Game/Megaplant_Library/Tree_Baltic_Pine/Instances/SKM_Branch_Baltic_Pine_04.SKM_Branch_Baltic_Pine_04,
skeletal,SkeletalMesh,/Game/Megaplant_Library/Tree_Baltic_Pine/Instances/SKM_Branch_Baltic_Pine_05.SKM_Branch_Baltic_Pine_05,
skeletal,SkeletalMesh,/Game/Megaplant_Library/Tree_Baltic_Pine/Instances/SKM_Branch_Baltic_Pine_Decay_01.SKM_Branch_Baltic_Pine_Decay_01,
skeletal,SkeletalMesh,/Game/Megaplant_Library/Tree_Baltic_Pine/Instances/SKM_Branch_Baltic_Pine_Decay_02.SKM_Branch_Baltic_Pine_Decay_02,
skeletal,SkeletalMesh,/Game/Megaplant_Library/Tree_Baltic_Pine/Instances/SKM_Branch_Baltic_Pine_Decay_03.SKM_Branch_Baltic_Pine_Decay_03,
skeletal,SkeletalMesh,/Game/Megaplant_Library/Tree_Baltic_Pine/Instances/SKM_Decoration_Baltic_Pine_05.SKM_Decoration_Baltic_Pine_05,
skeletal,SkeletalMesh,/Game/Megaplant_Library/Tree_Baltic_Pine/Instances/SKM_Decoration_Baltic_Pine_06.SKM_Decoration_Baltic_Pine_06,
skeletal,SkeletalMesh,/Game/Megaplant_Library/Tree_Baltic_Pine/Instances/SKM_Decoration_Baltic_Pine_07.SKM_Decoration_Baltic_Pine_07,
skeletal,SkeletalMesh,/Game/Megaplant_Library/Tree_Baltic_Pine/Instances/SKM_Decoration_Baltic_Pine_08.SKM_Decoration_Baltic_Pine_08,
skeletal,SkeletalMesh,/Game/Megaplant_Library/Tree_Baltic_Pine/Instances/SKM_Needle_Baltic_Pine_01.SKM_Needle_Baltic_Pine_01,
skeletal,SkeletalMesh,/Game/Megaplant_Library/Tree_Baltic_Pine/Instances/SKM_Needle_Baltic_Pine_02.SKM_Needle_Baltic_Pine_02,
skeletal,SkeletalMesh,/Game/Megaplant_Library/Tree_Baltic_Pine/Instances/SKM_Twig_Baltic_Pine_01.SKM_Twig_Baltic_Pine_01,
skeletal,SkeletalMesh,/Game/Megaplant_Library/Tree_Baltic_Pine/Instances/SKM_Twig_Baltic_Pine_02.SKM_Twig_Baltic_Pine_02,
skeletal,SkeletalMesh,/Game/Megaplant_Library/Tree_Baltic_Pine/Tree_Baltic_Pine_01/Tree_Baltic_Pine_01_A.Tree_Baltic_Pine_01_A,
skeletal,SkeletalMesh,/Game/Megaplant_Library/Tree_Baltic_Pine/Tree_Baltic_Pine_01/Tree_Baltic_Pine_01_B.Tree_Baltic_Pine_01_B,
skeletal,SkeletalMesh,/Game/Megaplant_Library/Tree_Baltic_Pine/Tree_Baltic_Pine_01/Tree_Baltic_Pine_01_C.Tree_Baltic_Pine_01_C,
skeletal,SkeletalMesh,/Game/Megaplant_Library/Tree_Baltic_Pine/Tree_Baltic_Pine_01/Tree_Baltic_Pine_01_D.Tree_Baltic_Pine_01_D,
skeletal,SkeletalMesh,/Game/Megaplant_Library/Tree_Common_Hazel/Instances/SKM_Branch_Common_Hazel_01.SKM_Branch_Common_Hazel_01,
skeletal,SkeletalMesh,/Game/Megaplant_Library/Tree_Common_Hazel/Instances/SKM_Branch_Common_Hazel_02.SKM_Branch_Common_Hazel_02,
skeletal,SkeletalMesh,/Game/Megaplant_Library/Tree_Common_Hazel/Instances/SKM_Branch_Common_Hazel_Dead_01.SKM_Branch_Common_Hazel_Dead_01,
skeletal,SkeletalMesh,/Game/Megaplant_Library/Tree_Common_Hazel/Instances/SKM_Branch_Common_Hazel_Dead_02.SKM_Branch_Common_Hazel_Dead_02,
skeletal,SkeletalMesh,/Game/Megaplant_Library/Tree_Common_Hazel/Instances/SKM_Branch_Common_Hazel_Nut_01.SKM_Branch_Common_Hazel_Nut_01,
skeletal,SkeletalMesh,/Game/Megaplant_Library/Tree_Common_Hazel/Instances/SKM_Branch_Common_Hazel_Up_01.SKM_Branch_Common_Hazel_Up_01,
skeletal,SkeletalMesh,/Game/Megaplant_Library/Tree_Common_Hazel/Instances/SKM_Branch_Common_Hazel_Up_02.SKM_Branch_Common_Hazel_Up_02,
skeletal,SkeletalMesh,/Game/Megaplant_Library/Tree_Common_Hazel/Instances/SKM_Leaf_Common_Hazel_01.SKM_Leaf_Common_Hazel_01,
skeletal,SkeletalMesh,/Game/Megaplant_Library/Tree_Common_Hazel/Instances/SKM_Leaf_Common_Hazel_02.SKM_Leaf_Common_Hazel_02,
skeletal,SkeletalMesh,/Game/Megaplant_Library/Tree_Common_Hazel/Instances/SKM_Leaf_Common_Hazel_05.SKM_Leaf_Common_Hazel_05,
skeletal,SkeletalMesh,/Game/Megaplant_Library/Tree_Common_Hazel/Instances/SKM_Leaf_Common_Hazel_06.SKM_Leaf_Common_Hazel_06,
skeletal,SkeletalMesh,/Game/Megaplant_Library/Tree_Common_Hazel/Instances/SKM_Leaf_Common_Hazel_09.SKM_Leaf_Common_Hazel_09,
skeletal,SkeletalMesh,/Game/Megaplant_Library/Tree_Common_Hazel/Instances/SKM_Twig_Common_Hazel_01.SKM_Twig_Common_Hazel_01,
skeletal,SkeletalMesh,/Game/Megaplant_Library/Tree_Common_Hazel/Instances/SKM_Twig_Common_Hazel_02.SKM_Twig_Common_Hazel_02,
skeletal,SkeletalMesh,/Game/Megaplant_Library/Tree_Common_Hazel/Tree_Common_Hazel_01/Tree_Common_Hazel_01_A.Tree_Common_Hazel_01_A,
skeletal,SkeletalMesh,/Game/Megaplant_Library/Tree_Common_Hazel/Tree_Common_Hazel_01/Tree_Common_Hazel_01_B.Tree_Common_Hazel_01_B,
skeletal,SkeletalMesh,/Game/Megaplant_Library/Tree_Common_Hazel/Tree_Common_Hazel_01/Tree_Common_Hazel_01_C.Tree_Common_Hazel_01_C,
skeletal,SkeletalMesh,/Game/Megaplant_Library/Tree_Common_Hazel/Tree_Common_Hazel_01/Tree_Common_Hazel_01_D.Tree_Common_Hazel_01_D,
skeletal,SkeletalMesh,/Game/Megaplant_Library/Tree_Dead_Pine/Instances/SKM_Bark_Dead_Pine_00.SKM_Bark_Dead_Pine_00,
skeletal,SkeletalMesh,/Game/Megaplant_Library/Tree_Dead_Pine/Instances/SKM_Bark_Dead_Pine_01.SKM_Bark_Dead_Pine_01,
skeletal,SkeletalMesh,/Game/Megaplant_Library/Tree_Dead_Pine/Instances/SKM_Bark_Dead_Pine_02.SKM_Bark_Dead_Pine_02,
skeletal,SkeletalMesh,/Game/Megaplant_Library/Tree_Dead_Pine/Instances/SKM_Bark_Dead_Pine_03.SKM_Bark_Dead_Pine_03,
skeletal,SkeletalMesh,/Game/Megaplant_Library/Tree_Dead_Pine/Instances/SKM_Bark_Dead_Pine_05.SKM_Bark_Dead_Pine_05,
skeletal,SkeletalMesh,/Game/Megaplant_Library/Tree_Dead_Pine/Instances/SKM_Bark_Dead_Pine_06.SKM_Bark_Dead_Pine_06,
skeletal,SkeletalMesh,/Game/Megaplant_Library/Tree_Dead_Pine/Instances/SKM_Branch_Dead_Pine_00.SKM_Branch_Dead_Pine_00,
skeletal,SkeletalMesh,/Game/Megaplant_Library/Tree_Dead_Pine/Instances/SKM_Branch_Dead_Pine_01.SKM_Branch_Dead_Pine_01,
skeletal,SkeletalMesh,/Game/Megaplant_Library/Tree_Dead_Pine/Instances/SKM_Branch_Dead_Pine_02.SKM_Branch_Dead_Pine_02,
skeletal,SkeletalMesh,/Game/Megaplant_Library/Tree_Dead_Pine/Instances/SKM_Branch_Dead_Pine_03.SKM_Branch_Dead_Pine_03,
skeletal,SkeletalMesh,/Game/Megaplant_Library/Tree_Dead_Pine/Instances/SKM_Branch_Dead_Pine_04.SKM_Branch_Dead_Pine_04,
skeletal,SkeletalMesh,/Game/Megaplant_Library/Tree_Dead_Pine/Instances/SKM_Branch_Dead_Pine_05.SKM_Branch_Dead_Pine_05,
skeletal,SkeletalMesh,/Game/Megaplant_Library/Tree_Dead_Pine/Instances/SKM_Branch_Dead_Pine_06.SKM_Branch_Dead_Pine_06,
skeletal,SkeletalMesh,/Game/Megaplant_Library/Tree_Dead_Pine/Instances/SKM_Branch_Dead_Pine_07.SKM_Branch_Dead_Pine_07,
skeletal,SkeletalMesh,/Game/Megaplant_Library/Tree_Dead_Pine/Instances/SKM_Branch_Dead_Pine_08.SKM_Branch_Dead_Pine_08,
skeletal,SkeletalMesh,/Game/Megaplant_Library/Tree_Dead_Pine/Instances/SKM_Branch_Dead_Pine_09.SKM_Branch_Dead_Pine_09,
skeletal,SkeletalMesh,/Game/Megaplant_Library/Tree_Dead_Pine/Instances/SKM_Branch_Dead_Pine_10.SKM_Branch_Dead_Pine_10,
skeletal,SkeletalMesh,/Game/Megaplant_Library/Tree_Dead_Pine/Tree_Dead_Pine_01/Tree_Dead_Pine_A.Tree_Dead_Pine_A,
skeletal,SkeletalMesh,/Game/Megaplant_Library/Tree_Dead_Pine/Tree_Dead_Pine_01/Tree_Dead_Pine_B.Tree_Dead_Pine_B,
skeletal,SkeletalMesh,/Game/Megaplant_Library/Tree_Dead_Pine/Tree_Dead_Pine_01/Tree_Dead_Pine_C.Tree_Dead_Pine_C,
skeletal,SkeletalMesh,/Game/Megaplant_Library/Tree_Dead_Pine/Tree_Dead_Pine_01/Tree_Dead_Pine_D.Tree_Dead_Pine_D,
skeletal,SkeletalMesh,/Game/Megaplant_Library/Tree_Dead_Pine/Tree_Dead_Pine_01/Tree_Dead_Pine_E.Tree_Dead_Pine_E,
skeletal,SkeletalMesh,/Game/Megaplant_Library/Tree_Ginkgo/Instances/SKM_Ginkgo_Branch_01.SKM_Ginkgo_Branch_01,
skeletal,SkeletalMesh,/Game/Megaplant_Library/Tree_Ginkgo/Instances/SKM_Ginkgo_Branch_02.SKM_Ginkgo_Branch_02,
skeletal,SkeletalMesh,/Game/Megaplant_Library/Tree_Ginkgo/Instances/SKM_Ginkgo_Branch_03.SKM_Ginkgo_Branch_03,
skeletal,SkeletalMesh,/Game/Megaplant_Library/Tree_Ginkgo/Instances/SKM_Ginkgo_Branch_04.SKM_Ginkgo_Branch_04,
skeletal,SkeletalMesh,/Game/Megaplant_Library/Tree_Ginkgo/Instances/SKM_Ginkgo_Branch_05.SKM_Ginkgo_Branch_05,
skeletal,SkeletalMesh,/Game/Megaplant_Library/Tree_Ginkgo/Instances/SKM_Ginkgo_Dead_Branch.SKM_Ginkgo_Dead_Branch,
skeletal,SkeletalMesh,/Game/Megaplant_Library/Tree_Ginkgo/Instances/SKM_Ginkgo_Spur_01.SKM_Ginkgo_Spur_01,
skeletal,SkeletalMesh,/Game/Megaplant_Library/Tree_Ginkgo/Instances/SKM_Ginkgo_Spur_02.SKM_Ginkgo_Spur_02,
skeletal,SkeletalMesh,/Game/Megaplant_Library/Tree_Ginkgo/Instances/SKM_Ginkgo_Spur_03.SKM_Ginkgo_Spur_03,
skeletal,SkeletalMesh,/Game/Megaplant_Library/Tree_Ginkgo/Instances/SKM_Ginkgo_Spur_04.SKM_Ginkgo_Spur_04,
skeletal,SkeletalMesh,/Game/Megaplant_Library/Tree_Ginkgo/Tree_Ginkgo_01/Tree_Ginkgo_01_A.Tree_Ginkgo_01_A,
skeletal,SkeletalMesh,/Game/Megaplant_Library/Tree_Ginkgo/Tree_Ginkgo_01/Tree_Ginkgo_01_B.Tree_Ginkgo_01_B,
skeletal,SkeletalMesh,/Game/Megaplant_Library/Tree_Ginkgo/Tree_Ginkgo_01/Tree_Ginkgo_01_C.Tree_Ginkgo_01_C,
skeletal,SkeletalMesh,/Game/Megaplant_Library/Tree_Ginkgo/Tree_Ginkgo_01/Tree_Ginkgo_01_D.Tree_Ginkgo_01_D,
skeletal,SkeletalMesh,/Game/Megaplant_Library/Tree_Japanese_Cypress/Instances/SKM_Japanese_Cypress_Decorations_01_A.SKM_Japanese_Cypress_Decorations_01_A,
skeletal,SkeletalMesh,/Game/Megaplant_Library/Tree_Japanese_Cypress/Instances/SKM_Japanese_Cypress_Decorations_01_B.SKM_Japanese_Cypress_Decorations_01_B,
skeletal,SkeletalMesh,/Game/Megaplant_Library/Tree_Japanese_Cypress/Instances/SKM_Japanese_Cypress_Decorations_01_C.SKM_Japanese_Cypress_Decorations_01_C,
skeletal,SkeletalMesh,/Game/Megaplant_Library/Tree_Japanese_Cypress/Instances/SKM_Japanese_Cypress_Decorations_01_D.SKM_Japanese_Cypress_Decorations_01_D,
skeletal,SkeletalMesh,/Game/Megaplant_Library/Tree_Japanese_Cypress/Instances/SKM_Japanese_Cypress_Decorations_01_E.SKM_Japanese_Cypress_Decorations_01_E,
skeletal,SkeletalMesh,/Game/Megaplant_Library/Tree_Japanese_Cypress/Instances/SKM_Tree_Japanese_Cypress_Branch_01.SKM_Tree_Japanese_Cypress_Branch_01,
skeletal,SkeletalMesh,/Game/Megaplant_Library/Tree_Japanese_Cypress/Instances/SKM_Tree_Japanese_Cypress_Branch_02.SKM_Tree_Japanese_Cypress_Branch_02,
skeletal,SkeletalMesh,/Game/Megaplant_Library/Tree_Japanese_Cypress/Instances/SKM_Tree_Japanese_Cypress_Branch_03.SKM_Tree_Japanese_Cypress_Branch_03,
skeletal,SkeletalMesh,/Game/Megaplant_Library/Tree_Japanese_Cypress/Instances/SKM_Tree_Japanese_Cypress_Branch_04.SKM_Tree_Japanese_Cypress_Branch_04,
skeletal,SkeletalMesh,/Game/Megaplant_Library/Tree_Japanese_Cypress/Instances/SKM_Tree_Japanese_Cypress_Branch_05.SKM_Tree_Japanese_Cypress_Branch_05,
skeletal,SkeletalMesh,/Game/Megaplant_Library/Tree_Japanese_Cypress/Instances/SKM_Tree_Japanese_Cypress_Branch_06.SKM_Tree_Japanese_Cypress_Branch_06,
skeletal,SkeletalMesh,/Game/Megaplant_Library/Tree_Japanese_Cypress/Tree_Japanese_Cypress_01/Tree_Japanese_Cypress_01_A.Tree_Japanese_Cypress_01_A,
skeletal,SkeletalMesh,/Game/Megaplant_Library/Tree_Japanese_Cypress/Tree_Japanese_Cypress_01/Tree_Japanese_Cypress_01_B.Tree_Japanese_Cypress_01_B,
skeletal,SkeletalMesh,/Game/Megaplant_Library/Tree_Japanese_Cypress/Tree_Japanese_Cypress_01/Tree_Japanese_Cypress_01_C.Tree_Japanese_Cypress_01_C,
skeletal,SkeletalMesh,/Game/Megaplant_Library/Tree_Japanese_Cypress/Tree_Japanese_Cypress_01/Tree_Japanese_Cypress_01_D.Tree_Japanese_Cypress_01_D,
skeletal,SkeletalMesh,/Game/Megaplant_Library/Tree_Japanese_Cypress/Tree_Japanese_Cypress_01/Tree_Japanese_Cypress_01_E.Tree_Japanese_Cypress_01_E,
skeletal,SkeletalMesh,/Game/Megaplant_Library/Tree_Japanese_Cypress/Tree_Japanese_Cypress_01/Tree_Japanese_Cypress_01_F.Tree_Japanese_Cypress_01_F,
skeletal,SkeletalMesh,/Game/Megaplant_Library/Tree_Japanese_Cypress/Tree_Japanese_Cypress_01/Tree_Japanese_Cypress_01_G.Tree_Japanese_Cypress_01_G,
skeletal,SkeletalMesh,/Game/Megaplant_Library/Tree_Norway_Spruce/Instances/SKM_Branch_Norway_Spruce_01.SKM_Branch_Norway_Spruce_01,
skeletal,SkeletalMesh,/Game/Megaplant_Library/Tree_Norway_Spruce/Instances/SKM_Branch_Norway_Spruce_02.SKM_Branch_Norway_Spruce_02,
skeletal,SkeletalMesh,/Game/Megaplant_Library/Tree_Norway_Spruce/Instances/SKM_Branch_Norway_Spruce_03.SKM_Branch_Norway_Spruce_03,
skeletal,SkeletalMesh,/Game/Megaplant_Library/Tree_Norway_Spruce/Instances/SKM_Branch_Norway_Spruce_04.SKM_Branch_Norway_Spruce_04,
skeletal,SkeletalMesh,/Game/Megaplant_Library/Tree_Norway_Spruce/Instances/SKM_Branch_Norway_Spruce_05.SKM_Branch_Norway_Spruce_05,
skeletal,SkeletalMesh,/Game/Megaplant_Library/Tree_Norway_Spruce/Instances/SKM_Branch_Norway_Spruce_06.SKM_Branch_Norway_Spruce_06,
skeletal,SkeletalMesh,/Game/Megaplant_Library/Tree_Norway_Spruce/Instances/SKM_Branch_Norway_Spruce_08.SKM_Branch_Norway_Spruce_08,
skeletal,SkeletalMesh,/Game/Megaplant_Library/Tree_Norway_Spruce/Instances/SKM_Branch_Norway_Spruce_09.SKM_Branch_Norway_Spruce_09,
skeletal,SkeletalMesh,/Game/Megaplant_Library/Tree_Norway_Spruce/Instances/SKM_Branch_Norway_Spruce_10.SKM_Branch_Norway_Spruce_10,
skeletal,SkeletalMesh,/Game/Megaplant_Library/Tree_Norway_Spruce/Instances/SKM_Branch_Norway_Spruce_11.SKM_Branch_Norway_Spruce_11,
skeletal,SkeletalMesh,/Game/Megaplant_Library/Tree_Norway_Spruce/Instances/SKM_Branch_Norway_Spruce_13.SKM_Branch_Norway_Spruce_13,
skeletal,SkeletalMesh,/Game/Megaplant_Library/Tree_Norway_Spruce/Instances/SKM_Branch_Norway_Spruce_Hanging_01.SKM_Branch_Norway_Spruce_Hanging_01,
skeletal,SkeletalMesh,/Game/Megaplant_Library/Tree_Norway_Spruce/Instances/SKM_Branch_Norway_Spruce_Hanging_02.SKM_Branch_Norway_Spruce_Hanging_02,
skeletal,SkeletalMesh,/Game/Megaplant_Library/Tree_Norway_Spruce/Instances/SKM_Branch_Norway_Spruce_Hanging_03.SKM_Branch_Norway_Spruce_Hanging_03,
skeletal,SkeletalMesh,/Game/Megaplant_Library/Tree_Norway_Spruce/Instances/SKM_Branch_Norway_Spruce_Top_01.SKM_Branch_Norway_Spruce_Top_01,
skeletal,SkeletalMesh,/Game/Megaplant_Library/Tree_Norway_Spruce/Instances/SKM_Branch_Norway_Spruce_Top_02.SKM_Branch_Norway_Spruce_Top_02,
skeletal,SkeletalMesh,/Game/Megaplant_Library/Tree_Norway_Spruce/Instances/SKM_Decoration_Norway_Spruce_01.SKM_Decoration_Norway_Spruce_01,
skeletal,SkeletalMesh,/Game/Megaplant_Library/Tree_Norway_Spruce/Instances/SKM_Decoration_Norway_Spruce_02.SKM_Decoration_Norway_Spruce_02,
skeletal,SkeletalMesh,/Game/Megaplant_Library/Tree_Norway_Spruce/Instances/SKM_Decoration_Norway_Spruce_03.SKM_Decoration_Norway_Spruce_03,
skeletal,SkeletalMesh,/Game/Megaplant_Library/Tree_Norway_Spruce/Instances/SKM_Decoration_Norway_Spruce_04.SKM_Decoration_Norway_Spruce_04,
skeletal,SkeletalMesh,/Game/Megaplant_Library/Tree_Norway_Spruce/Instances/SKM_Decoration_Norway_Spruce_05.SKM_Decoration_Norway_Spruce_05,
skeletal,SkeletalMesh,/Game/Megaplant_Library/Tree_Norway_Spruce/Instances/SKM_Decoration_Norway_Spruce_06.SKM_Decoration_Norway_Spruce_06,
skeletal,SkeletalMesh,/Game/Megaplant_Library/Tree_Norway_Spruce/Instances/SKM_Decoration_Norway_Spruce_07.SKM_Decoration_Norway_Spruce_07,
skeletal,SkeletalMesh,/Game/Megaplant_Library/Tree_Norway_Spruce/Instances/SKM_Decoration_Norway_Spruce_08.SKM_Decoration_Norway_Spruce_08,
skeletal,SkeletalMesh,/Game/Megaplant_Library/Tree_Norway_Spruce/Instances/SKM_Decoration_Norway_Spruce_09.SKM_Decoration_Norway_Spruce_09,
skeletal,SkeletalMesh,/Game/Megaplant_Library/Tree_Norway_Spruce/Instances/SKM_Decoration_Norway_Spruce_10.SKM_Decoration_Norway_Spruce_10,
skeletal,SkeletalMesh,/Game/Megaplant_Library/Tree_Norway_Spruce/Instances/SKM_Twig_Norway_Spruce_01.SKM_Twig_Norway_Spruce_01,
skeletal,SkeletalMesh,/Game/Megaplant_Library/Tree_Norway_Spruce/Instances/SKM_Twig_Norway_Spruce_02.SKM_Twig_Norway_Spruce_02,
skeletal,SkeletalMesh,/Game/Megaplant_Library/Tree_Norway_Spruce/Instances/SKM_Twig_Norway_Spruce_03.SKM_Twig_Norway_Spruce_03,
skeletal,SkeletalMesh,/Game/Megaplant_Library/Tree_Norway_Spruce/Instances/SKM_Twig_Norway_Spruce_04.SKM_Twig_Norway_Spruce_04,
skeletal,SkeletalMesh,/Game/Megaplant_Library/Tree_Norway_Spruce/Instances/SKM_Twig_Norway_Spruce_05.SKM_Twig_Norway_Spruce_05,
skeletal,SkeletalMesh,/Game/Megaplant_Library/Tree_Norway_Spruce/Instances/SKM_Twig_Norway_Spruce_06.SKM_Twig_Norway_Spruce_06,
skeletal,SkeletalMesh,/Game/Megaplant_Library/Tree_Norway_Spruce/Instances/SKM_Twig_Norway_Spruce_07.SKM_Twig_Norway_Spruce_07,
skeletal,SkeletalMesh,/Game/Megaplant_Library/Tree_Norway_Spruce/Instances/SKM_Twig_Norway_Spruce_Dead_01.SKM_Twig_Norway_Spruce_Dead_01,
skeletal,SkeletalMesh,/Game/Megaplant_Library/Tree_Norway_Spruce/Instances/SKM_Twig_Norway_Spruce_Dead_02.SKM_Twig_Norway_Spruce_Dead_02,
skeletal,SkeletalMesh,/Game/Megaplant_Library/Tree_Norway_Spruce/Instances/SKM_Twig_Norway_Spruce_Dead_03.SKM_Twig_Norway_Spruce_Dead_03,
skeletal,SkeletalMesh,/Game/Megaplant_Library/Tree_Norway_Spruce/Tree_Norway_Spruce_01/Tree_Norway_Spruce_01_A.Tree_Norway_Spruce_01_A,
skeletal,SkeletalMesh,/Game/Megaplant_Library/Tree_Norway_Spruce/Tree_Norway_Spruce_01/Tree_Norway_Spruce_01_B.Tree_Norway_Spruce_01_B,
skeletal,SkeletalMesh,/Game/Megaplant_Library/Tree_Norway_Spruce/Tree_Norway_Spruce_01/Tree_Norway_Spruce_01_C.Tree_Norway_Spruce_01_C,
skeletal,SkeletalMesh,/Game/Megaplant_Library/Tree_Norway_Spruce/Tree_Norway_Spruce_01/Tree_Norway_Spruce_01_D.Tree_Norway_Spruce_01_D,
skeletal,SkeletalMesh,/Game/Robot_scout_R_21/Mesh/SK_Robot_scout_R21.SK_Robot_scout_R21,
skeletal,SkeletalMesh,/Game/UnrealBucket/Library/Weapon/MauserC96Pistol/Animations/SK_MauserC96Pistol.SK_MauserC96Pistol,
skeletal,SkeletalMesh,/Game/UnrealBucket/Library/Weapon/Revolver/SK_Revolver.SK_Revolver,
skeletal,SkeletalMesh,/Game/Urban_Nomad/Mesh/SKM_Urban_Nomad.SKM_Urban_Nomad,
sound,SoundWave,/Game/DARC/Imported/Sounds/Loops/S_487869_bendrain_footsteps_dirt_single_04.S_487869_bendrain_footsteps_dirt_single_04,0.500000
sound,SoundWave,/Game/DARC/Imported/Sounds/Loops/S_513509_martian_sci_fi_ambient_stern_calm_int.S_513509_martian_sci_fi_ambient_stern_calm_int,29.724667
sound,SoundWave,/Game/DARC/Imported/Sounds/Loops/S_573189_inspectorj_computer_glitching_digital_data_corruption_02_04_loop.S_573189_inspectorj_computer_glitching_digital_data_corruption_02_04_loop,1.736100
sound,SoundWave,/Game/DARC/Imported/Sounds/Loops/S_614812_szegvari_green_field_myst_dreamlike_dream_fantasy_female_men_choir_drone_synth_cinematic_atmo.S_614812_szegvari_green_field_myst_dreamlike_dream_fantasy_female_men_choir_drone_synth_cinematic_atmo,92.000000
sound,SoundWave,/Game/DARC/Imported/Sounds/Loops/S_617456_x3nus_purgatory_ambient.S_617456_x3nus_purgatory_ambient,172.199997
sound,SoundWave,/Game/DARC/Imported/Sounds/Loops/S_661998_klankbeeld_roomtone_living_kitchen_1839_220811_0494.S_661998_klankbeeld_roomtone_living_kitchen_1839_220811_0494,67.318085
sound,SoundWave,/Game/DARC/Imported/Sounds/Loops/S_678365_msx2plus_ambient_dark_lofi_loop.S_678365_msx2plus_ambient_dark_lofi_loop,126.873413
sound,SoundWave,/Game/DARC/Imported/Sounds/Loops/S_798361_theeinfernalpractice_hollowed_out_ambient.S_798361_theeinfernalpractice_hollowed_out_ambient,542.603882
sound,SoundWave,/Game/DARC/Imported/Sounds/Loops/S_freesound_community_ambience_night_field_cricket_01_7015.S_freesound_community_ambience_night_field_cricket_01_7015,60.192001
sound,SoundWave,/Game/DARC/Imported/Sounds/Loops/S_freesound_community_room_tone_42_74466.S_freesound_community_room_tone_42_74466,60.408001
sound,SoundWave,/Game/DARC/Imported/Sounds/Loops/S_freesound_community_room_tone_hall_empy_space_elevator_heavy_air_19309.S_freesound_community_room_tone_hall_empy_space_elevator_heavy_air_19309,449.880005
sound,SoundWave,/Game/DARC/Imported/Sounds/Loops/S_freesound_community_room_tone_office_12_59350.S_freesound_community_room_tone_office_12_59350,134.712006
sound,SoundWave,/Game/DARC/Imported/Sounds/Loops/S_freesound_community_server_room_atmos_64145.S_freesound_community_server_room_atmos_64145,62.088001
sound,SoundWave,/Game/DARC/Imported/Sounds/Loops/S_liecio_light_rain_109591.S_liecio_light_rain_109591,104.359184
sound,SoundWave,/Game/DARC/Imported/Sounds/Loops/S_soundreality_civil_defense_siren_128262.S_soundreality_civil_defense_siren_128262,57.023998
sound,SoundWave,/Game/DARC/Imported/Sounds/Loops/S_soundreality_civil_defense_siren_128262_1.S_soundreality_civil_defense_siren_128262_1,57.023998
sound,SoundWave,/Game/DARC/Imported/Sounds/Loops/S_soundsforyou_wind_in_trees_117477.S_soundsforyou_wind_in_trees_117477,147.931427
sound,SoundWave,/Game/DARC/Imported/Sounds/S_110099_ronaldvanwonderen_heavy_footstep.S_110099_ronaldvanwonderen_heavy_footstep,0.135692
sound,SoundWave,/Game/DARC/Imported/Sounds/S_110100_ronaldvanwonderen_heavy_footstep_wood_3.S_110100_ronaldvanwonderen_heavy_footstep_wood_3,0.123356
sound,SoundWave,/Game/DARC/Imported/Sounds/S_110101_ronaldvanwonderen_heavy_wood_footstep_2.S_110101_ronaldvanwonderen_heavy_wood_footstep_2,0.111020
sound,SoundWave,/Game/DARC/Imported/Sounds/S_118231_joedeshon_hotel_room_door_closing.S_118231_joedeshon_hotel_room_door_closing,0.495442
sound,SoundWave,/Game/DARC/Imported/Sounds/S_125957_ryding_opening_a_creaking_door.S_125957_ryding_opening_a_creaking_door,3.676854
sound,SoundWave,/Game/DARC/Imported/Sounds/S_131268_timbre_lpc10_artifact.S_131268_timbre_lpc10_artifact,1.167143
sound,SoundWave,/Game/DARC/Imported/Sounds/S_131599_echocinematics_kill_switch_large_breaker_switch.S_131599_echocinematics_kill_switch_large_breaker_switch,2.282667
sound,SoundWave,/Game/DARC/Imported/Sounds/S_132108_miastodzwiekow_111022_street_music.S_132108_miastodzwiekow_111022_street_music,269.093079
sound,SoundWave,/Game/DARC/Imported/Sounds/S_138329_tdude9000_footstep_onleaves.S_138329_tdude9000_footstep_onleaves,0.957708
sound,SoundWave,/Game/DARC/Imported/Sounds/S_147798_joshun_data_terminal_input.S_147798_joshun_data_terminal_input,1.176508
sound,SoundWave,/Game/DARC/Imported/Sounds/S_148307_timbre_24_bit_experiment_in_5_1_remix_timbre_110166.S_148307_timbre_24_bit_experiment_in_5_1_remix_timbre_110166,17.947666
sound,SoundWave,/Game/DARC/Imported/Sounds/S_152878_metrosoundbcn_emergency_door_open.S_152878_metrosoundbcn_emergency_door_open,0.435556
sound,SoundWave,/Game/DARC/Imported/Sounds/S_15427_lg_fax.S_15427_lg_fax,9.962449
sound,SoundWave,/Game/DARC/Imported/Sounds/S_157335_theyoungphilosopher_engine_shutdown.S_157335_theyoungphilosopher_engine_shutdown,10.843719
sound,SoundWave,/Game/DARC/Imported/Sounds/S_166509_yoyodaman234_concrete_footstep_1.S_166509_yoyodaman234_concrete_footstep_1,0.525215
sound,SoundWave,/Game/DARC/Imported/Sounds/S_167075_drminky_slime_land.S_167075_drminky_slime_land,0.226406
sound,SoundWave,/Game/DARC/Imported/Sounds/S_172960_qubodup_jump_landing_remix_mentalsanityoffs_jumping_148796.S_172960_qubodup_jump_landing_remix_mentalsanityoffs_jumping_148796,0.455031
sound,SoundWave,/Game/DARC/Imported/Sounds/S_192172_phatkatz4_quick_overe_here_edit.S_192172_phatkatz4_quick_overe_here_edit,0.675375
sound,SoundWave,/Game/DARC/Imported/Sounds/S_204032_duckduckpony_footsteps_water_light_005.S_204032_duckduckpony_footsteps_water_light_005,0.826875
sound,SoundWave,/Game/DARC/Imported/Sounds/S_244425_aiyumi_creaking_door_open01.S_244425_aiyumi_creaking_door_open01,1.070354
sound,SoundWave,/Game/DARC/Imported/Sounds/S_252712_jrosin_sorry_whisper_male.S_252712_jrosin_sorry_whisper_male,0.550000
sound,SoundWave,/Game/DARC/Imported/Sounds/S_256513_hunter4708_knock_on_the_door.S_256513_hunter4708_knock_on_the_door,7.000000
sound,SoundWave,/Game/DARC/Imported/Sounds/S_265391_b_lamerichs_sound_effects_01_03_2015_5_footsteps_1.S_265391_b_lamerichs_sound_effects_01_03_2015_5_footsteps_1,0.186145
sound,SoundWave,/Game/DARC/Imported/Sounds/S_266682_wjtaylor_door_close.S_266682_wjtaylor_door_close,0.679184
sound,SoundWave,/Game/DARC/Imported/Sounds/S_318968_djm62_successarpeggio.S_318968_djm62_successarpeggio,0.380227
sound,SoundWave,/Game/DARC/Imported/Sounds/S_320144_owlstorm_blanket_movement_6.S_320144_owlstorm_blanket_movement_6,1.155533
sound,SoundWave,/Game/DARC/Imported/Sounds/S_321503_viertelnachvier_hard_disk_drive_seagate_1999.S_321503_viertelnachvier_hard_disk_drive_seagate_1999,134.788391
sound,SoundWave,/Game/DARC/Imported/Sounds/S_32646_carrigsound_step_9.S_32646_carrigsound_step_9,0.487708
sound,SoundWave,/Game/DARC/Imported/Sounds/S_346560_def_switch_3.S_346560_def_switch_3,1.309955
sound,SoundWave,/Game/DARC/Imported/Sounds/S_364658_original_sound_notification.S_364658_original_sound_notification,2.000000
sound,SoundWave,/Game/DARC/Imported/Sounds/S_370367_lilmati_step_on_dirt.S_370367_lilmati_step_on_dirt,0.287347
sound,SoundWave,/Game/DARC/Imported/Sounds/S_371009_theshuggie_doorscan.S_371009_theshuggie_doorscan,1.187500
sound,SoundWave,/Game/DARC/Imported/Sounds/S_371190_plutoniumisotop_lock.S_371190_plutoniumisotop_lock,0.461542
sound,SoundWave,/Game/DARC/Imported/Sounds/S_379976_morganpurkis_inserting_shell.S_379976_morganpurkis_inserting_shell,0.261361
sound,SoundWave,/Game/DARC/Imported/Sounds/S_384880_ali_6868_right_gravel_footstep_5.S_384880_ali_6868_right_gravel_footstep_5,0.571859
sound,SoundWave,/Game/DARC/Imported/Sounds/S_384890_ali_6868_knight_right_footstep_on_gravel_5_with_chainmail.S_384890_ali_6868_knight_right_footstep_on_gravel_5_with_chainmail,0.513537
sound,SoundWave,/Game/DARC/Imported/Sounds/S_386525_glennm_right_foot_stone.S_386525_glennm_right_foot_stone,0.221111
sound,SoundWave,/Game/DARC/Imported/Sounds/S_386530_glennm_breathing_heavy.S_386530_glennm_breathing_heavy,4.356349
sound,SoundWave,/Game/DARC/Imported/Sounds/S_38872_swuing_footstep_carpet.S_38872_swuing_footstep_carpet,0.311066
sound,SoundWave,/Game/DARC/Imported/Sounds/S_390762_d00121058_fx_007_footstep_tile_l.S_390762_d00121058_fx_007_footstep_tile_l,0.250000
sound,SoundWave,/Game/DARC/Imported/Sounds/S_391551_2create_movement.S_391551_2create_movement,1.200000
sound,SoundWave,/Game/DARC/Imported/Sounds/S_392490_juand20_agacharse.S_392490_juand20_agacharse,0.376780
sound,SoundWave,/Game/DARC/Imported/Sounds/S_393021_josecruz98_personaje_se_arrodilla.S_393021_josecruz98_personaje_se_arrodilla,1.224581
sound,SoundWave,/Game/DARC/Imported/Sounds/S_419023_jacco18_acess_denied_buzz.S_419023_jacco18_acess_denied_buzz,0.309342
sound,SoundWave,/Game/DARC/Imported/Sounds/S_421151_giocosound_footstep_metal_crouch_5.S_421151_giocosound_footstep_metal_crouch_5,0.430667
sound,SoundWave,/Game/DARC/Imported/Sounds/S_436574_fullmetaljedi_whistle_processed_reversed.S_436574_fullmetaljedi_whistle_processed_reversed,16.775959
sound,SoundWave,/Game/DARC/Imported/Sounds/S_455324_rambler52_heavy_door_creaking_05.S_455324_rambler52_heavy_door_creaking_05,3.840000
sound,SoundWave,/Game/DARC/Imported/Sounds/S_456433_mycompasstv_old_rotary_phone_ringing_western_electric_bell_500_phone.S_456433_mycompasstv_old_rotary_phone_ringing_western_electric_bell_500_phone,60.473469
sound,SoundWave,/Game/DARC/Imported/Sounds/S_458376_detamine_bag_05.S_458376_detamine_bag_05,0.813333
sound,SoundWave,/Game/DARC/Imported/Sounds/S_458458_prometheus888_creak3.S_458458_prometheus888_creak3,0.999637
sound,SoundWave,/Game/DARC/Imported/Sounds/S_467614_triqystudio_dropitem.S_467614_triqystudio_dropitem,0.348912
sound,SoundWave,/Game/DARC/Imported/Sounds/S_477357_nuff3_steps_tile_3a.S_477357_nuff3_steps_tile_3a,0.555556
sound,SoundWave,/Game/DARC/Imported/Sounds/S_477395_nuff3_steps_dirt_3a.S_477395_nuff3_steps_dirt_3a,0.374853
sound,SoundWave,/Game/DARC/Imported/Sounds/S_477641_joao_janz_power_cord_unplug_1_2.S_477641_joao_janz_power_cord_unplug_1_2,0.678771
sound,SoundWave,/Game/DARC/Imported/Sounds/S_478051_deleted_user_10023915_land1.S_478051_deleted_user_10023915_land1,0.413787
sound,SoundWave,/Game/DARC/Imported/Sounds/S_481786_crinkem_metallic_creak.S_481786_crinkem_metallic_creak,0.396576
sound,SoundWave,/Game/DARC/Imported/Sounds/S_488534_ranner_ui_click.S_488534_ranner_ui_click,0.599864
sound,SoundWave,/Game/DARC/Imported/Sounds/S_489940_falcospizaetus_leavesrustlingfast06.S_489940_falcospizaetus_leavesrustlingfast06,0.580499
sound,SoundWave,/Game/DARC/Imported/Sounds/S_49019_datsimdude_ultraglitchofdylans.S_49019_datsimdude_ultraglitchofdylans,27.793016
sound,SoundWave,/Game/DARC/Imported/Sounds/S_512138_beezlefm_item_sound.S_512138_beezlefm_item_sound,0.079365
sound,SoundWave,/Game/DARC/Imported/Sounds/S_517143_wdomino_footsteps_leaves_4.S_517143_wdomino_footsteps_leaves_4,0.551271
sound,SoundWave,/Game/DARC/Imported/Sounds/S_520086_szegvari_voice_radio_interference_mastered.S_520086_szegvari_voice_radio_interference_mastered,5.238667
sound,SoundWave,/Game/DARC/Imported/Sounds/S_528263_magnuswaker_pound_of_flesh_2.S_528263_magnuswaker_pound_of_flesh_2,0.456094
sound,SoundWave,/Game/DARC/Imported/Sounds/S_557401_jarhead123_leather_bag_cloth_movement_5.S_557401_jarhead123_leather_bag_cloth_movement_5,0.658662
sound,SoundWave,/Game/DARC/Imported/Sounds/S_558121_abdrtar_error.S_558121_abdrtar_error,0.200000
sound,SoundWave,/Game/DARC/Imported/Sounds/S_558969_sandb1ns_fluorescent_lightbulb_break.S_558969_sandb1ns_fluorescent_lightbulb_break,2.915604
sound,SoundWave,/Game/DARC/Imported/Sounds/S_563614_newlocknew_shaking_glitchnoisy4lrsmltprcssng.S_563614_newlocknew_shaking_glitchnoisy4lrsmltprcssng,1.151896
sound,SoundWave,/Game/DARC/Imported/Sounds/S_572555_cookiespolicy_nattys_ident_80s_logo_sting.S_572555_cookiespolicy_nattys_ident_80s_logo_sting,20.004854
sound,SoundWave,/Game/DARC/Imported/Sounds/S_584189_unfa_ui_zoom_out.S_584189_unfa_ui_zoom_out,1.029208
sound,SoundWave,/Game/DARC/Imported/Sounds/S_60444_jobro_tada2.S_60444_jobro_tada2,3.437506
sound,SoundWave,/Game/DARC/Imported/Sounds/S_624890_pancake128_footstep_metal.S_624890_pancake128_footstep_metal,0.485042
sound,SoundWave,/Game/DARC/Imported/Sounds/S_637583_kyles_gate_big_rusty_metal_door_garage_open_heavy_creak_rattle.S_637583_kyles_gate_big_rusty_metal_door_garage_open_heavy_creak_rattle,6.339667
sound,SoundWave,/Game/DARC/Imported/Sounds/S_660224_ominousplayer_keycard_denial.S_660224_ominousplayer_keycard_denial,1.255737
sound,SoundWave,/Game/DARC/Imported/Sounds/S_670107_mikefozzy98_cloth_footstep_6.S_670107_mikefozzy98_cloth_footstep_6,0.212721
sound,SoundWave,/Game/DARC/Imported/Sounds/S_680766_saha213131_breath3.S_680766_saha213131_breath3,3.070839
sound,SoundWave,/Game/DARC/Imported/Sounds/S_688104_inmotionaudio_vehdoor_fordfiesta01_inmotionaudio_freesamplesunday.S_688104_inmotionaudio_vehdoor_fordfiesta01_inmotionaudio_freesamplesunday,0.333333
sound,SoundWave,/Game/DARC/Imported/Sounds/S_690006_matth3wc04_concrete_footstep_2.S_690006_matth3wc04_concrete_footstep_2,0.400583
sound,SoundWave,/Game/DARC/Imported/Sounds/S_695776_lakewoodsound_backup_generator.S_695776_lakewoodsound_backup_generator,97.897018
sound,SoundWave,/Game/DARC/Imported/Sounds/S_702080_mavom22_robot_tile_2b.S_702080_mavom22_robot_tile_2b,0.394739
sound,SoundWave,/Game/DARC/Imported/Sounds/S_703884_lilmati_diamond_click_luxury_ui_click.S_703884_lilmati_diamond_click_luxury_ui_click,0.030875
sound,SoundWave,/Game/DARC/Imported/Sounds/S_706752_xkeril_nightmare_short_sting.S_706752_xkeril_nightmare_short_sting,7.500000
sound,SoundWave,/Game/DARC/Imported/Sounds/S_729203_techspiredminds_footsteps_gravelrockpebbles_88.S_729203_techspiredminds_footsteps_gravelrockpebbles_88,0.453562
sound,SoundWave,/Game/DARC/Imported/Sounds/S_752064_qubodup_creepy_door_closing.S_752064_qubodup_creepy_door_closing,1.055000
sound,SoundWave,/Game/DARC/Imported/Sounds/S_758567_samsterbirdies_electronic_door_locking.S_758567_samsterbirdies_electronic_door_locking,2.497240
sound,SoundWave,/Game/DARC/Imported/Sounds/S_768848_etheraudio_button_confirm.S_768848_etheraudio_button_confirm,0.187208
sound,SoundWave,/Game/DARC/Imported/Sounds/S_772733_jerryberumen_sci_fi_tonal_whoosh_layer_whine.S_772733_jerryberumen_sci_fi_tonal_whoosh_layer_whine,9.017792
sound,SoundWave,/Game/DARC/Imported/Sounds/S_772909_jerryberumen_whoosh_bamboo_swoosh_medium_fast_whine_whoop_tonal.S_772909_jerryberumen_whoosh_bamboo_swoosh_medium_fast_whine_whoop_tonal,22.089489
sound,SoundWave,/Game/DARC/Imported/Sounds/S_778502_blondpanda_cloth_and_shoes_on_concrete_22.S_778502_blondpanda_cloth_and_shoes_on_concrete_22,0.560125
sound,SoundWave,/Game/DARC/Imported/Sounds/S_786096_kuuga66_wood_run_a4.S_786096_kuuga66_wood_run_a4,0.166667
sound,SoundWave,/Game/DARC/Imported/Sounds/S_792930_qubodup_put_down_item.S_792930_qubodup_put_down_item,0.166313
sound,SoundWave,/Game/DARC/Imported/Sounds/S_807211_designerschoice_elecmisc_mcu_electrical_arcs_sparks_zaps_nicholas_judy_tdc.S_807211_designerschoice_elecmisc_mcu_electrical_arcs_sparks_zaps_nicholas_judy_tdc,62.322353
sound,SoundWave,/Game/DARC/Imported/Sounds/S_810754_mokasza_level_up_02.S_810754_mokasza_level_up_02,1.567347
sound,SoundWave,/Game/DARC/Imported/Sounds/S_813653_wavewire_wooddoor_creak_04.S_813653_wavewire_wooddoor_creak_04,1.937506
sound,SoundWave,/Game/DARC/Imported/Sounds/S_816413_atleastrelatively_metal_footstep.S_816413_atleastrelatively_metal_footstep,0.312208
sound,SoundWave,/Game/DARC/Imported/Sounds/S_828423_drdock_printer_2.S_828423_drdock_printer_2,25.344000
sound,SoundWave,/Game/DARC/Imported/Sounds/S_829994_bernhoftbret_space_flight_10.S_829994_bernhoftbret_space_flight_10,120.000000
sound,SoundWave,/Game/DARC/Imported/Sounds/S_832743_evamusik_whisper2.S_832743_evamusik_whisper2,0.750000
sound,SoundWave,/Game/DARC/Imported/Sounds/S_833456_darceyprodanovic_boot_footstep_on_grass_and_leaves.S_833456_darceyprodanovic_boot_footstep_on_grass_and_leaves,0.328277
sound,SoundWave,/Game/DARC/Imported/Sounds/S_836187_mokeymokey_static_2_grittier.S_836187_mokeymokey_static_2_grittier,72.002914
sound,SoundWave,/Game/DARC/Imported/Sounds/S_842176_aardsreal_door_close_free.S_842176_aardsreal_door_close_free,0.691458
sound,SoundWave,/Game/DARC/Imported/Sounds/S_842187_aardsreal_footstep_leaves_2.S_842187_aardsreal_footstep_leaves_2,0.276854
sound,SoundWave,/Game/DARC/Imported/Sounds/S_842187_aardsreal_footstep_leaves_2_1.S_842187_aardsreal_footstep_leaves_2_1,0.276854
sound,SoundWave,/Game/DARC/Imported/Sounds/S_842188_aardsreal_footstep_leaves.S_842188_aardsreal_footstep_leaves,0.479667
sound,SoundWave,/Game/DARC/Imported/Sounds/S_852380_nx31nx13_concrete_footstep_3.S_852380_nx31nx13_concrete_footstep_3,0.428562
sound,SoundWave,/Game/DARC/Imported/Sounds/S_854621_renandosanjos_fs_wet_soil_03.S_854621_renandosanjos_fs_wet_soil_03,0.369388
sound,SoundWave,/Game/DARC/Imported/Sounds/S_860241_gm_isaac_retro_keyboard_keystroke.S_860241_gm_isaac_retro_keyboard_keystroke,0.288000
sound,SoundWave,/Game/DARC/Imported/Sounds/S_865364_valerie_vivegnis_2607.S_865364_valerie_vivegnis_2607,2.000000
sound,SoundWave,/Game/DARC/Imported/Sounds/S_871231_qubodup_short_machine_sound_7_cc0_mix_3.S_871231_qubodup_short_machine_sound_7_cc0_mix_3,2.214646
sound,SoundWave,/Game/DARC/Imported/Sounds/S_872168_bernhoftbret_space_flight_17.S_872168_bernhoftbret_space_flight_17,120.000000
sound,SoundWave,/Game/DARC/Imported/Sounds/S_9904_snoman_grass1.S_9904_snoman_grass1,0.363537
sound,SoundWave,/Game/DARC/Imported/Sounds/S_9906_snoman_grass3.S_9906_snoman_grass3,0.378322
sound,SoundWave,/Game/DARC/Imported/Sounds/S_audiopapkin_closing_large_metal_door_001_326819.S_audiopapkin_closing_large_metal_door_001_326819,5.280000
sound,SoundWave,/Game/DARC/Imported/Sounds/S_dragon_studio_creepy_industrial_sounds_ambience_482892.S_dragon_studio_creepy_industrial_sounds_ambience_482892,415.536011
sound,SoundWave,/Game/DARC/Imported/Sounds/S_dragon_studio_electric_discharge_386160.S_dragon_studio_electric_discharge_386160,1.097143
sound,SoundWave,/Game/DARC/Imported/Sounds/S_freesound_community_033830_fxlm_neon_lights_flicker_bathroomwav_75200.S_freesound_community_033830_fxlm_neon_lights_flicker_bathroomwav_75200,31.032000
sound,SoundWave,/Game/DARC/Imported/Sounds/S_freesound_community_computer_startup_6331.S_freesound_community_computer_startup_6331,76.103996
sound,SoundWave,/Game/DARC/Imported/Sounds/S_freesound_community_industrial_ambience_67112.S_freesound_community_industrial_ambience_67112,28.320000
sound,SoundWave,/Game/DARC/Imported/Sounds/S_freesound_community_power_transformer_waterloo_station_london_2_18174.S_freesound_community_power_transformer_waterloo_station_london_2_18174,298.776001
sound,SoundWave,/Game/DARC/Imported/Sounds/S_freesound_community_quarry_tunnel_ambience_1_large_splash_16983.S_freesound_community_quarry_tunnel_ambience_1_large_splash_16983,173.016006
sound,SoundWave,/Game/DARC/Imported/Sounds/S_mattiamarcelli_keys_turning_535010.S_mattiamarcelli_keys_turning_535010,3.384000
sound,SoundWave,/Game/DARC/Imported/Sounds/S_mr_berrydev_single_keypad_beep_433456.S_mr_berrydev_single_keypad_beep_433456,0.600000
sound,SoundWave,/Game/DARC/Imported/Sounds/S_mr_berrydev_single_keypad_beep_433456_1.S_mr_berrydev_single_keypad_beep_433456_1,0.600000
sound,SoundWave,/Game/DARC/Imported/Sounds/S_ncprime_keyboard_typing_one_short_1_292590.S_ncprime_keyboard_typing_one_short_1_292590,0.626939
sound,SoundWave,/Game/DARC/Imported/Sounds/S_soundshelfstudio_ui_system_access_granted_534603.S_soundshelfstudio_ui_system_access_granted_534603,1.541224
sound,SoundWave,/Game/DARC/Imported/Sounds/S_virtual_vibes_high_voltage_power_423425.S_virtual_vibes_high_voltage_power_423425,16.032000
sound,SoundWave,/Game/Vefects/Free_Fire/Shared/Audio/SFX_FireBig_L.SFX_FireBig_L,9.983765
sound,SoundWave,/Game/Vefects/Free_Fire/Shared/Audio/SFX_FireMedium_L.SFX_FireMedium_L,9.983765
sound,SoundWave,/Game/Vefects/Free_Fire/Shared/Audio/SFX_FireSmall_L.SFX_FireSmall_L,9.983765
